frame,x,y,z,w,active,r,u,v,ch
1,0,1,4,0,0,4,17,17,0x00
1,0,1,5,0,0,4,22,22,0x00
1,0,1,6,0,0,4,17,17,0x00
1,0,2,2,0,0,4,15,15,0x00
1,0,2,3,0,0,4,31,31,0x00
1,0,2,4,0,0,4,53,52,0x00
1,0,2,5,0,0,3,64,0,0x00
1,0,2,6,0,0,4,53,52,0x00
1,0,2,7,0,0,4,31,31,0x00
1,0,2,8,0,0,4,15,15,0x00
1,0,3,2,0,0,4,31,31,0x00
1,0,3,3,0,0,3,73,0,0x00
1,0,3,4,0,0,3,111,0,0x00
1,0,3,5,0,0,3,125,0,0x00
1,0,3,6,0,0,3,111,0,0x00
1,0,3,7,0,0,3,73,0,0x00
1,0,3,8,0,0,4,31,31,0x00
1,0,4,1,0,0,4,17,17,0x00
1,0,4,2,0,0,4,53,52,0x00
1,0,4,3,0,0,3,111,0,0x00
1,0,4,4,0,0,2,183,11,0x00
1,0,4,5,0,0,2,203,11,0x00
1,0,4,6,0,0,2,183,11,0x00
1,0,4,7,0,0,3,111,0,0x00
1,0,4,8,0,0,4,53,52,0x00
1,0,4,9,0,0,4,17,17,0x00
1,0,5,1,0,0,4,22,22,0x00
1,0,5,2,0,0,3,64,0,0x00
1,0,5,3,0,0,3,125,0,0x00
1,0,5,4,0,0,2,203,11,0x00
1,0,5,5,0,0,2,221,10,0x00
1,0,5,6,0,0,2,203,11,0x00
1,0,5,7,0,0,3,125,0,0x00
1,0,5,8,0,0,3,64,0,0x00
1,0,5,9,0,0,4,22,22,0x00
1,0,6,1,0,0,4,17,17,0x00
1,0,6,2,0,0,4,53,52,0x00
1,0,6,3,0,0,3,111,0,0x00
1,0,6,4,0,0,2,183,11,0x00
1,0,6,5,0,0,2,203,11,0x00
1,0,6,6,0,0,2,183,11,0x00
1,0,6,7,0,0,3,111,0,0x00
1,0,6,8,0,0,4,53,52,0x00
1,0,6,9,0,0,4,17,17,0x00
1,0,7,2,0,0,4,31,31,0x00
1,0,7,3,0,0,3,73,0,0x00
1,0,7,4,0,0,3,111,0,0x00
1,0,7,5,0,0,3,125,0,0x00
1,0,7,6,0,0,3,111,0,0x00
1,0,7,7,0,0,3,73,0,0x00
1,0,7,8,0,0,4,31,31,0x00
1,0,8,2,0,0,4,15,15,0x00
1,0,8,3,0,0,4,31,31,0x00
1,0,8,4,0,0,4,53,52,0x00
1,0,8,5,0,0,3,64,0,0x00
1,0,8,6,0,0,4,53,52,0x00
1,0,8,7,0,0,4,31,31,0x00
1,0,8,8,0,0,4,15,15,0x00
1,0,9,4,0,0,4,17,17,0x00
1,0,9,5,0,0,4,22,22,0x00
1,0,9,6,0,0,4,17,17,0x00
1,1,1,3,0,0,4,20,20,0x00
1,1,1,4,0,0,4,32,31,0x00
1,1,1,5,0,0,4,37,36,0x00
1,1,1,6,0,0,4,32,31,0x00
1,1,1,7,0,0,4,20,20,0x00
1,1,2,2,0,0,4,30,30,0x00
1,1,2,3,0,0,3,64,0,0x00
1,1,2,4,0,0,3,94,0,0x00
1,1,2,5,0,0,3,105,0,0x00
1,1,2,6,0,0,3,94,0,0x00
1,1,2,7,0,0,3,64,0,0x00
1,1,2,8,0,0,4,30,30,0x00
1,1,3,1,0,0,4,20,20,0x00
1,1,3,2,0,0,3,64,0,0x00
1,1,3,3,0,0,3,131,1,0x00
1,1,3,4,0,0,2,195,9,0x00
1,1,3,5,0,0,2,217,12,0x00
1,1,3,6,0,0,2,195,9,0x00
1,1,3,7,0,0,3,131,1,0x00
1,1,3,8,0,0,3,64,0,0x00
1,1,3,9,0,0,4,20,20,0x00
1,1,4,1,0,0,4,32,31,0x00
1,1,4,2,0,0,3,94,0,0x00
1,1,4,3,0,0,2,195,9,0x00
1,1,4,4,0,0,1,267,12,0x00
1,1,4,5,0,0,1,287,12,0x00
1,1,4,6,0,0,1,267,12,0x00
1,1,4,7,0,0,2,195,9,0x00
1,1,4,8,0,0,3,94,0,0x00
1,1,4,9,0,0,4,32,31,0x00
1,1,5,1,0,0,4,37,36,0x00
1,1,5,2,0,0,3,105,0,0x00
1,1,5,3,0,0,2,217,12,0x00
1,1,5,4,0,0,1,287,12,0x00
1,1,5,5,0,0,1,309,10,0x00
1,1,5,6,0,0,1,287,12,0x00
1,1,5,7,0,0,2,217,12,0x00
1,1,5,8,0,0,3,105,0,0x00
1,1,5,9,0,0,4,37,36,0x00
1,1,6,1,0,0,4,32,31,0x00
1,1,6,2,0,0,3,94,0,0x00
1,1,6,3,0,0,2,195,9,0x00
1,1,6,4,0,0,1,267,12,0x00
1,1,6,5,0,0,1,287,12,0x00
1,1,6,6,0,0,1,267,12,0x00
1,1,6,7,0,0,2,195,9,0x00
1,1,6,8,0,0,3,94,0,0x00
1,1,6,9,0,0,4,32,31,0x00
1,1,7,1,0,0,4,20,20,0x00
1,1,7,2,0,0,3,64,0,0x00
1,1,7,3,0,0,3,131,1,0x00
1,1,7,4,0,0,2,195,9,0x00
1,1,7,5,0,0,2,217,12,0x00
1,1,7,6,0,0,2,195,9,0x00
1,1,7,7,0,0,3,131,1,0x00
1,1,7,8,0,0,3,64,0,0x00
1,1,7,9,0,0,4,20,20,0x00
1,1,8,2,0,0,4,30,30,0x00
1,1,8,3,0,0,3,64,0,0x00
1,1,8,4,0,0,3,94,0,0x00
1,1,8,5,0,0,3,105,0,0x00
1,1,8,6,0,0,3,94,0,0x00
1,1,8,7,0,0,3,64,0,0x00
1,1,8,8,0,0,4,30,30,0x00
1,1,9,3,0,0,4,20,20,0x00
1,1,9,4,0,0,4,32,31,0x00
1,1,9,5,0,0,4,37,36,0x00
1,1,9,6,0,0,4,32,31,0x00
1,1,9,7,0,0,4,20,20,0x00
1,2,1,3,0,0,4,29,29,0x00
1,2,1,4,0,0,4,42,41,0x00
1,2,1,5,0,0,4,47,46,0x00
1,2,1,6,0,0,4,42,41,0x00
1,2,1,7,0,0,4,29,29,0x00
1,2,2,2,0,0,4,37,36,0x00
1,2,2,3,0,0,3,85,0,0x00
1,2,2,4,0,0,3,117,0,0x00
1,2,2,5,0,0,3,129,0,0x00
1,2,2,6,0,0,3,117,0,0x00
1,2,2,7,0,0,3,85,0,0x00
1,2,2,8,0,0,4,37,36,0x00
1,2,3,1,0,0,4,29,29,0x00
1,2,3,2,0,0,3,85,0,0x00
1,2,3,3,0,0,2,184,12,0x00
1,2,3,4,0,0,2,239,10,0x00
1,2,3,5,0,0,2,259,11,0x00
1,2,3,6,0,0,2,239,10,0x00
1,2,3,7,0,0,2,184,12,0x00
1,2,3,8,0,0,3,85,0,0x00
1,2,3,9,0,0,4,29,29,0x00
1,2,4,1,0,0,4,42,41,0x00
1,2,4,2,0,0,3,117,0,0x00
1,2,4,3,0,0,2,239,10,0x00
1,2,4,4,0,0,1,310,11,0x00
1,2,4,5,0,0,1,331,10,0x00
1,2,4,6,0,0,1,310,11,0x00
1,2,4,7,0,0,2,239,10,0x00
1,2,4,8,0,0,3,117,0,0x00
1,2,4,9,0,0,4,42,41,0x00
1,2,5,1,0,0,4,47,46,0x00
1,2,5,2,0,0,3,129,0,0x00
1,2,5,3,0,0,2,259,11,0x00
1,2,5,4,0,0,1,331,10,0x00
1,2,5,5,0,1,0,359,10,0x00
1,2,5,6,0,0,1,331,10,0x00
1,2,5,7,0,0,2,259,11,0x00
1,2,5,8,0,0,3,129,0,0x00
1,2,5,9,0,0,4,47,46,0x00
1,2,6,1,0,0,4,42,41,0x00
1,2,6,2,0,0,3,117,0,0x00
1,2,6,3,0,0,2,239,10,0x00
1,2,6,4,0,0,1,310,11,0x00
1,2,6,5,0,0,1,331,10,0x00
1,2,6,6,0,0,1,310,11,0x00
1,2,6,7,0,0,2,239,10,0x00
1,2,6,8,0,0,3,117,0,0x00
1,2,6,9,0,0,4,42,41,0x00
1,2,7,1,0,0,4,29,29,0x00
1,2,7,2,0,0,3,85,0,0x00
1,2,7,3,0,0,2,184,12,0x00
1,2,7,4,0,0,2,239,10,0x00
1,2,7,5,0,0,2,259,11,0x00
1,2,7,6,0,0,2,239,10,0x00
1,2,7,7,0,0,2,184,12,0x00
1,2,7,8,0,0,3,85,0,0x00
1,2,7,9,0,0,4,29,29,0x00
1,2,8,2,0,0,4,37,36,0x00
1,2,8,3,0,0,3,85,0,0x00
1,2,8,4,0,0,3,117,0,0x00
1,2,8,5,0,0,3,129,0,0x00
1,2,8,6,0,0,3,117,0,0x00
1,2,8,7,0,0,3,85,0,0x00
1,2,8,8,0,0,4,37,36,0x00
1,2,9,3,0,0,4,29,29,0x00
1,2,9,4,0,0,4,42,41,0x00
1,2,9,5,0,0,4,47,46,0x00
1,2,9,6,0,0,4,42,41,0x00
1,2,9,7,0,0,4,29,29,0x00
1,3,1,3,0,0,4,30,30,0x00
1,3,1,4,0,0,4,43,42,0x00
1,3,1,5,0,0,4,48,47,0x00
1,3,1,6,0,0,4,43,42,0x00
1,3,1,7,0,0,4,30,30,0x00
1,3,2,2,0,0,4,38,37,0x00
1,3,2,3,0,0,3,88,0,0x00
1,3,2,4,0,0,3,120,0,0x00
1,3,2,5,0,0,3,132,0,0x00
1,3,2,6,0,0,3,120,0,0x00
1,3,2,7,0,0,3,88,0,0x00
1,3,2,8,0,0,4,38,37,0x00
1,3,3,1,0,0,4,30,30,0x00
1,3,3,2,0,0,3,88,0,0x00
1,3,3,3,0,0,2,184,11,0x00
1,3,3,4,0,0,2,243,12,0x00
1,3,3,5,0,0,2,265,11,0x00
1,3,3,6,0,0,2,243,12,0x00
1,3,3,7,0,0,2,184,11,0x00
1,3,3,8,0,0,3,88,0,0x00
1,3,3,9,0,0,4,30,30,0x00
1,3,4,1,0,0,4,43,42,0x00
1,3,4,2,0,0,3,120,0,0x00
1,3,4,3,0,0,2,243,12,0x00
1,3,4,4,0,0,1,319,11,0x00
1,3,4,5,0,0,1,336,13,0x00
1,3,4,6,0,0,1,319,11,0x00
1,3,4,7,0,0,2,243,12,0x00
1,3,4,8,0,0,3,120,0,0x00
1,3,4,9,0,0,4,43,42,0x00
1,3,5,1,0,0,4,48,47,0x00
1,3,5,2,0,0,3,132,0,0x00
1,3,5,3,0,0,2,265,11,0x00
1,3,5,4,0,0,1,336,13,0x00
1,3,5,5,0,1,0,357,10,0x00
1,3,5,6,0,0,1,336,13,0x00
1,3,5,7,0,0,2,265,11,0x00
1,3,5,8,0,0,3,132,0,0x00
1,3,5,9,0,0,4,48,47,0x00
1,3,6,1,0,0,4,43,42,0x00
1,3,6,2,0,0,3,120,0,0x00
1,3,6,3,0,0,2,243,12,0x00
1,3,6,4,0,0,1,319,11,0x00
1,3,6,5,0,0,1,336,13,0x00
1,3,6,6,0,0,1,319,11,0x00
1,3,6,7,0,0,2,243,12,0x00
1,3,6,8,0,0,3,120,0,0x00
1,3,6,9,0,0,4,43,42,0x00
1,3,7,1,0,0,4,30,30,0x00
1,3,7,2,0,0,3,88,0,0x00
1,3,7,3,0,0,2,184,11,0x00
1,3,7,4,0,0,2,243,12,0x00
1,3,7,5,0,0,2,265,11,0x00
1,3,7,6,0,0,2,243,12,0x00
1,3,7,7,0,0,2,184,11,0x00
1,3,7,8,0,0,3,88,0,0x00
1,3,7,9,0,0,4,30,30,0x00
1,3,8,2,0,0,4,38,37,0x00
1,3,8,3,0,0,3,88,0,0x00
1,3,8,4,0,0,3,120,0,0x00
1,3,8,5,0,0,3,132,0,0x00
1,3,8,6,0,0,3,120,0,0x00
1,3,8,7,0,0,3,88,0,0x00
1,3,8,8,0,0,4,38,37,0x00
1,3,9,3,0,0,4,30,30,0x00
1,3,9,4,0,0,4,43,42,0x00
1,3,9,5,0,0,4,48,47,0x00
1,3,9,6,0,0,4,43,42,0x00
1,3,9,7,0,0,4,30,30,0x00
1,4,1,3,0,0,4,25,25,0x00
1,4,1,4,0,0,4,36,35,0x00
1,4,1,5,0,0,4,40,39,0x00
1,4,1,6,0,0,4,36,35,0x00
1,4,1,7,0,0,4,25,25,0x00
1,4,2,2,0,0,4,31,31,0x00
1,4,2,3,0,0,3,71,0,0x00
1,4,2,4,0,0,3,102,0,0x00
1,4,2,5,0,0,3,114,0,0x00
1,4,2,6,0,0,3,102,0,0x00
1,4,2,7,0,0,3,71,0,0x00
1,4,2,8,0,0,4,31,31,0x00
1,4,3,1,0,0,4,25,25,0x00
1,4,3,2,0,0,3,71,0,0x00
1,4,3,3,0,0,3,139,0,0x00
1,4,3,4,0,0,2,209,11,0x00
1,4,3,5,0,0,2,231,11,0x00
1,4,3,6,0,0,2,209,11,0x00
1,4,3,7,0,0,3,139,0,0x00
1,4,3,8,0,0,3,71,0,0x00
1,4,3,9,0,0,4,25,25,0x00
1,4,4,1,0,0,4,36,35,0x00
1,4,4,2,0,0,3,102,0,0x00
1,4,4,3,0,0,2,209,11,0x00
1,4,4,4,0,0,1,283,11,0x00
1,4,4,5,0,0,1,303,11,0x00
1,4,4,6,0,0,1,283,11,0x00
1,4,4,7,0,0,2,209,11,0x00
1,4,4,8,0,0,3,102,0,0x00
1,4,4,9,0,0,4,36,35,0x00
1,4,5,1,0,0,4,40,39,0x00
1,4,5,2,0,0,3,114,0,0x00
1,4,5,3,0,0,2,231,11,0x00
1,4,5,4,0,0,1,303,11,0x00
1,4,5,5,0,0,1,330,11,0x00
1,4,5,6,0,0,1,303,11,0x00
1,4,5,7,0,0,2,231,11,0x00
1,4,5,8,0,0,3,114,0,0x00
1,4,5,9,0,0,4,40,39,0x00
1,4,6,1,0,0,4,36,35,0x00
1,4,6,2,0,0,3,102,0,0x00
1,4,6,3,0,0,2,209,11,0x00
1,4,6,4,0,0,1,283,11,0x00
1,4,6,5,0,0,1,303,11,0x00
1,4,6,6,0,0,1,283,11,0x00
1,4,6,7,0,0,2,209,11,0x00
1,4,6,8,0,0,3,102,0,0x00
1,4,6,9,0,0,4,36,35,0x00
1,4,7,1,0,0,4,25,25,0x00
1,4,7,2,0,0,3,71,0,0x00
1,4,7,3,0,0,3,139,0,0x00
1,4,7,4,0,0,2,209,11,0x00
1,4,7,5,0,0,2,231,11,0x00
1,4,7,6,0,0,2,209,11,0x00
1,4,7,7,0,0,3,139,0,0x00
1,4,7,8,0,0,3,71,0,0x00
1,4,7,9,0,0,4,25,25,0x00
1,4,8,2,0,0,4,31,31,0x00
1,4,8,3,0,0,3,71,0,0x00
1,4,8,4,0,0,3,102,0,0x00
1,4,8,5,0,0,3,114,0,0x00
1,4,8,6,0,0,3,102,0,0x00
1,4,8,7,0,0,3,71,0,0x00
1,4,8,8,0,0,4,31,31,0x00
1,4,9,3,0,0,4,25,25,0x00
1,4,9,4,0,0,4,36,35,0x00
1,4,9,5,0,0,4,40,39,0x00
1,4,9,6,0,0,4,36,35,0x00
1,4,9,7,0,0,4,25,25,0x00
1,5,1,3,0,0,4,15,15,0x00
1,5,1,4,0,0,4,24,24,0x00
1,5,1,5,0,0,4,27,27,0x00
1,5,1,6,0,0,4,24,24,0x00
1,5,1,7,0,0,4,15,15,0x00
1,5,2,2,0,0,4,19,19,0x00
1,5,2,3,0,0,4,44,43,0x00
1,5,2,4,0,0,3,68,0,0x00
1,5,2,5,0,0,3,78,0,0x00
1,5,2,6,0,0,3,68,0,0x00
1,5,2,7,0,0,4,44,43,0x00
1,5,2,8,0,0,4,19,19,0x00
1,5,3,1,0,0,4,15,15,0x00
1,5,3,2,0,0,4,44,43,0x00
1,5,3,3,0,0,3,89,0,0x00
1,5,3,4,0,0,3,133,0,0x00
1,5,3,5,0,0,2,164,9,0x00
1,5,3,6,0,0,3,133,0,0x00
1,5,3,7,0,0,3,89,0,0x00
1,5,3,8,0,0,4,44,43,0x00
1,5,3,9,0,0,4,15,15,0x00
1,5,4,1,0,0,4,24,24,0x00
1,5,4,2,0,0,3,68,0,0x00
1,5,4,3,0,0,3,133,0,0x00
1,5,4,4,0,0,2,201,12,0x00
1,5,4,5,0,0,2,225,11,0x00
1,5,4,6,0,0,2,201,12,0x00
1,5,4,7,0,0,3,133,0,0x00
1,5,4,8,0,0,3,68,0,0x00
1,5,4,9,0,0,4,24,24,0x00
1,5,5,1,0,0,4,27,27,0x00
1,5,5,2,0,0,3,78,0,0x00
1,5,5,3,0,0,2,164,9,0x00
1,5,5,4,0,0,2,225,11,0x00
1,5,5,5,0,0,2,248,12,0x00
1,5,5,6,0,0,2,225,11,0x00
1,5,5,7,0,0,2,164,9,0x00
1,5,5,8,0,0,3,78,0,0x00
1,5,5,9,0,0,4,27,27,0x00
1,5,6,1,0,0,4,24,24,0x00
1,5,6,2,0,0,3,68,0,0x00
1,5,6,3,0,0,3,133,0,0x00
1,5,6,4,0,0,2,201,12,0x00
1,5,6,5,0,0,2,225,11,0x00
1,5,6,6,0,0,2,201,12,0x00
1,5,6,7,0,0,3,133,0,0x00
1,5,6,8,0,0,3,68,0,0x00
1,5,6,9,0,0,4,24,24,0x00
1,5,7,1,0,0,4,15,15,0x00
1,5,7,2,0,0,4,44,43,0x00
1,5,7,3,0,0,3,89,0,0x00
1,5,7,4,0,0,3,133,0,0x00
1,5,7,5,0,0,2,164,9,0x00
1,5,7,6,0,0,3,133,0,0x00
1,5,7,7,0,0,3,89,0,0x00
1,5,7,8,0,0,4,44,43,0x00
1,5,7,9,0,0,4,15,15,0x00
1,5,8,2,0,0,4,19,19,0x00
1,5,8,3,0,0,4,44,43,0x00
1,5,8,4,0,0,3,68,0,0x00
1,5,8,5,0,0,3,78,0,0x00
1,5,8,6,0,0,3,68,0,0x00
1,5,8,7,0,0,4,44,43,0x00
1,5,8,8,0,0,4,19,19,0x00
1,5,9,3,0,0,4,15,15,0x00
1,5,9,4,0,0,4,24,24,0x00
1,5,9,5,0,0,4,27,27,0x00
1,5,9,6,0,0,4,24,24,0x00
1,5,9,7,0,0,4,15,15,0x00
1,6,2,3,0,0,4,19,19,0x00
1,6,2,4,0,0,4,31,31,0x00
1,6,2,5,0,0,4,33,32,0x00
1,6,2,6,0,0,4,31,31,0x00
1,6,2,7,0,0,4,19,19,0x00
1,6,3,2,0,0,4,19,19,0x00
1,6,3,3,0,0,4,43,42,0x00
1,6,3,4,0,0,3,67,0,0x00
1,6,3,5,0,0,3,77,0,0x00
1,6,3,6,0,0,3,67,0,0x00
1,6,3,7,0,0,4,43,42,0x00
1,6,3,8,0,0,4,19,19,0x00
1,6,4,2,0,0,4,31,31,0x00
1,6,4,3,0,0,3,67,0,0x00
1,6,4,4,0,0,3,97,0,0x00
1,6,4,5,0,0,3,109,0,0x00
1,6,4,6,0,0,3,97,0,0x00
1,6,4,7,0,0,3,67,0,0x00
1,6,4,8,0,0,4,31,31,0x00
1,6,5,2,0,0,4,33,32,0x00
1,6,5,3,0,0,3,77,0,0x00
1,6,5,4,0,0,3,109,0,0x00
1,6,5,5,0,0,3,120,0,0x00
1,6,5,6,0,0,3,109,0,0x00
1,6,5,7,0,0,3,77,0,0x00
1,6,5,8,0,0,4,33,32,0x00
1,6,6,2,0,0,4,31,31,0x00
1,6,6,3,0,0,3,67,0,0x00
1,6,6,4,0,0,3,97,0,0x00
1,6,6,5,0,0,3,109,0,0x00
1,6,6,6,0,0,3,97,0,0x00
1,6,6,7,0,0,3,67,0,0x00
1,6,6,8,0,0,4,31,31,0x00
1,6,7,2,0,0,4,19,19,0x00
1,6,7,3,0,0,4,43,42,0x00
1,6,7,4,0,0,3,67,0,0x00
1,6,7,5,0,0,3,77,0,0x00
1,6,7,6,0,0,3,67,0,0x00
1,6,7,7,0,0,4,43,42,0x00
1,6,7,8,0,0,4,19,19,0x00
1,6,8,3,0,0,4,19,19,0x00
1,6,8,4,0,0,4,31,31,0x00
1,6,8,5,0,0,4,33,32,0x00
1,6,8,6,0,0,4,31,31,0x00
1,6,8,7,0,0,4,19,19,0x00
1,7,3,3,0,0,4,14,14,0x00
1,7,3,4,0,0,4,23,23,0x00
1,7,3,5,0,0,4,26,26,0x00
1,7,3,6,0,0,4,23,23,0x00
1,7,3,7,0,0,4,14,14,0x00
1,7,4,3,0,0,4,23,23,0x00
1,7,4,4,0,0,4,33,32,0x00
1,7,4,5,0,0,4,37,36,0x00
1,7,4,6,0,0,4,33,32,0x00
1,7,4,7,0,0,4,23,23,0x00
1,7,5,3,0,0,4,26,26,0x00
1,7,5,4,0,0,4,37,36,0x00
1,7,5,5,0,0,4,42,41,0x00
1,7,5,6,0,0,4,37,36,0x00
1,7,5,7,0,0,4,26,26,0x00
1,7,6,3,0,0,4,23,23,0x00
1,7,6,4,0,0,4,33,32,0x00
1,7,6,5,0,0,4,37,36,0x00
1,7,6,6,0,0,4,33,32,0x00
1,7,6,7,0,0,4,23,23,0x00
1,7,7,3,0,0,4,14,14,0x00
1,7,7,4,0,0,4,23,23,0x00
1,7,7,5,0,0,4,26,26,0x00
1,7,7,6,0,0,4,23,23,0x00
1,7,7,7,0,0,4,14,14,0x00
1,9,4,4,0,0,4,22,22,0x00
1,9,4,5,0,0,4,27,27,0x00
1,9,4,6,0,0,4,22,22,0x00
1,9,5,4,0,0,4,27,27,0x00
1,9,5,5,0,0,4,32,31,0x00
1,9,5,6,0,0,4,27,27,0x00
1,9,6,4,0,0,4,22,22,0x00
1,9,6,5,0,0,4,27,27,0x00
1,9,6,6,0,0,4,22,22,0x00
1,10,2,4,0,0,4,20,20,0x00
1,10,2,5,0,0,4,26,26,0x00
1,10,2,6,0,0,4,20,20,0x00
1,10,3,3,0,0,4,27,27,0x00
1,10,3,4,0,0,4,45,44,0x00
1,10,3,5,0,0,4,52,51,0x00
1,10,3,6,0,0,4,45,44,0x00
1,10,3,7,0,0,4,27,27,0x00
1,10,4,2,0,0,4,20,20,0x00
1,10,4,3,0,0,4,45,44,0x00
1,10,4,4,0,0,3,78,0,0x00
1,10,4,5,0,0,3,89,0,0x00
1,10,4,6,0,0,3,78,0,0x00
1,10,4,7,0,0,4,45,44,0x00
1,10,4,8,0,0,4,20,20,0x00
1,10,5,2,0,0,4,26,26,0x00
1,10,5,3,0,0,4,52,51,0x00
1,10,5,4,0,0,3,89,0,0x00
1,10,5,5,0,0,3,101,0,0x00
1,10,5,6,0,0,3,89,0,0x00
1,10,5,7,0,0,4,52,51,0x00
1,10,5,8,0,0,4,26,26,0x00
1,10,6,2,0,0,4,20,20,0x00
1,10,6,3,0,0,4,45,44,0x00
1,10,6,4,0,0,3,78,0,0x00
1,10,6,5,0,0,3,89,0,0x00
1,10,6,6,0,0,3,78,0,0x00
1,10,6,7,0,0,4,45,44,0x00
1,10,6,8,0,0,4,20,20,0x00
1,10,7,3,0,0,4,27,27,0x00
1,10,7,4,0,0,4,45,44,0x00
1,10,7,5,0,0,4,52,51,0x00
1,10,7,6,0,0,4,45,44,0x00
1,10,7,7,0,0,4,27,27,0x00
1,10,8,4,0,0,4,20,20,0x00
1,10,8,5,0,0,4,26,26,0x00
1,10,8,6,0,0,4,20,20,0x00
1,0,2,4,1,0,4,20,20,0x19
1,0,2,5,1,0,4,26,26,0x19
1,0,2,6,1,0,4,20,20,0x19
1,0,3,3,1,0,4,27,27,0x19
1,0,3,4,1,0,4,45,44,0x19
1,0,3,5,1,0,4,52,51,0x19
1,0,3,6,1,0,4,45,44,0x19
1,0,3,7,1,0,4,27,27,0x19
1,0,4,2,1,0,4,20,20,0x19
1,0,4,3,1,0,4,45,44,0x19
1,0,4,4,1,0,3,78,0,0x19
1,0,4,5,1,0,3,89,0,0x19
1,0,4,6,1,0,3,78,0,0x19
1,0,4,7,1,0,4,45,44,0x19
1,0,4,8,1,0,4,20,20,0x19
1,0,5,2,1,0,4,26,26,0x19
1,0,5,3,1,0,4,52,51,0x19
1,0,5,4,1,0,3,89,0,0x19
1,0,5,5,1,0,3,101,0,0x19
1,0,5,6,1,0,3,89,0,0x19
1,0,5,7,1,0,4,52,51,0x19
1,0,5,8,1,0,4,26,26,0x19
1,0,6,2,1,0,4,20,20,0x19
1,0,6,3,1,0,4,45,44,0x19
1,0,6,4,1,0,3,78,0,0x19
1,0,6,5,1,0,3,89,0,0x19
1,0,6,6,1,0,3,78,0,0x19
1,0,6,7,1,0,4,45,44,0x19
1,0,6,8,1,0,4,20,20,0x19
1,0,7,3,1,0,4,27,27,0x19
1,0,7,4,1,0,4,45,44,0x19
1,0,7,5,1,0,4,52,51,0x19
1,0,7,6,1,0,4,45,44,0x19
1,0,7,7,1,0,4,27,27,0x19
1,0,8,4,1,0,4,20,20,0x19
1,0,8,5,1,0,4,26,26,0x19
1,0,8,6,1,0,4,20,20,0x19
1,1,4,4,1,0,4,22,22,0x19
1,1,4,5,1,0,4,27,27,0x19
1,1,4,6,1,0,4,22,22,0x19
1,1,5,4,1,0,4,27,27,0x19
1,1,5,5,1,0,4,32,31,0x19
1,1,5,6,1,0,4,27,27,0x19
1,1,6,4,1,0,4,22,22,0x19
1,1,6,5,1,0,4,27,27,0x19
1,1,6,6,1,0,4,22,22,0x19
1,3,3,3,1,0,4,14,14,0x19
1,3,3,4,1,0,4,23,23,0x19
1,3,3,5,1,0,4,26,26,0x19
1,3,3,6,1,0,4,23,23,0x19
1,3,3,7,1,0,4,14,14,0x19
1,3,4,3,1,0,4,23,23,0x19
1,3,4,4,1,0,4,33,32,0x19
1,3,4,5,1,0,4,37,36,0x19
1,3,4,6,1,0,4,33,32,0x19
1,3,4,7,1,0,4,23,23,0x19
1,3,5,3,1,0,4,26,26,0x19
1,3,5,4,1,0,4,37,36,0x19
1,3,5,5,1,0,4,42,41,0x19
1,3,5,6,1,0,4,37,36,0x19
1,3,5,7,1,0,4,26,26,0x19
1,3,6,3,1,0,4,23,23,0x19
1,3,6,4,1,0,4,33,32,0x19
1,3,6,5,1,0,4,37,36,0x19
1,3,6,6,1,0,4,33,32,0x19
1,3,6,7,1,0,4,23,23,0x19
1,3,7,3,1,0,4,14,14,0x19
1,3,7,4,1,0,4,23,23,0x19
1,3,7,5,1,0,4,26,26,0x19
1,3,7,6,1,0,4,23,23,0x19
1,3,7,7,1,0,4,14,14,0x19
1,4,2,3,1,0,4,19,19,0x19
1,4,2,4,1,0,4,31,31,0x19
1,4,2,5,1,0,4,33,32,0x19
1,4,2,6,1,0,4,31,31,0x19
1,4,2,7,1,0,4,19,19,0x19
1,4,3,2,1,0,4,19,19,0x19
1,4,3,3,1,0,4,43,42,0x19
1,4,3,4,1,0,3,67,0,0x19
1,4,3,5,1,0,3,77,0,0x19
1,4,3,6,1,0,3,67,0,0x19
1,4,3,7,1,0,4,43,42,0x19
1,4,3,8,1,0,4,19,19,0x19
1,4,4,2,1,0,4,31,31,0x19
1,4,4,3,1,0,3,67,0,0x19
1,4,4,4,1,0,3,97,0,0x19
1,4,4,5,1,0,3,109,0,0x19
1,4,4,6,1,0,3,97,0,0x19
1,4,4,7,1,0,3,67,0,0x19
1,4,4,8,1,0,4,31,31,0x19
1,4,5,2,1,0,4,33,32,0x19
1,4,5,3,1,0,3,77,0,0x19
1,4,5,4,1,0,3,109,0,0x19
1,4,5,5,1,0,3,120,0,0x19
1,4,5,6,1,0,3,109,0,0x19
1,4,5,7,1,0,3,77,0,0x19
1,4,5,8,1,0,4,33,32,0x19
1,4,6,2,1,0,4,31,31,0x19
1,4,6,3,1,0,3,67,0,0x19
1,4,6,4,1,0,3,97,0,0x19
1,4,6,5,1,0,3,109,0,0x19
1,4,6,6,1,0,3,97,0,0x19
1,4,6,7,1,0,3,67,0,0x19
1,4,6,8,1,0,4,31,31,0x19
1,4,7,2,1,0,4,19,19,0x19
1,4,7,3,1,0,4,43,42,0x19
1,4,7,4,1,0,3,67,0,0x19
1,4,7,5,1,0,3,77,0,0x19
1,4,7,6,1,0,3,67,0,0x19
1,4,7,7,1,0,4,43,42,0x19
1,4,7,8,1,0,4,19,19,0x19
1,4,8,3,1,0,4,19,19,0x19
1,4,8,4,1,0,4,31,31,0x19
1,4,8,5,1,0,4,33,32,0x19
1,4,8,6,1,0,4,31,31,0x19
1,4,8,7,1,0,4,19,19,0x19
1,5,1,3,1,0,4,15,15,0x19
1,5,1,4,1,0,4,24,24,0x19
1,5,1,5,1,0,4,27,27,0x19
1,5,1,6,1,0,4,24,24,0x19
1,5,1,7,1,0,4,15,15,0x19
1,5,2,2,1,0,4,19,19,0x19
1,5,2,3,1,0,4,44,43,0x19
1,5,2,4,1,0,3,68,0,0x19
1,5,2,5,1,0,3,78,0,0x19
1,5,2,6,1,0,3,68,0,0x19
1,5,2,7,1,0,4,44,43,0x19
1,5,2,8,1,0,4,19,19,0x19
1,5,3,1,1,0,4,15,15,0x19
1,5,3,2,1,0,4,44,43,0x19
1,5,3,3,1,0,3,89,0,0x19
1,5,3,4,1,0,3,133,0,0x19
1,5,3,5,1,0,2,164,9,0x19
1,5,3,6,1,0,3,133,0,0x19
1,5,3,7,1,0,3,89,0,0x19
1,5,3,8,1,0,4,44,43,0x19
1,5,3,9,1,0,4,15,15,0x19
1,5,4,1,1,0,4,24,24,0x19
1,5,4,2,1,0,3,68,0,0x19
1,5,4,3,1,0,3,133,0,0x19
1,5,4,4,1,0,2,201,12,0x19
1,5,4,5,1,0,2,225,11,0x19
1,5,4,6,1,0,2,201,12,0x19
1,5,4,7,1,0,3,133,0,0x19
1,5,4,8,1,0,3,68,0,0x19
1,5,4,9,1,0,4,24,24,0x19
1,5,5,1,1,0,4,27,27,0x19
1,5,5,2,1,0,3,78,0,0x19
1,5,5,3,1,0,2,164,9,0x19
1,5,5,4,1,0,2,225,11,0x19
1,5,5,5,1,0,2,248,12,0x19
1,5,5,6,1,0,2,225,11,0x19
1,5,5,7,1,0,2,164,9,0x19
1,5,5,8,1,0,3,78,0,0x19
1,5,5,9,1,0,4,27,27,0x19
1,5,6,1,1,0,4,24,24,0x19
1,5,6,2,1,0,3,68,0,0x19
1,5,6,3,1,0,3,133,0,0x19
1,5,6,4,1,0,2,201,12,0x19
1,5,6,5,1,0,2,225,11,0x19
1,5,6,6,1,0,2,201,12,0x19
1,5,6,7,1,0,3,133,0,0x19
1,5,6,8,1,0,3,68,0,0x19
1,5,6,9,1,0,4,24,24,0x19
1,5,7,1,1,0,4,15,15,0x19
1,5,7,2,1,0,4,44,43,0x19
1,5,7,3,1,0,3,89,0,0x19
1,5,7,4,1,0,3,133,0,0x19
1,5,7,5,1,0,2,164,9,0x19
1,5,7,6,1,0,3,133,0,0x19
1,5,7,7,1,0,3,89,0,0x19
1,5,7,8,1,0,4,44,43,0x19
1,5,7,9,1,0,4,15,15,0x19
1,5,8,2,1,0,4,19,19,0x19
1,5,8,3,1,0,4,44,43,0x19
1,5,8,4,1,0,3,68,0,0x19
1,5,8,5,1,0,3,78,0,0x19
1,5,8,6,1,0,3,68,0,0x19
1,5,8,7,1,0,4,44,43,0x19
1,5,8,8,1,0,4,19,19,0x19
1,5,9,3,1,0,4,15,15,0x19
1,5,9,4,1,0,4,24,24,0x19
1,5,9,5,1,0,4,27,27,0x19
1,5,9,6,1,0,4,24,24,0x19
1,5,9,7,1,0,4,15,15,0x19
1,6,1,3,1,0,4,25,25,0x19
1,6,1,4,1,0,4,36,35,0x19
1,6,1,5,1,0,4,40,39,0x19
1,6,1,6,1,0,4,36,35,0x19
1,6,1,7,1,0,4,25,25,0x19
1,6,2,2,1,0,4,31,31,0x19
1,6,2,3,1,0,3,71,0,0x19
1,6,2,4,1,0,3,102,0,0x19
1,6,2,5,1,0,3,114,0,0x19
1,6,2,6,1,0,3,102,0,0x19
1,6,2,7,1,0,3,71,0,0x19
1,6,2,8,1,0,4,31,31,0x19
1,6,3,1,1,0,4,25,25,0x19
1,6,3,2,1,0,3,71,0,0x19
1,6,3,3,1,0,3,139,0,0x19
1,6,3,4,1,0,2,209,11,0x19
1,6,3,5,1,0,2,231,11,0x19
1,6,3,6,1,0,2,209,11,0x19
1,6,3,7,1,0,3,139,0,0x19
1,6,3,8,1,0,3,71,0,0x19
1,6,3,9,1,0,4,25,25,0x19
1,6,4,1,1,0,4,36,35,0x19
1,6,4,2,1,0,3,102,0,0x19
1,6,4,3,1,0,2,209,11,0x19
1,6,4,4,1,0,1,283,11,0x19
1,6,4,5,1,0,1,303,11,0x19
1,6,4,6,1,0,1,283,11,0x19
1,6,4,7,1,0,2,209,11,0x19
1,6,4,8,1,0,3,102,0,0x19
1,6,4,9,1,0,4,36,35,0x19
1,6,5,1,1,0,4,40,39,0x19
1,6,5,2,1,0,3,114,0,0x19
1,6,5,3,1,0,2,231,11,0x19
1,6,5,4,1,0,1,303,11,0x19
1,6,5,5,1,0,1,330,11,0x19
1,6,5,6,1,0,1,303,11,0x19
1,6,5,7,1,0,2,231,11,0x19
1,6,5,8,1,0,3,114,0,0x19
1,6,5,9,1,0,4,40,39,0x19
1,6,6,1,1,0,4,36,35,0x19
1,6,6,2,1,0,3,102,0,0x19
1,6,6,3,1,0,2,209,11,0x19
1,6,6,4,1,0,1,283,11,0x19
1,6,6,5,1,0,1,303,11,0x19
1,6,6,6,1,0,1,283,11,0x19
1,6,6,7,1,0,2,209,11,0x19
1,6,6,8,1,0,3,102,0,0x19
1,6,6,9,1,0,4,36,35,0x19
1,6,7,1,1,0,4,25,25,0x19
1,6,7,2,1,0,3,71,0,0x19
1,6,7,3,1,0,3,139,0,0x19
1,6,7,4,1,0,2,209,11,0x19
1,6,7,5,1,0,2,231,11,0x19
1,6,7,6,1,0,2,209,11,0x19
1,6,7,7,1,0,3,139,0,0x19
1,6,7,8,1,0,3,71,0,0x19
1,6,7,9,1,0,4,25,25,0x19
1,6,8,2,1,0,4,31,31,0x19
1,6,8,3,1,0,3,71,0,0x19
1,6,8,4,1,0,3,102,0,0x19
1,6,8,5,1,0,3,114,0,0x19
1,6,8,6,1,0,3,102,0,0x19
1,6,8,7,1,0,3,71,0,0x19
1,6,8,8,1,0,4,31,31,0x19
1,6,9,3,1,0,4,25,25,0x19
1,6,9,4,1,0,4,36,35,0x19
1,6,9,5,1,0,4,40,39,0x19
1,6,9,6,1,0,4,36,35,0x19
1,6,9,7,1,0,4,25,25,0x19
1,7,1,3,1,0,4,30,30,0x19
1,7,1,4,1,0,4,43,42,0x19
1,7,1,5,1,0,4,48,47,0x19
1,7,1,6,1,0,4,43,42,0x19
1,7,1,7,1,0,4,30,30,0x19
1,7,2,2,1,0,4,38,37,0x19
1,7,2,3,1,0,3,88,0,0x19
1,7,2,4,1,0,3,120,0,0x19
1,7,2,5,1,0,3,132,0,0x19
1,7,2,6,1,0,3,120,0,0x19
1,7,2,7,1,0,3,88,0,0x19
1,7,2,8,1,0,4,38,37,0x19
1,7,3,1,1,0,4,30,30,0x19
1,7,3,2,1,0,3,88,0,0x19
1,7,3,3,1,0,2,184,11,0x19
1,7,3,4,1,0,2,243,12,0x19
1,7,3,5,1,0,2,265,11,0x19
1,7,3,6,1,0,2,243,12,0x19
1,7,3,7,1,0,2,184,11,0x19
1,7,3,8,1,0,3,88,0,0x19
1,7,3,9,1,0,4,30,30,0x19
1,7,4,1,1,0,4,43,42,0x19
1,7,4,2,1,0,3,120,0,0x19
1,7,4,3,1,0,2,243,12,0x19
1,7,4,4,1,0,1,319,11,0x19
1,7,4,5,1,0,1,336,13,0x19
1,7,4,6,1,0,1,319,11,0x19
1,7,4,7,1,0,2,243,12,0x19
1,7,4,8,1,0,3,120,0,0x19
1,7,4,9,1,0,4,43,42,0x19
1,7,5,1,1,0,4,48,47,0x19
1,7,5,2,1,0,3,132,0,0x19
1,7,5,3,1,0,2,265,11,0x19
1,7,5,4,1,0,1,336,13,0x19
1,7,5,5,1,1,0,357,10,0x19
1,7,5,6,1,0,1,336,13,0x19
1,7,5,7,1,0,2,265,11,0x19
1,7,5,8,1,0,3,132,0,0x19
1,7,5,9,1,0,4,48,47,0x19
1,7,6,1,1,0,4,43,42,0x19
1,7,6,2,1,0,3,120,0,0x19
1,7,6,3,1,0,2,243,12,0x19
1,7,6,4,1,0,1,319,11,0x19
1,7,6,5,1,0,1,336,13,0x19
1,7,6,6,1,0,1,319,11,0x19
1,7,6,7,1,0,2,243,12,0x19
1,7,6,8,1,0,3,120,0,0x19
1,7,6,9,1,0,4,43,42,0x19
1,7,7,1,1,0,4,30,30,0x19
1,7,7,2,1,0,3,88,0,0x19
1,7,7,3,1,0,2,184,11,0x19
1,7,7,4,1,0,2,243,12,0x19
1,7,7,5,1,0,2,265,11,0x19
1,7,7,6,1,0,2,243,12,0x19
1,7,7,7,1,0,2,184,11,0x19
1,7,7,8,1,0,3,88,0,0x19
1,7,7,9,1,0,4,30,30,0x19
1,7,8,2,1,0,4,38,37,0x19
1,7,8,3,1,0,3,88,0,0x19
1,7,8,4,1,0,3,120,0,0x19
1,7,8,5,1,0,3,132,0,0x19
1,7,8,6,1,0,3,120,0,0x19
1,7,8,7,1,0,3,88,0,0x19
1,7,8,8,1,0,4,38,37,0x19
1,7,9,3,1,0,4,30,30,0x19
1,7,9,4,1,0,4,43,42,0x19
1,7,9,5,1,0,4,48,47,0x19
1,7,9,6,1,0,4,43,42,0x19
1,7,9,7,1,0,4,30,30,0x19
1,8,1,3,1,0,4,29,29,0x19
1,8,1,4,1,0,4,42,41,0x19
1,8,1,5,1,0,4,47,46,0x19
1,8,1,6,1,0,4,42,41,0x19
1,8,1,7,1,0,4,29,29,0x19
1,8,2,2,1,0,4,37,36,0x19
1,8,2,3,1,0,3,85,0,0x19
1,8,2,4,1,0,3,117,0,0x19
1,8,2,5,1,0,3,129,0,0x19
1,8,2,6,1,0,3,117,0,0x19
1,8,2,7,1,0,3,85,0,0x19
1,8,2,8,1,0,4,37,36,0x19
1,8,3,1,1,0,4,29,29,0x19
1,8,3,2,1,0,3,85,0,0x19
1,8,3,3,1,0,2,184,12,0x19
1,8,3,4,1,0,2,239,10,0x19
1,8,3,5,1,0,2,259,11,0x19
1,8,3,6,1,0,2,239,10,0x19
1,8,3,7,1,0,2,184,12,0x19
1,8,3,8,1,0,3,85,0,0x19
1,8,3,9,1,0,4,29,29,0x19
1,8,4,1,1,0,4,42,41,0x19
1,8,4,2,1,0,3,117,0,0x19
1,8,4,3,1,0,2,239,10,0x19
1,8,4,4,1,0,1,310,11,0x19
1,8,4,5,1,0,1,331,10,0x19
1,8,4,6,1,0,1,310,11,0x19
1,8,4,7,1,0,2,239,10,0x19
1,8,4,8,1,0,3,117,0,0x19
1,8,4,9,1,0,4,42,41,0x19
1,8,5,1,1,0,4,47,46,0x19
1,8,5,2,1,0,3,129,0,0x19
1,8,5,3,1,0,2,259,11,0x19
1,8,5,4,1,0,1,331,10,0x19
1,8,5,5,1,1,0,359,10,0x3F
1,8,5,6,1,0,1,331,10,0x19
1,8,5,7,1,0,2,259,11,0x19
1,8,5,8,1,0,3,129,0,0x19
1,8,5,9,1,0,4,47,46,0x19
1,8,6,1,1,0,4,42,41,0x19
1,8,6,2,1,0,3,117,0,0x19
1,8,6,3,1,0,2,239,10,0x19
1,8,6,4,1,0,1,310,11,0x19
1,8,6,5,1,0,1,331,10,0x19
1,8,6,6,1,0,1,310,11,0x19
1,8,6,7,1,0,2,239,10,0x19
1,8,6,8,1,0,3,117,0,0x19
1,8,6,9,1,0,4,42,41,0x19
1,8,7,1,1,0,4,29,29,0x19
1,8,7,2,1,0,3,85,0,0x19
1,8,7,3,1,0,2,184,12,0x19
1,8,7,4,1,0,2,239,10,0x19
1,8,7,5,1,0,2,259,11,0x19
1,8,7,6,1,0,2,239,10,0x19
1,8,7,7,1,0,2,184,12,0x19
1,8,7,8,1,0,3,85,0,0x19
1,8,7,9,1,0,4,29,29,0x19
1,8,8,2,1,0,4,37,36,0x19
1,8,8,3,1,0,3,85,0,0x19
1,8,8,4,1,0,3,117,0,0x19
1,8,8,5,1,0,3,129,0,0x19
1,8,8,6,1,0,3,117,0,0x19
1,8,8,7,1,0,3,85,0,0x19
1,8,8,8,1,0,4,37,36,0x19
1,8,9,3,1,0,4,29,29,0x19
1,8,9,4,1,0,4,42,41,0x19
1,8,9,5,1,0,4,47,46,0x19
1,8,9,6,1,0,4,42,41,0x19
1,8,9,7,1,0,4,29,29,0x19
1,9,1,3,1,0,4,20,20,0x19
1,9,1,4,1,0,4,32,31,0x19
1,9,1,5,1,0,4,37,36,0x19
1,9,1,6,1,0,4,32,31,0x19
1,9,1,7,1,0,4,20,20,0x19
1,9,2,2,1,0,4,30,30,0x19
1,9,2,3,1,0,3,64,0,0x19
1,9,2,4,1,0,3,94,0,0x19
1,9,2,5,1,0,3,105,0,0x19
1,9,2,6,1,0,3,94,0,0x19
1,9,2,7,1,0,3,64,0,0x19
1,9,2,8,1,0,4,30,30,0x19
1,9,3,1,1,0,4,20,20,0x19
1,9,3,2,1,0,3,64,0,0x19
1,9,3,3,1,0,3,131,1,0x19
1,9,3,4,1,0,2,195,9,0x19
1,9,3,5,1,0,2,217,12,0x19
1,9,3,6,1,0,2,195,9,0x19
1,9,3,7,1,0,3,131,1,0x19
1,9,3,8,1,0,3,64,0,0x19
1,9,3,9,1,0,4,20,20,0x19
1,9,4,1,1,0,4,32,31,0x19
1,9,4,2,1,0,3,94,0,0x19
1,9,4,3,1,0,2,195,9,0x19
1,9,4,4,1,0,1,267,12,0x19
1,9,4,5,1,0,1,287,12,0x19
1,9,4,6,1,0,1,267,12,0x19
1,9,4,7,1,0,2,195,9,0x19
1,9,4,8,1,0,3,94,0,0x19
1,9,4,9,1,0,4,32,31,0x19
1,9,5,1,1,0,4,37,36,0x19
1,9,5,2,1,0,3,105,0,0x19
1,9,5,3,1,0,2,217,12,0x19
1,9,5,4,1,0,1,287,12,0x19
1,9,5,5,1,0,1,309,10,0x19
1,9,5,6,1,0,1,287,12,0x19
1,9,5,7,1,0,2,217,12,0x19
1,9,5,8,1,0,3,105,0,0x19
1,9,5,9,1,0,4,37,36,0x19
1,9,6,1,1,0,4,32,31,0x19
1,9,6,2,1,0,3,94,0,0x19
1,9,6,3,1,0,2,195,9,0x19
1,9,6,4,1,0,1,267,12,0x19
1,9,6,5,1,0,1,287,12,0x19
1,9,6,6,1,0,1,267,12,0x19
1,9,6,7,1,0,2,195,9,0x19
1,9,6,8,1,0,3,94,0,0x19
1,9,6,9,1,0,4,32,31,0x19
1,9,7,1,1,0,4,20,20,0x19
1,9,7,2,1,0,3,64,0,0x19
1,9,7,3,1,0,3,131,1,0x19
1,9,7,4,1,0,2,195,9,0x19
1,9,7,5,1,0,2,217,12,0x19
1,9,7,6,1,0,2,195,9,0x19
1,9,7,7,1,0,3,131,1,0x19
1,9,7,8,1,0,3,64,0,0x19
1,9,7,9,1,0,4,20,20,0x19
1,9,8,2,1,0,4,30,30,0x19
1,9,8,3,1,0,3,64,0,0x19
1,9,8,4,1,0,3,94,0,0x19
1,9,8,5,1,0,3,105,0,0x19
1,9,8,6,1,0,3,94,0,0x19
1,9,8,7,1,0,3,64,0,0x19
1,9,8,8,1,0,4,30,30,0x19
1,9,9,3,1,0,4,20,20,0x19
1,9,9,4,1,0,4,32,31,0x19
1,9,9,5,1,0,4,37,36,0x19
1,9,9,6,1,0,4,32,31,0x19
1,9,9,7,1,0,4,20,20,0x19
1,10,1,4,1,0,4,17,17,0x19
1,10,1,5,1,0,4,22,22,0x19
1,10,1,6,1,0,4,17,17,0x19
1,10,2,2,1,0,4,15,15,0x19
1,10,2,3,1,0,4,31,31,0x19
1,10,2,4,1,0,4,53,52,0x19
1,10,2,5,1,0,3,64,0,0x19
1,10,2,6,1,0,4,53,52,0x19
1,10,2,7,1,0,4,31,31,0x19
1,10,2,8,1,0,4,15,15,0x19
1,10,3,2,1,0,4,31,31,0x19
1,10,3,3,1,0,3,73,0,0x19
1,10,3,4,1,0,3,111,0,0x19
1,10,3,5,1,0,3,125,0,0x19
1,10,3,6,1,0,3,111,0,0x19
1,10,3,7,1,0,3,73,0,0x19
1,10,3,8,1,0,4,31,31,0x19
1,10,4,1,1,0,4,17,17,0x19
1,10,4,2,1,0,4,53,52,0x19
1,10,4,3,1,0,3,111,0,0x19
1,10,4,4,1,0,2,183,11,0x19
1,10,4,5,1,0,2,203,11,0x19
1,10,4,6,1,0,2,183,11,0x19
1,10,4,7,1,0,3,111,0,0x19
1,10,4,8,1,0,4,53,52,0x19
1,10,4,9,1,0,4,17,17,0x19
1,10,5,1,1,0,4,22,22,0x19
1,10,5,2,1,0,3,64,0,0x19
1,10,5,3,1,0,3,125,0,0x19
1,10,5,4,1,0,2,203,11,0x19
1,10,5,5,1,0,2,221,10,0x19
1,10,5,6,1,0,2,203,11,0x19
1,10,5,7,1,0,3,125,0,0x19
1,10,5,8,1,0,3,64,0,0x19
1,10,5,9,1,0,4,22,22,0x19
1,10,6,1,1,0,4,17,17,0x19
1,10,6,2,1,0,4,53,52,0x19
1,10,6,3,1,0,3,111,0,0x19
1,10,6,4,1,0,2,183,11,0x19
1,10,6,5,1,0,2,203,11,0x19
1,10,6,6,1,0,2,183,11,0x19
1,10,6,7,1,0,3,111,0,0x19
1,10,6,8,1,0,4,53,52,0x19
1,10,6,9,1,0,4,17,17,0x19
1,10,7,2,1,0,4,31,31,0x19
1,10,7,3,1,0,3,73,0,0x19
1,10,7,4,1,0,3,111,0,0x19
1,10,7,5,1,0,3,125,0,0x19
1,10,7,6,1,0,3,111,0,0x19
1,10,7,7,1,0,3,73,0,0x19
1,10,7,8,1,0,4,31,31,0x19
1,10,8,2,1,0,4,15,15,0x19
1,10,8,3,1,0,4,31,31,0x19
1,10,8,4,1,0,4,53,52,0x19
1,10,8,5,1,0,3,64,0,0x19
1,10,8,6,1,0,4,53,52,0x19
1,10,8,7,1,0,4,31,31,0x19
1,10,8,8,1,0,4,15,15,0x19
1,10,9,4,1,0,4,17,17,0x19
1,10,9,5,1,0,4,22,22,0x19
1,10,9,6,1,0,4,17,17,0x19
2,0,1,4,0,0,4,17,17,0x00
2,0,1,5,0,0,4,22,22,0x00
2,0,1,6,0,0,4,17,17,0x00
2,0,2,2,0,0,4,15,15,0x00
2,0,2,3,0,0,4,31,31,0x00
2,0,2,4,0,0,4,53,52,0x00
2,0,2,5,0,0,3,63,0,0x00
2,0,2,6,0,0,4,53,52,0x00
2,0,2,7,0,0,4,31,31,0x00
2,0,2,8,0,0,4,15,15,0x00
2,0,3,2,0,0,4,31,31,0x00
2,0,3,3,0,0,3,73,0,0x00
2,0,3,4,0,0,3,111,0,0x00
2,0,3,5,0,0,3,125,0,0x00
2,0,3,6,0,0,3,111,0,0x00
2,0,3,7,0,0,3,73,0,0x00
2,0,3,8,0,0,4,31,31,0x00
2,0,4,1,0,0,4,17,17,0x00
2,0,4,2,0,0,4,53,52,0x00
2,0,4,3,0,0,3,111,0,0x00
2,0,4,4,0,0,2,181,13,0x00
2,0,4,5,0,0,2,202,11,0x00
2,0,4,6,0,0,2,181,13,0x00
2,0,4,7,0,0,3,111,0,0x00
2,0,4,8,0,0,4,53,52,0x00
2,0,4,9,0,0,4,17,17,0x00
2,0,5,1,0,0,4,22,22,0x00
2,0,5,2,0,0,3,63,0,0x00
2,0,5,3,0,0,3,125,0,0x00
2,0,5,4,0,0,2,202,11,0x00
2,0,5,5,0,0,2,221,11,0x00
2,0,5,6,0,0,2,202,11,0x00
2,0,5,7,0,0,3,125,0,0x00
2,0,5,8,0,0,3,63,0,0x00
2,0,5,9,0,0,4,22,22,0x00
2,0,6,1,0,0,4,17,17,0x00
2,0,6,2,0,0,4,53,52,0x00
2,0,6,3,0,0,3,111,0,0x00
2,0,6,4,0,0,2,181,13,0x00
2,0,6,5,0,0,2,202,11,0x00
2,0,6,6,0,0,2,181,13,0x00
2,0,6,7,0,0,3,111,0,0x00
2,0,6,8,0,0,4,53,52,0x00
2,0,6,9,0,0,4,17,17,0x00
2,0,7,2,0,0,4,31,31,0x00
2,0,7,3,0,0,3,73,0,0x00
2,0,7,4,0,0,3,111,0,0x00
2,0,7,5,0,0,3,125,0,0x00
2,0,7,6,0,0,3,111,0,0x00
2,0,7,7,0,0,3,73,0,0x00
2,0,7,8,0,0,4,31,31,0x00
2,0,8,2,0,0,4,15,15,0x00
2,0,8,3,0,0,4,31,31,0x00
2,0,8,4,0,0,4,53,52,0x00
2,0,8,5,0,0,3,63,0,0x00
2,0,8,6,0,0,4,53,52,0x00
2,0,8,7,0,0,4,31,31,0x00
2,0,8,8,0,0,4,15,15,0x00
2,0,9,4,0,0,4,17,17,0x00
2,0,9,5,0,0,4,22,22,0x00
2,0,9,6,0,0,4,17,17,0x00
2,1,1,3,0,0,4,20,20,0x00
2,1,1,4,0,0,4,31,31,0x00
2,1,1,5,0,0,4,36,35,0x00
2,1,1,6,0,0,4,31,31,0x00
2,1,1,7,0,0,4,20,20,0x00
2,1,2,2,0,0,4,29,29,0x00
2,1,2,3,0,0,3,63,0,0x00
2,1,2,4,0,0,3,93,0,0x00
2,1,2,5,0,0,3,103,0,0x00
2,1,2,6,0,0,3,93,0,0x00
2,1,2,7,0,0,3,63,0,0x00
2,1,2,8,0,0,4,29,29,0x00
2,1,3,1,0,0,4,20,20,0x00
2,1,3,2,0,0,3,63,0,0x00
2,1,3,3,0,0,3,129,0,0x00
2,1,3,4,0,0,2,194,11,0x00
2,1,3,5,0,0,2,212,10,0x00
2,1,3,6,0,0,2,194,11,0x00
2,1,3,7,0,0,3,129,0,0x00
2,1,3,8,0,0,3,63,0,0x00
2,1,3,9,0,0,4,20,20,0x00
2,1,4,1,0,0,4,31,31,0x00
2,1,4,2,0,0,3,93,0,0x00
2,1,4,3,0,0,2,194,11,0x00
2,1,4,4,0,1,1,262,10,0x00
2,1,4,5,0,1,1,285,11,0x00
2,1,4,6,0,1,1,262,10,0x00
2,1,4,7,0,0,2,194,11,0x00
2,1,4,8,0,0,3,93,0,0x00
2,1,4,9,0,0,4,31,31,0x00
2,1,5,1,0,0,4,36,35,0x00
2,1,5,2,0,0,3,103,0,0x00
2,1,5,3,0,0,2,212,10,0x00
2,1,5,4,0,1,1,285,11,0x00
2,1,5,5,0,1,1,308,11,0x00
2,1,5,6,0,1,1,285,11,0x00
2,1,5,7,0,0,2,212,10,0x00
2,1,5,8,0,0,3,103,0,0x00
2,1,5,9,0,0,4,36,35,0x00
2,1,6,1,0,0,4,31,31,0x00
2,1,6,2,0,0,3,93,0,0x00
2,1,6,3,0,0,2,194,11,0x00
2,1,6,4,0,1,1,262,10,0x00
2,1,6,5,0,1,1,285,11,0x00
2,1,6,6,0,1,1,262,10,0x00
2,1,6,7,0,0,2,194,11,0x00
2,1,6,8,0,0,3,93,0,0x00
2,1,6,9,0,0,4,31,31,0x00
2,1,7,1,0,0,4,20,20,0x00
2,1,7,2,0,0,3,63,0,0x00
2,1,7,3,0,0,3,129,0,0x00
2,1,7,4,0,0,2,194,11,0x00
2,1,7,5,0,0,2,212,10,0x00
2,1,7,6,0,0,2,194,11,0x00
2,1,7,7,0,0,3,129,0,0x00
2,1,7,8,0,0,3,63,0,0x00
2,1,7,9,0,0,4,20,20,0x00
2,1,8,2,0,0,4,29,29,0x00
2,1,8,3,0,0,3,63,0,0x00
2,1,8,4,0,0,3,93,0,0x00
2,1,8,5,0,0,3,103,0,0x00
2,1,8,6,0,0,3,93,0,0x00
2,1,8,7,0,0,3,63,0,0x00
2,1,8,8,0,0,4,29,29,0x00
2,1,9,3,0,0,4,20,20,0x00
2,1,9,4,0,0,4,31,31,0x00
2,1,9,5,0,0,4,36,35,0x00
2,1,9,6,0,0,4,31,31,0x00
2,1,9,7,0,0,4,20,20,0x00
2,2,1,3,0,0,4,29,29,0x00
2,2,1,4,0,0,4,41,40,0x00
2,2,1,5,0,0,4,46,45,0x00
2,2,1,6,0,0,4,41,40,0x00
2,2,1,7,0,0,4,29,29,0x00
2,2,2,2,0,0,4,36,35,0x00
2,2,2,3,0,0,3,83,0,0x00
2,2,2,4,0,0,3,116,0,0x00
2,2,2,5,0,0,3,127,0,0x00
2,2,2,6,0,0,3,116,0,0x00
2,2,2,7,0,0,3,83,0,0x00
2,2,2,8,0,0,4,36,35,0x00
2,2,3,1,0,0,4,29,29,0x00
2,2,3,2,0,0,3,83,0,0x00
2,2,3,3,0,0,2,176,9,0x00
2,2,3,4,0,0,2,239,12,0x00
2,2,3,5,0,0,2,255,11,0x00
2,2,3,6,0,0,2,239,12,0x00
2,2,3,7,0,0,2,176,9,0x00
2,2,3,8,0,0,3,83,0,0x00
2,2,3,9,0,0,4,29,29,0x00
2,2,4,1,0,0,4,41,40,0x00
2,2,4,2,0,0,3,116,0,0x00
2,2,4,3,0,0,2,239,12,0x00
2,2,4,4,0,1,1,309,11,0x00
2,2,4,5,0,1,1,336,11,0x00
2,2,4,6,0,1,1,309,11,0x00
2,2,4,7,0,0,2,239,12,0x00
2,2,4,8,0,0,3,116,0,0x00
2,2,4,9,0,0,4,41,40,0x00
2,2,5,1,0,0,4,46,45,0x00
2,2,5,2,0,0,3,127,0,0x00
2,2,5,3,0,0,2,255,11,0x00
2,2,5,4,0,1,1,336,11,0x00
2,2,5,5,0,0,0,356,11,0x00
2,2,5,6,0,1,1,336,11,0x00
2,2,5,7,0,0,2,255,11,0x00
2,2,5,8,0,0,3,127,0,0x00
2,2,5,9,0,0,4,46,45,0x00
2,2,6,1,0,0,4,41,40,0x00
2,2,6,2,0,0,3,116,0,0x00
2,2,6,3,0,0,2,239,12,0x00
2,2,6,4,0,1,1,309,11,0x00
2,2,6,5,0,1,1,336,11,0x00
2,2,6,6,0,1,1,309,11,0x00
2,2,6,7,0,0,2,239,12,0x00
2,2,6,8,0,0,3,116,0,0x00
2,2,6,9,0,0,4,41,40,0x00
2,2,7,1,0,0,4,29,29,0x00
2,2,7,2,0,0,3,83,0,0x00
2,2,7,3,0,0,2,176,9,0x00
2,2,7,4,0,0,2,239,12,0x00
2,2,7,5,0,0,2,255,11,0x00
2,2,7,6,0,0,2,239,12,0x00
2,2,7,7,0,0,2,176,9,0x00
2,2,7,8,0,0,3,83,0,0x00
2,2,7,9,0,0,4,29,29,0x00
2,2,8,2,0,0,4,36,35,0x00
2,2,8,3,0,0,3,83,0,0x00
2,2,8,4,0,0,3,116,0,0x00
2,2,8,5,0,0,3,127,0,0x00
2,2,8,6,0,0,3,116,0,0x00
2,2,8,7,0,0,3,83,0,0x00
2,2,8,8,0,0,4,36,35,0x00
2,2,9,3,0,0,4,29,29,0x00
2,2,9,4,0,0,4,41,40,0x00
2,2,9,5,0,0,4,46,45,0x00
2,2,9,6,0,0,4,41,40,0x00
2,2,9,7,0,0,4,29,29,0x00
2,3,1,3,0,0,4,30,30,0x00
2,3,1,4,0,0,4,42,41,0x00
2,3,1,5,0,0,4,47,46,0x00
2,3,1,6,0,0,4,42,41,0x00
2,3,1,7,0,0,4,30,30,0x00
2,3,2,2,0,0,4,37,36,0x00
2,3,2,3,0,0,3,86,0,0x00
2,3,2,4,0,0,3,118,0,0x00
2,3,2,5,0,0,3,129,0,0x00
2,3,2,6,0,0,3,118,0,0x00
2,3,2,7,0,0,3,86,0,0x00
2,3,2,8,0,0,4,37,36,0x00
2,3,3,1,0,0,4,30,30,0x00
2,3,3,2,0,0,3,86,0,0x00
2,3,3,3,0,0,2,181,11,0x00
2,3,3,4,0,0,2,240,11,0x00
2,3,3,5,0,0,2,259,10,0x00
2,3,3,6,0,0,2,240,11,0x00
2,3,3,7,0,0,2,181,11,0x00
2,3,3,8,0,0,3,86,0,0x00
2,3,3,9,0,0,4,30,30,0x00
2,3,4,1,0,0,4,42,41,0x00
2,3,4,2,0,0,3,118,0,0x00
2,3,4,3,0,0,2,240,11,0x00
2,3,4,4,0,1,1,310,12,0x00
2,3,4,5,0,1,1,337,10,0x00
2,3,4,6,0,1,1,310,12,0x00
2,3,4,7,0,0,2,240,11,0x00
2,3,4,8,0,0,3,118,0,0x00
2,3,4,9,0,0,4,42,41,0x00
2,3,5,1,0,0,4,47,46,0x00
2,3,5,2,0,0,3,129,0,0x00
2,3,5,3,0,0,2,259,10,0x00
2,3,5,4,0,1,1,337,10,0x00
2,3,5,5,0,0,0,365,12,0x00
2,3,5,6,0,1,1,337,10,0x00
2,3,5,7,0,0,2,259,10,0x00
2,3,5,8,0,0,3,129,0,0x00
2,3,5,9,0,0,4,47,46,0x00
2,3,6,1,0,0,4,42,41,0x00
2,3,6,2,0,0,3,118,0,0x00
2,3,6,3,0,0,2,240,11,0x00
2,3,6,4,0,1,1,310,12,0x00
2,3,6,5,0,1,1,337,10,0x00
2,3,6,6,0,1,1,310,12,0x00
2,3,6,7,0,0,2,240,11,0x00
2,3,6,8,0,0,3,118,0,0x00
2,3,6,9,0,0,4,42,41,0x00
2,3,7,1,0,0,4,30,30,0x00
2,3,7,2,0,0,3,86,0,0x00
2,3,7,3,0,0,2,181,11,0x00
2,3,7,4,0,0,2,240,11,0x00
2,3,7,5,0,0,2,259,10,0x00
2,3,7,6,0,0,2,240,11,0x00
2,3,7,7,0,0,2,181,11,0x00
2,3,7,8,0,0,3,86,0,0x00
2,3,7,9,0,0,4,30,30,0x00
2,3,8,2,0,0,4,37,36,0x00
2,3,8,3,0,0,3,86,0,0x00
2,3,8,4,0,0,3,118,0,0x00
2,3,8,5,0,0,3,129,0,0x00
2,3,8,6,0,0,3,118,0,0x00
2,3,8,7,0,0,3,86,0,0x00
2,3,8,8,0,0,4,37,36,0x00
2,3,9,3,0,0,4,30,30,0x00
2,3,9,4,0,0,4,42,41,0x00
2,3,9,5,0,0,4,47,46,0x00
2,3,9,6,0,0,4,42,41,0x00
2,3,9,7,0,0,4,30,30,0x00
2,4,1,3,0,0,4,25,25,0x00
2,4,1,4,0,0,4,36,35,0x00
2,4,1,5,0,0,4,40,39,0x00
2,4,1,6,0,0,4,36,35,0x00
2,4,1,7,0,0,4,25,25,0x00
2,4,2,2,0,0,4,31,31,0x00
2,4,2,3,0,0,3,70,0,0x00
2,4,2,4,0,0,3,101,0,0x00
2,4,2,5,0,0,3,112,0,0x00
2,4,2,6,0,0,3,101,0,0x00
2,4,2,7,0,0,3,70,0,0x00
2,4,2,8,0,0,4,31,31,0x00
2,4,3,1,0,0,4,25,25,0x00
2,4,3,2,0,0,3,70,0,0x00
2,4,3,3,0,0,3,136,0,0x00
2,4,3,4,0,0,2,205,12,0x00
2,4,3,5,0,0,2,229,9,0x00
2,4,3,6,0,0,2,205,12,0x00
2,4,3,7,0,0,3,136,0,0x00
2,4,3,8,0,0,3,70,0,0x00
2,4,3,9,0,0,4,25,25,0x00
2,4,4,1,0,0,4,36,35,0x00
2,4,4,2,0,0,3,101,0,0x00
2,4,4,3,0,0,2,205,12,0x00
2,4,4,4,0,1,1,275,11,0x00
2,4,4,5,0,1,1,300,13,0x00
2,4,4,6,0,1,1,275,11,0x00
2,4,4,7,0,0,2,205,12,0x00
2,4,4,8,0,0,3,101,0,0x00
2,4,4,9,0,0,4,36,35,0x00
2,4,5,1,0,0,4,40,39,0x00
2,4,5,2,0,0,3,112,0,0x00
2,4,5,3,0,0,2,229,9,0x00
2,4,5,4,0,1,1,300,13,0x00
2,4,5,5,0,1,1,321,9,0x00
2,4,5,6,0,1,1,300,13,0x00
2,4,5,7,0,0,2,229,9,0x00
2,4,5,8,0,0,3,112,0,0x00
2,4,5,9,0,0,4,40,39,0x00
2,4,6,1,0,0,4,36,35,0x00
2,4,6,2,0,0,3,101,0,0x00
2,4,6,3,0,0,2,205,12,0x00
2,4,6,4,0,1,1,275,11,0x00
2,4,6,5,0,1,1,300,13,0x00
2,4,6,6,0,1,1,275,11,0x00
2,4,6,7,0,0,2,205,12,0x00
2,4,6,8,0,0,3,101,0,0x00
2,4,6,9,0,0,4,36,35,0x00
2,4,7,1,0,0,4,25,25,0x00
2,4,7,2,0,0,3,70,0,0x00
2,4,7,3,0,0,3,136,0,0x00
2,4,7,4,0,0,2,205,12,0x00
2,4,7,5,0,0,2,229,9,0x00
2,4,7,6,0,0,2,205,12,0x00
2,4,7,7,0,0,3,136,0,0x00
2,4,7,8,0,0,3,70,0,0x00
2,4,7,9,0,0,4,25,25,0x00
2,4,8,2,0,0,4,31,31,0x00
2,4,8,3,0,0,3,70,0,0x00
2,4,8,4,0,0,3,101,0,0x00
2,4,8,5,0,0,3,112,0,0x00
2,4,8,6,0,0,3,101,0,0x00
2,4,8,7,0,0,3,70,0,0x00
2,4,8,8,0,0,4,31,31,0x00
2,4,9,3,0,0,4,25,25,0x00
2,4,9,4,0,0,4,36,35,0x00
2,4,9,5,0,0,4,40,39,0x00
2,4,9,6,0,0,4,36,35,0x00
2,4,9,7,0,0,4,25,25,0x00
2,5,1,3,0,0,4,15,15,0x00
2,5,1,4,0,0,4,24,24,0x00
2,5,1,5,0,0,4,27,27,0x00
2,5,1,6,0,0,4,24,24,0x00
2,5,1,7,0,0,4,15,15,0x00
2,5,2,2,0,0,4,19,19,0x00
2,5,2,3,0,0,4,43,42,0x00
2,5,2,4,0,0,3,67,0,0x00
2,5,2,5,0,0,3,77,0,0x00
2,5,2,6,0,0,3,67,0,0x00
2,5,2,7,0,0,4,43,42,0x00
2,5,2,8,0,0,4,19,19,0x00
2,5,3,1,0,0,4,15,15,0x00
2,5,3,2,0,0,4,43,42,0x00
2,5,3,3,0,0,3,87,0,0x00
2,5,3,4,0,0,3,133,1,0x00
2,5,3,5,0,0,2,168,12,0x00
2,5,3,6,0,0,3,133,1,0x00
2,5,3,7,0,0,3,87,0,0x00
2,5,3,8,0,0,4,43,42,0x00
2,5,3,9,0,0,4,15,15,0x00
2,5,4,1,0,0,4,24,24,0x00
2,5,4,2,0,0,3,67,0,0x00
2,5,4,3,0,0,3,133,1,0x00
2,5,4,4,0,0,2,199,9,0x00
2,5,4,5,0,0,2,225,12,0x00
2,5,4,6,0,0,2,199,9,0x00
2,5,4,7,0,0,3,133,1,0x00
2,5,4,8,0,0,3,67,0,0x00
2,5,4,9,0,0,4,24,24,0x00
2,5,5,1,0,0,4,27,27,0x00
2,5,5,2,0,0,3,77,0,0x00
2,5,5,3,0,0,2,168,12,0x00
2,5,5,4,0,0,2,225,12,0x00
2,5,5,5,0,0,2,249,9,0x00
2,5,5,6,0,0,2,225,12,0x00
2,5,5,7,0,0,2,168,12,0x00
2,5,5,8,0,0,3,77,0,0x00
2,5,5,9,0,0,4,27,27,0x00
2,5,6,1,0,0,4,24,24,0x00
2,5,6,2,0,0,3,67,0,0x00
2,5,6,3,0,0,3,133,1,0x00
2,5,6,4,0,0,2,199,9,0x00
2,5,6,5,0,0,2,225,12,0x00
2,5,6,6,0,0,2,199,9,0x00
2,5,6,7,0,0,3,133,1,0x00
2,5,6,8,0,0,3,67,0,0x00
2,5,6,9,0,0,4,24,24,0x00
2,5,7,1,0,0,4,15,15,0x00
2,5,7,2,0,0,4,43,42,0x00
2,5,7,3,0,0,3,87,0,0x00
2,5,7,4,0,0,3,133,1,0x00
2,5,7,5,0,0,2,168,12,0x00
2,5,7,6,0,0,3,133,1,0x00
2,5,7,7,0,0,3,87,0,0x00
2,5,7,8,0,0,4,43,42,0x00
2,5,7,9,0,0,4,15,15,0x00
2,5,8,2,0,0,4,19,19,0x00
2,5,8,3,0,0,4,43,42,0x00
2,5,8,4,0,0,3,67,0,0x00
2,5,8,5,0,0,3,77,0,0x00
2,5,8,6,0,0,3,67,0,0x00
2,5,8,7,0,0,4,43,42,0x00
2,5,8,8,0,0,4,19,19,0x00
2,5,9,3,0,0,4,15,15,0x00
2,5,9,4,0,0,4,24,24,0x00
2,5,9,5,0,0,4,27,27,0x00
2,5,9,6,0,0,4,24,24,0x00
2,5,9,7,0,0,4,15,15,0x00
2,6,2,3,0,0,4,19,19,0x00
2,6,2,4,0,0,4,30,30,0x00
2,6,2,5,0,0,4,32,31,0x00
2,6,2,6,0,0,4,30,30,0x00
2,6,2,7,0,0,4,19,19,0x00
2,6,3,2,0,0,4,19,19,0x00
2,6,3,3,0,0,4,42,41,0x00
2,6,3,4,0,0,3,66,0,0x00
2,6,3,5,0,0,3,75,0,0x00
2,6,3,6,0,0,3,66,0,0x00
2,6,3,7,0,0,4,42,41,0x00
2,6,3,8,0,0,4,19,19,0x00
2,6,4,2,0,0,4,30,30,0x00
2,6,4,3,0,0,3,66,0,0x00
2,6,4,4,0,0,3,95,0,0x00
2,6,4,5,0,0,3,106,0,0x00
2,6,4,6,0,0,3,95,0,0x00
2,6,4,7,0,0,3,66,0,0x00
2,6,4,8,0,0,4,30,30,0x00
2,6,5,2,0,0,4,32,31,0x00
2,6,5,3,0,0,3,75,0,0x00
2,6,5,4,0,0,3,106,0,0x00
2,6,5,5,0,0,3,117,0,0x00
2,6,5,6,0,0,3,106,0,0x00
2,6,5,7,0,0,3,75,0,0x00
2,6,5,8,0,0,4,32,31,0x00
2,6,6,2,0,0,4,30,30,0x00
2,6,6,3,0,0,3,66,0,0x00
2,6,6,4,0,0,3,95,0,0x00
2,6,6,5,0,0,3,106,0,0x00
2,6,6,6,0,0,3,95,0,0x00
2,6,6,7,0,0,3,66,0,0x00
2,6,6,8,0,0,4,30,30,0x00
2,6,7,2,0,0,4,19,19,0x00
2,6,7,3,0,0,4,42,41,0x00
2,6,7,4,0,0,3,66,0,0x00
2,6,7,5,0,0,3,75,0,0x00
2,6,7,6,0,0,3,66,0,0x00
2,6,7,7,0,0,4,42,41,0x00
2,6,7,8,0,0,4,19,19,0x00
2,6,8,3,0,0,4,19,19,0x00
2,6,8,4,0,0,4,30,30,0x00
2,6,8,5,0,0,4,32,31,0x00
2,6,8,6,0,0,4,30,30,0x00
2,6,8,7,0,0,4,19,19,0x00
2,7,3,3,0,0,4,14,14,0x00
2,7,3,4,0,0,4,23,23,0x00
2,7,3,5,0,0,4,26,26,0x00
2,7,3,6,0,0,4,23,23,0x00
2,7,3,7,0,0,4,14,14,0x00
2,7,4,3,0,0,4,23,23,0x00
2,7,4,4,0,0,4,33,32,0x00
2,7,4,5,0,0,4,37,36,0x00
2,7,4,6,0,0,4,33,32,0x00
2,7,4,7,0,0,4,23,23,0x00
2,7,5,3,0,0,4,26,26,0x00
2,7,5,4,0,0,4,37,36,0x00
2,7,5,5,0,0,4,41,40,0x00
2,7,5,6,0,0,4,37,36,0x00
2,7,5,7,0,0,4,26,26,0x00
2,7,6,3,0,0,4,23,23,0x00
2,7,6,4,0,0,4,33,32,0x00
2,7,6,5,0,0,4,37,36,0x00
2,7,6,6,0,0,4,33,32,0x00
2,7,6,7,0,0,4,23,23,0x00
2,7,7,3,0,0,4,14,14,0x00
2,7,7,4,0,0,4,23,23,0x00
2,7,7,5,0,0,4,26,26,0x00
2,7,7,6,0,0,4,23,23,0x00
2,7,7,7,0,0,4,14,14,0x00
2,9,4,4,0,0,4,21,21,0x00
2,9,4,5,0,0,4,27,27,0x00
2,9,4,6,0,0,4,21,21,0x00
2,9,5,4,0,0,4,27,27,0x00
2,9,5,5,0,0,4,32,31,0x00
2,9,5,6,0,0,4,27,27,0x00
2,9,6,4,0,0,4,21,21,0x00
2,9,6,5,0,0,4,27,27,0x00
2,9,6,6,0,0,4,21,21,0x00
2,10,2,4,0,0,4,20,20,0x00
2,10,2,5,0,0,4,25,25,0x00
2,10,2,6,0,0,4,20,20,0x00
2,10,3,3,0,0,4,27,27,0x00
2,10,3,4,0,0,4,45,44,0x00
2,10,3,5,0,0,4,51,50,0x00
2,10,3,6,0,0,4,45,44,0x00
2,10,3,7,0,0,4,27,27,0x00
2,10,4,2,0,0,4,20,20,0x00
2,10,4,3,0,0,4,45,44,0x00
2,10,4,4,0,0,3,77,0,0x00
2,10,4,5,0,0,3,88,0,0x00
2,10,4,6,0,0,3,77,0,0x00
2,10,4,7,0,0,4,45,44,0x00
2,10,4,8,0,0,4,20,20,0x00
2,10,5,2,0,0,4,25,25,0x00
2,10,5,3,0,0,4,51,50,0x00
2,10,5,4,0,0,3,88,0,0x00
2,10,5,5,0,0,3,100,0,0x00
2,10,5,6,0,0,3,88,0,0x00
2,10,5,7,0,0,4,51,50,0x00
2,10,5,8,0,0,4,25,25,0x00
2,10,6,2,0,0,4,20,20,0x00
2,10,6,3,0,0,4,45,44,0x00
2,10,6,4,0,0,3,77,0,0x00
2,10,6,5,0,0,3,88,0,0x00
2,10,6,6,0,0,3,77,0,0x00
2,10,6,7,0,0,4,45,44,0x00
2,10,6,8,0,0,4,20,20,0x00
2,10,7,3,0,0,4,27,27,0x00
2,10,7,4,0,0,4,45,44,0x00
2,10,7,5,0,0,4,51,50,0x00
2,10,7,6,0,0,4,45,44,0x00
2,10,7,7,0,0,4,27,27,0x00
2,10,8,4,0,0,4,20,20,0x00
2,10,8,5,0,0,4,25,25,0x00
2,10,8,6,0,0,4,20,20,0x00
2,0,2,4,1,0,4,20,20,0x19
2,0,2,5,1,0,4,25,25,0x19
2,0,2,6,1,0,4,20,20,0x19
2,0,3,3,1,0,4,27,27,0x19
2,0,3,4,1,0,4,45,44,0x19
2,0,3,5,1,0,4,51,50,0x19
2,0,3,6,1,0,4,45,44,0x19
2,0,3,7,1,0,4,27,27,0x19
2,0,4,2,1,0,4,20,20,0x19
2,0,4,3,1,0,4,45,44,0x19
2,0,4,4,1,0,3,77,0,0x19
2,0,4,5,1,0,3,88,0,0x19
2,0,4,6,1,0,3,77,0,0x19
2,0,4,7,1,0,4,45,44,0x19
2,0,4,8,1,0,4,20,20,0x19
2,0,5,2,1,0,4,25,25,0x19
2,0,5,3,1,0,4,51,50,0x19
2,0,5,4,1,0,3,88,0,0x19
2,0,5,5,1,0,3,100,0,0x19
2,0,5,6,1,0,3,88,0,0x19
2,0,5,7,1,0,4,51,50,0x19
2,0,5,8,1,0,4,25,25,0x19
2,0,6,2,1,0,4,20,20,0x19
2,0,6,3,1,0,4,45,44,0x19
2,0,6,4,1,0,3,77,0,0x19
2,0,6,5,1,0,3,88,0,0x19
2,0,6,6,1,0,3,77,0,0x19
2,0,6,7,1,0,4,45,44,0x19
2,0,6,8,1,0,4,20,20,0x19
2,0,7,3,1,0,4,27,27,0x19
2,0,7,4,1,0,4,45,44,0x19
2,0,7,5,1,0,4,51,50,0x19
2,0,7,6,1,0,4,45,44,0x19
2,0,7,7,1,0,4,27,27,0x19
2,0,8,4,1,0,4,20,20,0x19
2,0,8,5,1,0,4,25,25,0x19
2,0,8,6,1,0,4,20,20,0x19
2,1,4,4,1,0,4,21,21,0x19
2,1,4,5,1,0,4,27,27,0x19
2,1,4,6,1,0,4,21,21,0x19
2,1,5,4,1,0,4,27,27,0x19
2,1,5,5,1,0,4,32,31,0x19
2,1,5,6,1,0,4,27,27,0x19
2,1,6,4,1,0,4,21,21,0x19
2,1,6,5,1,0,4,27,27,0x19
2,1,6,6,1,0,4,21,21,0x19
2,3,3,3,1,0,4,14,14,0x19
2,3,3,4,1,0,4,23,23,0x19
2,3,3,5,1,0,4,26,26,0x19
2,3,3,6,1,0,4,23,23,0x19
2,3,3,7,1,0,4,14,14,0x19
2,3,4,3,1,0,4,23,23,0x19
2,3,4,4,1,0,4,33,32,0x19
2,3,4,5,1,0,4,37,36,0x19
2,3,4,6,1,0,4,33,32,0x19
2,3,4,7,1,0,4,23,23,0x19
2,3,5,3,1,0,4,26,26,0x19
2,3,5,4,1,0,4,37,36,0x19
2,3,5,5,1,0,4,41,40,0x19
2,3,5,6,1,0,4,37,36,0x19
2,3,5,7,1,0,4,26,26,0x19
2,3,6,3,1,0,4,23,23,0x19
2,3,6,4,1,0,4,33,32,0x19
2,3,6,5,1,0,4,37,36,0x19
2,3,6,6,1,0,4,33,32,0x19
2,3,6,7,1,0,4,23,23,0x19
2,3,7,3,1,0,4,14,14,0x19
2,3,7,4,1,0,4,23,23,0x19
2,3,7,5,1,0,4,26,26,0x19
2,3,7,6,1,0,4,23,23,0x19
2,3,7,7,1,0,4,14,14,0x19
2,4,2,3,1,0,4,19,19,0x19
2,4,2,4,1,0,4,30,30,0x19
2,4,2,5,1,0,4,32,31,0x19
2,4,2,6,1,0,4,30,30,0x19
2,4,2,7,1,0,4,19,19,0x19
2,4,3,2,1,0,4,19,19,0x19
2,4,3,3,1,0,4,42,41,0x19
2,4,3,4,1,0,3,66,0,0x19
2,4,3,5,1,0,3,75,0,0x19
2,4,3,6,1,0,3,66,0,0x19
2,4,3,7,1,0,4,42,41,0x19
2,4,3,8,1,0,4,19,19,0x19
2,4,4,2,1,0,4,30,30,0x19
2,4,4,3,1,0,3,66,0,0x19
2,4,4,4,1,0,3,95,0,0x19
2,4,4,5,1,0,3,106,0,0x19
2,4,4,6,1,0,3,95,0,0x19
2,4,4,7,1,0,3,66,0,0x19
2,4,4,8,1,0,4,30,30,0x19
2,4,5,2,1,0,4,32,31,0x19
2,4,5,3,1,0,3,75,0,0x19
2,4,5,4,1,0,3,106,0,0x19
2,4,5,5,1,0,3,117,0,0x19
2,4,5,6,1,0,3,106,0,0x19
2,4,5,7,1,0,3,75,0,0x19
2,4,5,8,1,0,4,32,31,0x19
2,4,6,2,1,0,4,30,30,0x19
2,4,6,3,1,0,3,66,0,0x19
2,4,6,4,1,0,3,95,0,0x19
2,4,6,5,1,0,3,106,0,0x19
2,4,6,6,1,0,3,95,0,0x19
2,4,6,7,1,0,3,66,0,0x19
2,4,6,8,1,0,4,30,30,0x19
2,4,7,2,1,0,4,19,19,0x19
2,4,7,3,1,0,4,42,41,0x19
2,4,7,4,1,0,3,66,0,0x19
2,4,7,5,1,0,3,75,0,0x19
2,4,7,6,1,0,3,66,0,0x19
2,4,7,7,1,0,4,42,41,0x19
2,4,7,8,1,0,4,19,19,0x19
2,4,8,3,1,0,4,19,19,0x19
2,4,8,4,1,0,4,30,30,0x19
2,4,8,5,1,0,4,32,31,0x19
2,4,8,6,1,0,4,30,30,0x19
2,4,8,7,1,0,4,19,19,0x19
2,5,1,3,1,0,4,15,15,0x19
2,5,1,4,1,0,4,24,24,0x19
2,5,1,5,1,0,4,27,27,0x19
2,5,1,6,1,0,4,24,24,0x19
2,5,1,7,1,0,4,15,15,0x19
2,5,2,2,1,0,4,19,19,0x19
2,5,2,3,1,0,4,43,42,0x19
2,5,2,4,1,0,3,67,0,0x19
2,5,2,5,1,0,3,77,0,0x19
2,5,2,6,1,0,3,67,0,0x19
2,5,2,7,1,0,4,43,42,0x19
2,5,2,8,1,0,4,19,19,0x19
2,5,3,1,1,0,4,15,15,0x19
2,5,3,2,1,0,4,43,42,0x19
2,5,3,3,1,0,3,87,0,0x19
2,5,3,4,1,0,3,133,1,0x19
2,5,3,5,1,0,2,168,12,0x19
2,5,3,6,1,0,3,133,1,0x19
2,5,3,7,1,0,3,87,0,0x19
2,5,3,8,1,0,4,43,42,0x19
2,5,3,9,1,0,4,15,15,0x19
2,5,4,1,1,0,4,24,24,0x19
2,5,4,2,1,0,3,67,0,0x19
2,5,4,3,1,0,3,133,1,0x19
2,5,4,4,1,0,2,199,9,0x19
2,5,4,5,1,0,2,225,12,0x19
2,5,4,6,1,0,2,199,9,0x19
2,5,4,7,1,0,3,133,1,0x19
2,5,4,8,1,0,3,67,0,0x19
2,5,4,9,1,0,4,24,24,0x19
2,5,5,1,1,0,4,27,27,0x19
2,5,5,2,1,0,3,77,0,0x19
2,5,5,3,1,0,2,168,12,0x19
2,5,5,4,1,0,2,225,12,0x19
2,5,5,5,1,0,2,249,9,0x19
2,5,5,6,1,0,2,225,12,0x19
2,5,5,7,1,0,2,168,12,0x19
2,5,5,8,1,0,3,77,0,0x19
2,5,5,9,1,0,4,27,27,0x19
2,5,6,1,1,0,4,24,24,0x19
2,5,6,2,1,0,3,67,0,0x19
2,5,6,3,1,0,3,133,1,0x19
2,5,6,4,1,0,2,199,9,0x19
2,5,6,5,1,0,2,225,12,0x19
2,5,6,6,1,0,2,199,9,0x19
2,5,6,7,1,0,3,133,1,0x19
2,5,6,8,1,0,3,67,0,0x19
2,5,6,9,1,0,4,24,24,0x19
2,5,7,1,1,0,4,15,15,0x19
2,5,7,2,1,0,4,43,42,0x19
2,5,7,3,1,0,3,87,0,0x19
2,5,7,4,1,0,3,133,1,0x19
2,5,7,5,1,0,2,168,12,0x19
2,5,7,6,1,0,3,133,1,0x19
2,5,7,7,1,0,3,87,0,0x19
2,5,7,8,1,0,4,43,42,0x19
2,5,7,9,1,0,4,15,15,0x19
2,5,8,2,1,0,4,19,19,0x19
2,5,8,3,1,0,4,43,42,0x19
2,5,8,4,1,0,3,67,0,0x19
2,5,8,5,1,0,3,77,0,0x19
2,5,8,6,1,0,3,67,0,0x19
2,5,8,7,1,0,4,43,42,0x19
2,5,8,8,1,0,4,19,19,0x19
2,5,9,3,1,0,4,15,15,0x19
2,5,9,4,1,0,4,24,24,0x19
2,5,9,5,1,0,4,27,27,0x19
2,5,9,6,1,0,4,24,24,0x19
2,5,9,7,1,0,4,15,15,0x19
2,6,1,3,1,0,4,25,25,0x19
2,6,1,4,1,0,4,36,35,0x19
2,6,1,5,1,0,4,40,39,0x19
2,6,1,6,1,0,4,36,35,0x19
2,6,1,7,1,0,4,25,25,0x19
2,6,2,2,1,0,4,31,31,0x19
2,6,2,3,1,0,3,70,0,0x19
2,6,2,4,1,0,3,101,0,0x19
2,6,2,5,1,0,3,112,0,0x19
2,6,2,6,1,0,3,101,0,0x19
2,6,2,7,1,0,3,70,0,0x19
2,6,2,8,1,0,4,31,31,0x19
2,6,3,1,1,0,4,25,25,0x19
2,6,3,2,1,0,3,70,0,0x19
2,6,3,3,1,0,3,136,0,0x19
2,6,3,4,1,0,2,205,12,0x19
2,6,3,5,1,0,2,229,9,0x19
2,6,3,6,1,0,2,205,12,0x19
2,6,3,7,1,0,3,136,0,0x19
2,6,3,8,1,0,3,70,0,0x19
2,6,3,9,1,0,4,25,25,0x19
2,6,4,1,1,0,4,36,35,0x19
2,6,4,2,1,0,3,101,0,0x19
2,6,4,3,1,0,2,205,12,0x19
2,6,4,4,1,1,1,275,11,0x19
2,6,4,5,1,1,1,300,13,0x19
2,6,4,6,1,1,1,275,11,0x19
2,6,4,7,1,0,2,205,12,0x19
2,6,4,8,1,0,3,101,0,0x19
2,6,4,9,1,0,4,36,35,0x19
2,6,5,1,1,0,4,40,39,0x19
2,6,5,2,1,0,3,112,0,0x19
2,6,5,3,1,0,2,229,9,0x19
2,6,5,4,1,1,1,300,13,0x19
2,6,5,5,1,1,1,321,9,0x19
2,6,5,6,1,1,1,300,13,0x19
2,6,5,7,1,0,2,229,9,0x19
2,6,5,8,1,0,3,112,0,0x19
2,6,5,9,1,0,4,40,39,0x19
2,6,6,1,1,0,4,36,35,0x19
2,6,6,2,1,0,3,101,0,0x19
2,6,6,3,1,0,2,205,12,0x19
2,6,6,4,1,1,1,275,11,0x19
2,6,6,5,1,1,1,300,13,0x19
2,6,6,6,1,1,1,275,11,0x19
2,6,6,7,1,0,2,205,12,0x19
2,6,6,8,1,0,3,101,0,0x19
2,6,6,9,1,0,4,36,35,0x19
2,6,7,1,1,0,4,25,25,0x19
2,6,7,2,1,0,3,70,0,0x19
2,6,7,3,1,0,3,136,0,0x19
2,6,7,4,1,0,2,205,12,0x19
2,6,7,5,1,0,2,229,9,0x19
2,6,7,6,1,0,2,205,12,0x19
2,6,7,7,1,0,3,136,0,0x19
2,6,7,8,1,0,3,70,0,0x19
2,6,7,9,1,0,4,25,25,0x19
2,6,8,2,1,0,4,31,31,0x19
2,6,8,3,1,0,3,70,0,0x19
2,6,8,4,1,0,3,101,0,0x19
2,6,8,5,1,0,3,112,0,0x19
2,6,8,6,1,0,3,101,0,0x19
2,6,8,7,1,0,3,70,0,0x19
2,6,8,8,1,0,4,31,31,0x19
2,6,9,3,1,0,4,25,25,0x19
2,6,9,4,1,0,4,36,35,0x19
2,6,9,5,1,0,4,40,39,0x19
2,6,9,6,1,0,4,36,35,0x19
2,6,9,7,1,0,4,25,25,0x19
2,7,1,3,1,0,4,30,30,0x19
2,7,1,4,1,0,4,42,41,0x19
2,7,1,5,1,0,4,47,46,0x19
2,7,1,6,1,0,4,42,41,0x19
2,7,1,7,1,0,4,30,30,0x19
2,7,2,2,1,0,4,37,36,0x19
2,7,2,3,1,0,3,86,0,0x19
2,7,2,4,1,0,3,118,0,0x19
2,7,2,5,1,0,3,129,0,0x19
2,7,2,6,1,0,3,118,0,0x19
2,7,2,7,1,0,3,86,0,0x19
2,7,2,8,1,0,4,37,36,0x19
2,7,3,1,1,0,4,30,30,0x19
2,7,3,2,1,0,3,86,0,0x19
2,7,3,3,1,0,2,181,11,0x19
2,7,3,4,1,0,2,240,11,0x19
2,7,3,5,1,0,2,259,10,0x19
2,7,3,6,1,0,2,240,11,0x19
2,7,3,7,1,0,2,181,11,0x19
2,7,3,8,1,0,3,86,0,0x19
2,7,3,9,1,0,4,30,30,0x19
2,7,4,1,1,0,4,42,41,0x19
2,7,4,2,1,0,3,118,0,0x19
2,7,4,3,1,0,2,240,11,0x19
2,7,4,4,1,1,1,310,12,0x19
2,7,4,5,1,1,1,337,10,0x19
2,7,4,6,1,1,1,310,12,0x19
2,7,4,7,1,0,2,240,11,0x19
2,7,4,8,1,0,3,118,0,0x19
2,7,4,9,1,0,4,42,41,0x19
2,7,5,1,1,0,4,47,46,0x19
2,7,5,2,1,0,3,129,0,0x19
2,7,5,3,1,0,2,259,10,0x19
2,7,5,4,1,1,1,337,10,0x19
2,7,5,5,1,0,0,365,12,0x19
2,7,5,6,1,1,1,337,10,0x19
2,7,5,7,1,0,2,259,10,0x19
2,7,5,8,1,0,3,129,0,0x19
2,7,5,9,1,0,4,47,46,0x19
2,7,6,1,1,0,4,42,41,0x19
2,7,6,2,1,0,3,118,0,0x19
2,7,6,3,1,0,2,240,11,0x19
2,7,6,4,1,1,1,310,12,0x19
2,7,6,5,1,1,1,337,10,0x19
2,7,6,6,1,1,1,310,12,0x19
2,7,6,7,1,0,2,240,11,0x19
2,7,6,8,1,0,3,118,0,0x19
2,7,6,9,1,0,4,42,41,0x19
2,7,7,1,1,0,4,30,30,0x19
2,7,7,2,1,0,3,86,0,0x19
2,7,7,3,1,0,2,181,11,0x19
2,7,7,4,1,0,2,240,11,0x19
2,7,7,5,1,0,2,259,10,0x19
2,7,7,6,1,0,2,240,11,0x19
2,7,7,7,1,0,2,181,11,0x19
2,7,7,8,1,0,3,86,0,0x19
2,7,7,9,1,0,4,30,30,0x19
2,7,8,2,1,0,4,37,36,0x19
2,7,8,3,1,0,3,86,0,0x19
2,7,8,4,1,0,3,118,0,0x19
2,7,8,5,1,0,3,129,0,0x19
2,7,8,6,1,0,3,118,0,0x19
2,7,8,7,1,0,3,86,0,0x19
2,7,8,8,1,0,4,37,36,0x19
2,7,9,3,1,0,4,30,30,0x19
2,7,9,4,1,0,4,42,41,0x19
2,7,9,5,1,0,4,47,46,0x19
2,7,9,6,1,0,4,42,41,0x19
2,7,9,7,1,0,4,30,30,0x19
2,8,1,3,1,0,4,29,29,0x19
2,8,1,4,1,0,4,41,40,0x19
2,8,1,5,1,0,4,46,45,0x19
2,8,1,6,1,0,4,41,40,0x19
2,8,1,7,1,0,4,29,29,0x19
2,8,2,2,1,0,4,36,35,0x19
2,8,2,3,1,0,3,83,0,0x19
2,8,2,4,1,0,3,116,0,0x19
2,8,2,5,1,0,3,127,0,0x19
2,8,2,6,1,0,3,116,0,0x19
2,8,2,7,1,0,3,83,0,0x19
2,8,2,8,1,0,4,36,35,0x19
2,8,3,1,1,0,4,29,29,0x19
2,8,3,2,1,0,3,83,0,0x19
2,8,3,3,1,0,2,176,9,0x19
2,8,3,4,1,0,2,239,12,0x19
2,8,3,5,1,0,2,255,11,0x19
2,8,3,6,1,0,2,239,12,0x19
2,8,3,7,1,0,2,176,9,0x19
2,8,3,8,1,0,3,83,0,0x19
2,8,3,9,1,0,4,29,29,0x19
2,8,4,1,1,0,4,41,40,0x19
2,8,4,2,1,0,3,116,0,0x19
2,8,4,3,1,0,2,239,12,0x19
2,8,4,4,1,1,1,309,11,0x19
2,8,4,5,1,1,1,336,11,0x19
2,8,4,6,1,1,1,309,11,0x19
2,8,4,7,1,0,2,239,12,0x19
2,8,4,8,1,0,3,116,0,0x19
2,8,4,9,1,0,4,41,40,0x19
2,8,5,1,1,0,4,46,45,0x19
2,8,5,2,1,0,3,127,0,0x19
2,8,5,3,1,0,2,255,11,0x19
2,8,5,4,1,1,1,336,11,0x19
2,8,5,5,1,0,0,356,11,0x3F
2,8,5,6,1,1,1,336,11,0x19
2,8,5,7,1,0,2,255,11,0x19
2,8,5,8,1,0,3,127,0,0x19
2,8,5,9,1,0,4,46,45,0x19
2,8,6,1,1,0,4,41,40,0x19
2,8,6,2,1,0,3,116,0,0x19
2,8,6,3,1,0,2,239,12,0x19
2,8,6,4,1,1,1,309,11,0x19
2,8,6,5,1,1,1,336,11,0x19
2,8,6,6,1,1,1,309,11,0x19
2,8,6,7,1,0,2,239,12,0x19
2,8,6,8,1,0,3,116,0,0x19
2,8,6,9,1,0,4,41,40,0x19
2,8,7,1,1,0,4,29,29,0x19
2,8,7,2,1,0,3,83,0,0x19
2,8,7,3,1,0,2,176,9,0x19
2,8,7,4,1,0,2,239,12,0x19
2,8,7,5,1,0,2,255,11,0x19
2,8,7,6,1,0,2,239,12,0x19
2,8,7,7,1,0,2,176,9,0x19
2,8,7,8,1,0,3,83,0,0x19
2,8,7,9,1,0,4,29,29,0x19
2,8,8,2,1,0,4,36,35,0x19
2,8,8,3,1,0,3,83,0,0x19
2,8,8,4,1,0,3,116,0,0x19
2,8,8,5,1,0,3,127,0,0x19
2,8,8,6,1,0,3,116,0,0x19
2,8,8,7,1,0,3,83,0,0x19
2,8,8,8,1,0,4,36,35,0x19
2,8,9,3,1,0,4,29,29,0x19
2,8,9,4,1,0,4,41,40,0x19
2,8,9,5,1,0,4,46,45,0x19
2,8,9,6,1,0,4,41,40,0x19
2,8,9,7,1,0,4,29,29,0x19
2,9,1,3,1,0,4,20,20,0x19
2,9,1,4,1,0,4,31,31,0x19
2,9,1,5,1,0,4,36,35,0x19
2,9,1,6,1,0,4,31,31,0x19
2,9,1,7,1,0,4,20,20,0x19
2,9,2,2,1,0,4,29,29,0x19
2,9,2,3,1,0,3,63,0,0x19
2,9,2,4,1,0,3,93,0,0x19
2,9,2,5,1,0,3,103,0,0x19
2,9,2,6,1,0,3,93,0,0x19
2,9,2,7,1,0,3,63,0,0x19
2,9,2,8,1,0,4,29,29,0x19
2,9,3,1,1,0,4,20,20,0x19
2,9,3,2,1,0,3,63,0,0x19
2,9,3,3,1,0,3,129,0,0x19
2,9,3,4,1,0,2,194,11,0x19
2,9,3,5,1,0,2,212,10,0x19
2,9,3,6,1,0,2,194,11,0x19
2,9,3,7,1,0,3,129,0,0x19
2,9,3,8,1,0,3,63,0,0x19
2,9,3,9,1,0,4,20,20,0x19
2,9,4,1,1,0,4,31,31,0x19
2,9,4,2,1,0,3,93,0,0x19
2,9,4,3,1,0,2,194,11,0x19
2,9,4,4,1,1,1,262,10,0x19
2,9,4,5,1,1,1,285,11,0x19
2,9,4,6,1,1,1,262,10,0x19
2,9,4,7,1,0,2,194,11,0x19
2,9,4,8,1,0,3,93,0,0x19
2,9,4,9,1,0,4,31,31,0x19
2,9,5,1,1,0,4,36,35,0x19
2,9,5,2,1,0,3,103,0,0x19
2,9,5,3,1,0,2,212,10,0x19
2,9,5,4,1,1,1,285,11,0x19
2,9,5,5,1,1,1,308,11,0x19
2,9,5,6,1,1,1,285,11,0x19
2,9,5,7,1,0,2,212,10,0x19
2,9,5,8,1,0,3,103,0,0x19
2,9,5,9,1,0,4,36,35,0x19
2,9,6,1,1,0,4,31,31,0x19
2,9,6,2,1,0,3,93,0,0x19
2,9,6,3,1,0,2,194,11,0x19
2,9,6,4,1,1,1,262,10,0x19
2,9,6,5,1,1,1,285,11,0x19
2,9,6,6,1,1,1,262,10,0x19
2,9,6,7,1,0,2,194,11,0x19
2,9,6,8,1,0,3,93,0,0x19
2,9,6,9,1,0,4,31,31,0x19
2,9,7,1,1,0,4,20,20,0x19
2,9,7,2,1,0,3,63,0,0x19
2,9,7,3,1,0,3,129,0,0x19
2,9,7,4,1,0,2,194,11,0x19
2,9,7,5,1,0,2,212,10,0x19
2,9,7,6,1,0,2,194,11,0x19
2,9,7,7,1,0,3,129,0,0x19
2,9,7,8,1,0,3,63,0,0x19
2,9,7,9,1,0,4,20,20,0x19
2,9,8,2,1,0,4,29,29,0x19
2,9,8,3,1,0,3,63,0,0x19
2,9,8,4,1,0,3,93,0,0x19
2,9,8,5,1,0,3,103,0,0x19
2,9,8,6,1,0,3,93,0,0x19
2,9,8,7,1,0,3,63,0,0x19
2,9,8,8,1,0,4,29,29,0x19
2,9,9,3,1,0,4,20,20,0x19
2,9,9,4,1,0,4,31,31,0x19
2,9,9,5,1,0,4,36,35,0x19
2,9,9,6,1,0,4,31,31,0x19
2,9,9,7,1,0,4,20,20,0x19
2,10,1,4,1,0,4,17,17,0x19
2,10,1,5,1,0,4,22,22,0x19
2,10,1,6,1,0,4,17,17,0x19
2,10,2,2,1,0,4,15,15,0x19
2,10,2,3,1,0,4,31,31,0x19
2,10,2,4,1,0,4,53,52,0x19
2,10,2,5,1,0,3,63,0,0x19
2,10,2,6,1,0,4,53,52,0x19
2,10,2,7,1,0,4,31,31,0x19
2,10,2,8,1,0,4,15,15,0x19
2,10,3,2,1,0,4,31,31,0x19
2,10,3,3,1,0,3,73,0,0x19
2,10,3,4,1,0,3,111,0,0x19
2,10,3,5,1,0,3,125,0,0x19
2,10,3,6,1,0,3,111,0,0x19
2,10,3,7,1,0,3,73,0,0x19
2,10,3,8,1,0,4,31,31,0x19
2,10,4,1,1,0,4,17,17,0x19
2,10,4,2,1,0,4,53,52,0x19
2,10,4,3,1,0,3,111,0,0x19
2,10,4,4,1,0,2,181,13,0x19
2,10,4,5,1,0,2,202,11,0x19
2,10,4,6,1,0,2,181,13,0x19
2,10,4,7,1,0,3,111,0,0x19
2,10,4,8,1,0,4,53,52,0x19
2,10,4,9,1,0,4,17,17,0x19
2,10,5,1,1,0,4,22,22,0x19
2,10,5,2,1,0,3,63,0,0x19
2,10,5,3,1,0,3,125,0,0x19
2,10,5,4,1,0,2,202,11,0x19
2,10,5,5,1,0,2,221,11,0x19
2,10,5,6,1,0,2,202,11,0x19
2,10,5,7,1,0,3,125,0,0x19
2,10,5,8,1,0,3,63,0,0x19
2,10,5,9,1,0,4,22,22,0x19
2,10,6,1,1,0,4,17,17,0x19
2,10,6,2,1,0,4,53,52,0x19
2,10,6,3,1,0,3,111,0,0x19
2,10,6,4,1,0,2,181,13,0x19
2,10,6,5,1,0,2,202,11,0x19
2,10,6,6,1,0,2,181,13,0x19
2,10,6,7,1,0,3,111,0,0x19
2,10,6,8,1,0,4,53,52,0x19
2,10,6,9,1,0,4,17,17,0x19
2,10,7,2,1,0,4,31,31,0x19
2,10,7,3,1,0,3,73,0,0x19
2,10,7,4,1,0,3,111,0,0x19
2,10,7,5,1,0,3,125,0,0x19
2,10,7,6,1,0,3,111,0,0x19
2,10,7,7,1,0,3,73,0,0x19
2,10,7,8,1,0,4,31,31,0x19
2,10,8,2,1,0,4,15,15,0x19
2,10,8,3,1,0,4,31,31,0x19
2,10,8,4,1,0,4,53,52,0x19
2,10,8,5,1,0,3,63,0,0x19
2,10,8,6,1,0,4,53,52,0x19
2,10,8,7,1,0,4,31,31,0x19
2,10,8,8,1,0,4,15,15,0x19
2,10,9,4,1,0,4,17,17,0x19
2,10,9,5,1,0,4,22,22,0x19
2,10,9,6,1,0,4,17,17,0x19
3,0,1,4,0,0,4,17,17,0x00
3,0,1,5,0,0,4,21,21,0x00
3,0,1,6,0,0,4,17,17,0x00
3,0,2,2,0,0,4,15,15,0x00
3,0,2,3,0,0,4,31,31,0x00
3,0,2,4,0,0,4,52,51,0x00
3,0,2,5,0,0,3,62,0,0x00
3,0,2,6,0,0,4,52,51,0x00
3,0,2,7,0,0,4,31,31,0x00
3,0,2,8,0,0,4,15,15,0x00
3,0,3,2,0,0,4,31,31,0x00
3,0,3,3,0,0,3,72,0,0x00
3,0,3,4,0,0,3,110,0,0x00
3,0,3,5,0,0,3,123,0,0x00
3,0,3,6,0,0,3,110,0,0x00
3,0,3,7,0,0,3,72,0,0x00
3,0,3,8,0,0,4,31,31,0x00
3,0,4,1,0,0,4,17,17,0x00
3,0,4,2,0,0,4,52,51,0x00
3,0,4,3,0,0,3,110,0,0x00
3,0,4,4,0,1,2,181,11,0x00
3,0,4,5,0,1,2,205,12,0x00
3,0,4,6,0,1,2,181,11,0x00
3,0,4,7,0,0,3,110,0,0x00
3,0,4,8,0,0,4,52,51,0x00
3,0,4,9,0,0,4,17,17,0x00
3,0,5,1,0,0,4,21,21,0x00
3,0,5,2,0,0,3,62,0,0x00
3,0,5,3,0,0,3,123,0,0x00
3,0,5,4,0,1,2,205,12,0x00
3,0,5,5,0,1,2,226,13,0x00
3,0,5,6,0,1,2,205,12,0x00
3,0,5,7,0,0,3,123,0,0x00
3,0,5,8,0,0,3,62,0,0x00
3,0,5,9,0,0,4,21,21,0x00
3,0,6,1,0,0,4,17,17,0x00
3,0,6,2,0,0,4,52,51,0x00
3,0,6,3,0,0,3,110,0,0x00
3,0,6,4,0,1,2,181,11,0x00
3,0,6,5,0,1,2,205,12,0x00
3,0,6,6,0,1,2,181,11,0x00
3,0,6,7,0,0,3,110,0,0x00
3,0,6,8,0,0,4,52,51,0x00
3,0,6,9,0,0,4,17,17,0x00
3,0,7,2,0,0,4,31,31,0x00
3,0,7,3,0,0,3,72,0,0x00
3,0,7,4,0,0,3,110,0,0x00
3,0,7,5,0,0,3,123,0,0x00
3,0,7,6,0,0,3,110,0,0x00
3,0,7,7,0,0,3,72,0,0x00
3,0,7,8,0,0,4,31,31,0x00
3,0,8,2,0,0,4,15,15,0x00
3,0,8,3,0,0,4,31,31,0x00
3,0,8,4,0,0,4,52,51,0x00
3,0,8,5,0,0,3,62,0,0x00
3,0,8,6,0,0,4,52,51,0x00
3,0,8,7,0,0,4,31,31,0x00
3,0,8,8,0,0,4,15,15,0x00
3,0,9,4,0,0,4,17,17,0x00
3,0,9,5,0,0,4,21,21,0x00
3,0,9,6,0,0,4,17,17,0x00
3,1,1,3,0,0,4,20,20,0x00
3,1,1,4,0,0,4,31,31,0x00
3,1,1,5,0,0,4,35,34,0x00
3,1,1,6,0,0,4,31,31,0x00
3,1,1,7,0,0,4,20,20,0x00
3,1,2,2,0,0,4,29,29,0x00
3,1,2,3,0,0,3,63,0,0x00
3,1,2,4,0,0,3,92,0,0x00
3,1,2,5,0,0,3,102,0,0x00
3,1,2,6,0,0,3,92,0,0x00
3,1,2,7,0,0,3,63,0,0x00
3,1,2,8,0,0,4,29,29,0x00
3,1,3,1,0,0,4,20,20,0x00
3,1,3,2,0,0,3,63,0,0x00
3,1,3,3,0,0,3,126,0,0x00
3,1,3,4,0,1,2,192,12,0x00
3,1,3,5,0,1,2,212,12,0x00
3,1,3,6,0,1,2,192,12,0x00
3,1,3,7,0,0,3,126,0,0x00
3,1,3,8,0,0,3,63,0,0x00
3,1,3,9,0,0,4,20,20,0x00
3,1,4,1,0,0,4,31,31,0x00
3,1,4,2,0,0,3,92,0,0x00
3,1,4,3,0,1,2,192,12,0x00
3,1,4,4,0,0,1,262,11,0x00
3,1,4,5,0,0,1,281,12,0x00
3,1,4,6,0,0,1,262,11,0x00
3,1,4,7,0,1,2,192,12,0x00
3,1,4,8,0,0,3,92,0,0x00
3,1,4,9,0,0,4,31,31,0x00
3,1,5,1,0,0,4,35,34,0x00
3,1,5,2,0,0,3,102,0,0x00
3,1,5,3,0,1,2,212,12,0x00
3,1,5,4,0,0,1,281,12,0x00
3,1,5,5,0,0,1,305,9,0x00
3,1,5,6,0,0,1,281,12,0x00
3,1,5,7,0,1,2,212,12,0x00
3,1,5,8,0,0,3,102,0,0x00
3,1,5,9,0,0,4,35,34,0x00
3,1,6,1,0,0,4,31,31,0x00
3,1,6,2,0,0,3,92,0,0x00
3,1,6,3,0,1,2,192,12,0x00
3,1,6,4,0,0,1,262,11,0x00
3,1,6,5,0,0,1,281,12,0x00
3,1,6,6,0,0,1,262,11,0x00
3,1,6,7,0,1,2,192,12,0x00
3,1,6,8,0,0,3,92,0,0x00
3,1,6,9,0,0,4,31,31,0x00
3,1,7,1,0,0,4,20,20,0x00
3,1,7,2,0,0,3,63,0,0x00
3,1,7,3,0,0,3,126,0,0x00
3,1,7,4,0,1,2,192,12,0x00
3,1,7,5,0,1,2,212,12,0x00
3,1,7,6,0,1,2,192,12,0x00
3,1,7,7,0,0,3,126,0,0x00
3,1,7,8,0,0,3,63,0,0x00
3,1,7,9,0,0,4,20,20,0x00
3,1,8,2,0,0,4,29,29,0x00
3,1,8,3,0,0,3,63,0,0x00
3,1,8,4,0,0,3,92,0,0x00
3,1,8,5,0,0,3,102,0,0x00
3,1,8,6,0,0,3,92,0,0x00
3,1,8,7,0,0,3,63,0,0x00
3,1,8,8,0,0,4,29,29,0x00
3,1,9,3,0,0,4,20,20,0x00
3,1,9,4,0,0,4,31,31,0x00
3,1,9,5,0,0,4,35,34,0x00
3,1,9,6,0,0,4,31,31,0x00
3,1,9,7,0,0,4,20,20,0x00
3,2,1,3,0,0,4,28,28,0x00
3,2,1,4,0,0,4,40,39,0x00
3,2,1,5,0,0,4,45,44,0x00
3,2,1,6,0,0,4,40,39,0x00
3,2,1,7,0,0,4,28,28,0x00
3,2,2,2,0,0,4,35,34,0x00
3,2,2,3,0,0,3,82,0,0x00
3,2,2,4,0,0,3,115,0,0x00
3,2,2,5,0,0,3,126,0,0x00
3,2,2,6,0,0,3,115,0,0x00
3,2,2,7,0,0,3,82,0,0x00
3,2,2,8,0,0,4,35,34,0x00
3,2,3,1,0,0,4,28,28,0x00
3,2,3,2,0,0,3,82,0,0x00
3,2,3,3,0,1,2,179,12,0x00
3,2,3,4,0,1,2,239,11,0x00
3,2,3,5,0,1,2,256,13,0x00
3,2,3,6,0,1,2,239,11,0x00
3,2,3,7,0,1,2,179,12,0x00
3,2,3,8,0,0,3,82,0,0x00
3,2,3,9,0,0,4,28,28,0x00
3,2,4,1,0,0,4,40,39,0x00
3,2,4,2,0,0,3,115,0,0x00
3,2,4,3,0,1,2,239,11,0x00
3,2,4,4,0,0,1,312,12,0x00
3,2,4,5,0,0,1,329,11,0x00
3,2,4,6,0,0,1,312,12,0x00
3,2,4,7,0,1,2,239,11,0x00
3,2,4,8,0,0,3,115,0,0x00
3,2,4,9,0,0,4,40,39,0x00
3,2,5,1,0,0,4,45,44,0x00
3,2,5,2,0,0,3,126,0,0x00
3,2,5,3,0,1,2,256,13,0x00
3,2,5,4,0,0,1,329,11,0x00
3,2,5,5,0,0,0,355,11,0x00
3,2,5,6,0,0,1,329,11,0x00
3,2,5,7,0,1,2,256,13,0x00
3,2,5,8,0,0,3,126,0,0x00
3,2,5,9,0,0,4,45,44,0x00
3,2,6,1,0,0,4,40,39,0x00
3,2,6,2,0,0,3,115,0,0x00
3,2,6,3,0,1,2,239,11,0x00
3,2,6,4,0,0,1,312,12,0x00
3,2,6,5,0,0,1,329,11,0x00
3,2,6,6,0,0,1,312,12,0x00
3,2,6,7,0,1,2,239,11,0x00
3,2,6,8,0,0,3,115,0,0x00
3,2,6,9,0,0,4,40,39,0x00
3,2,7,1,0,0,4,28,28,0x00
3,2,7,2,0,0,3,82,0,0x00
3,2,7,3,0,1,2,179,12,0x00
3,2,7,4,0,1,2,239,11,0x00
3,2,7,5,0,1,2,256,13,0x00
3,2,7,6,0,1,2,239,11,0x00
3,2,7,7,0,1,2,179,12,0x00
3,2,7,8,0,0,3,82,0,0x00
3,2,7,9,0,0,4,28,28,0x00
3,2,8,2,0,0,4,35,34,0x00
3,2,8,3,0,0,3,82,0,0x00
3,2,8,4,0,0,3,115,0,0x00
3,2,8,5,0,0,3,126,0,0x00
3,2,8,6,0,0,3,115,0,0x00
3,2,8,7,0,0,3,82,0,0x00
3,2,8,8,0,0,4,35,34,0x00
3,2,9,3,0,0,4,28,28,0x00
3,2,9,4,0,0,4,40,39,0x00
3,2,9,5,0,0,4,45,44,0x00
3,2,9,6,0,0,4,40,39,0x00
3,2,9,7,0,0,4,28,28,0x00
3,3,1,3,0,0,4,29,29,0x00
3,3,1,4,0,0,4,41,40,0x00
3,3,1,5,0,0,4,46,45,0x00
3,3,1,6,0,0,4,41,40,0x00
3,3,1,7,0,0,4,29,29,0x00
3,3,2,2,0,0,4,36,35,0x00
3,3,2,3,0,0,3,85,0,0x00
3,3,2,4,0,0,3,117,0,0x00
3,3,2,5,0,0,3,128,0,0x00
3,3,2,6,0,0,3,117,0,0x00
3,3,2,7,0,0,3,85,0,0x00
3,3,2,8,0,0,4,36,35,0x00
3,3,3,1,0,0,4,29,29,0x00
3,3,3,2,0,0,3,85,0,0x00
3,3,3,3,0,1,2,179,9,0x00
3,3,3,4,0,1,2,240,11,0x00
3,3,3,5,0,1,2,261,11,0x00
3,3,3,6,0,1,2,240,11,0x00
3,3,3,7,0,1,2,179,9,0x00
3,3,3,8,0,0,3,85,0,0x00
3,3,3,9,0,0,4,29,29,0x00
3,3,4,1,0,0,4,41,40,0x00
3,3,4,2,0,0,3,117,0,0x00
3,3,4,3,0,1,2,240,11,0x00
3,3,4,4,0,0,1,314,12,0x00
3,3,4,5,0,0,1,335,11,0x00
3,3,4,6,0,0,1,314,12,0x00
3,3,4,7,0,1,2,240,11,0x00
3,3,4,8,0,0,3,117,0,0x00
3,3,4,9,0,0,4,41,40,0x00
3,3,5,1,0,0,4,46,45,0x00
3,3,5,2,0,0,3,128,0,0x00
3,3,5,3,0,1,2,261,11,0x00
3,3,5,4,0,0,1,335,11,0x00
3,3,5,5,0,0,0,364,12,0x00
3,3,5,6,0,0,1,335,11,0x00
3,3,5,7,0,1,2,261,11,0x00
3,3,5,8,0,0,3,128,0,0x00
3,3,5,9,0,0,4,46,45,0x00
3,3,6,1,0,0,4,41,40,0x00
3,3,6,2,0,0,3,117,0,0x00
3,3,6,3,0,1,2,240,11,0x00
3,3,6,4,0,0,1,314,12,0x00
3,3,6,5,0,0,1,335,11,0x00
3,3,6,6,0,0,1,314,12,0x00
3,3,6,7,0,1,2,240,11,0x00
3,3,6,8,0,0,3,117,0,0x00
3,3,6,9,0,0,4,41,40,0x00
3,3,7,1,0,0,4,29,29,0x00
3,3,7,2,0,0,3,85,0,0x00
3,3,7,3,0,1,2,179,9,0x00
3,3,7,4,0,1,2,240,11,0x00
3,3,7,5,0,1,2,261,11,0x00
3,3,7,6,0,1,2,240,11,0x00
3,3,7,7,0,1,2,179,9,0x00
3,3,7,8,0,0,3,85,0,0x00
3,3,7,9,0,0,4,29,29,0x00
3,3,8,2,0,0,4,36,35,0x00
3,3,8,3,0,0,3,85,0,0x00
3,3,8,4,0,0,3,117,0,0x00
3,3,8,5,0,0,3,128,0,0x00
3,3,8,6,0,0,3,117,0,0x00
3,3,8,7,0,0,3,85,0,0x00
3,3,8,8,0,0,4,36,35,0x00
3,3,9,3,0,0,4,29,29,0x00
3,3,9,4,0,0,4,41,40,0x00
3,3,9,5,0,0,4,46,45,0x00
3,3,9,6,0,0,4,41,40,0x00
3,3,9,7,0,0,4,29,29,0x00
3,4,1,3,0,0,4,24,24,0x00
3,4,1,4,0,0,4,35,34,0x00
3,4,1,5,0,0,4,39,38,0x00
3,4,1,6,0,0,4,35,34,0x00
3,4,1,7,0,0,4,24,24,0x00
3,4,2,2,0,0,4,31,31,0x00
3,4,2,3,0,0,3,69,0,0x00
3,4,2,4,0,0,3,100,0,0x00
3,4,2,5,0,0,3,111,0,0x00
3,4,2,6,0,0,3,100,0,0x00
3,4,2,7,0,0,3,69,0,0x00
3,4,2,8,0,0,4,31,31,0x00
3,4,3,1,0,0,4,24,24,0x00
3,4,3,2,0,0,3,69,0,0x00
3,4,3,3,0,0,3,136,0,0x00
3,4,3,4,0,1,2,205,12,0x00
3,4,3,5,0,1,2,230,12,0x00
3,4,3,6,0,1,2,205,12,0x00
3,4,3,7,0,0,3,136,0,0x00
3,4,3,8,0,0,3,69,0,0x00
3,4,3,9,0,0,4,24,24,0x00
3,4,4,1,0,0,4,35,34,0x00
3,4,4,2,0,0,3,100,0,0x00
3,4,4,3,0,1,2,205,12,0x00
3,4,4,4,0,0,1,278,11,0x00
3,4,4,5,0,0,1,302,12,0x00
3,4,4,6,0,0,1,278,11,0x00
3,4,4,7,0,1,2,205,12,0x00
3,4,4,8,0,0,3,100,0,0x00
3,4,4,9,0,0,4,35,34,0x00
3,4,5,1,0,0,4,39,38,0x00
3,4,5,2,0,0,3,111,0,0x00
3,4,5,3,0,1,2,230,12,0x00
3,4,5,4,0,0,1,302,12,0x00
3,4,5,5,0,0,1,327,12,0x00
3,4,5,6,0,0,1,302,12,0x00
3,4,5,7,0,1,2,230,12,0x00
3,4,5,8,0,0,3,111,0,0x00
3,4,5,9,0,0,4,39,38,0x00
3,4,6,1,0,0,4,35,34,0x00
3,4,6,2,0,0,3,100,0,0x00
3,4,6,3,0,1,2,205,12,0x00
3,4,6,4,0,0,1,278,11,0x00
3,4,6,5,0,0,1,302,12,0x00
3,4,6,6,0,0,1,278,11,0x00
3,4,6,7,0,1,2,205,12,0x00
3,4,6,8,0,0,3,100,0,0x00
3,4,6,9,0,0,4,35,34,0x00
3,4,7,1,0,0,4,24,24,0x00
3,4,7,2,0,0,3,69,0,0x00
3,4,7,3,0,0,3,136,0,0x00
3,4,7,4,0,1,2,205,12,0x00
3,4,7,5,0,1,2,230,12,0x00
3,4,7,6,0,1,2,205,12,0x00
3,4,7,7,0,0,3,136,0,0x00
3,4,7,8,0,0,3,69,0,0x00
3,4,7,9,0,0,4,24,24,0x00
3,4,8,2,0,0,4,31,31,0x00
3,4,8,3,0,0,3,69,0,0x00
3,4,8,4,0,0,3,100,0,0x00
3,4,8,5,0,0,3,111,0,0x00
3,4,8,6,0,0,3,100,0,0x00
3,4,8,7,0,0,3,69,0,0x00
3,4,8,8,0,0,4,31,31,0x00
3,4,9,3,0,0,4,24,24,0x00
3,4,9,4,0,0,4,35,34,0x00
3,4,9,5,0,0,4,39,38,0x00
3,4,9,6,0,0,4,35,34,0x00
3,4,9,7,0,0,4,24,24,0x00
3,5,1,3,0,0,4,15,15,0x00
3,5,1,4,0,0,4,24,24,0x00
3,5,1,5,0,0,4,27,27,0x00
3,5,1,6,0,0,4,24,24,0x00
3,5,1,7,0,0,4,15,15,0x00
3,5,2,2,0,0,4,19,19,0x00
3,5,2,3,0,0,4,43,42,0x00
3,5,2,4,0,0,3,67,0,0x00
3,5,2,5,0,0,3,77,0,0x00
3,5,2,6,0,0,3,67,0,0x00
3,5,2,7,0,0,4,43,42,0x00
3,5,2,8,0,0,4,19,19,0x00
3,5,3,1,0,0,4,15,15,0x00
3,5,3,2,0,0,4,43,42,0x00
3,5,3,3,0,0,3,86,0,0x00
3,5,3,4,0,0,3,131,0,0x00
3,5,3,5,0,1,2,163,12,0x00
3,5,3,6,0,0,3,131,0,0x00
3,5,3,7,0,0,3,86,0,0x00
3,5,3,8,0,0,4,43,42,0x00
3,5,3,9,0,0,4,15,15,0x00
3,5,4,1,0,0,4,24,24,0x00
3,5,4,2,0,0,3,67,0,0x00
3,5,4,3,0,0,3,131,0,0x00
3,5,4,4,0,1,2,202,11,0x00
3,5,4,5,0,1,2,228,11,0x00
3,5,4,6,0,1,2,202,11,0x00
3,5,4,7,0,0,3,131,0,0x00
3,5,4,8,0,0,3,67,0,0x00
3,5,4,9,0,0,4,24,24,0x00
3,5,5,1,0,0,4,27,27,0x00
3,5,5,2,0,0,3,77,0,0x00
3,5,5,3,0,1,2,163,12,0x00
3,5,5,4,0,1,2,228,11,0x00
3,5,5,5,0,1,2,249,12,0x00
3,5,5,6,0,1,2,228,11,0x00
3,5,5,7,0,1,2,163,12,0x00
3,5,5,8,0,0,3,77,0,0x00
3,5,5,9,0,0,4,27,27,0x00
3,5,6,1,0,0,4,24,24,0x00
3,5,6,2,0,0,3,67,0,0x00
3,5,6,3,0,0,3,131,0,0x00
3,5,6,4,0,1,2,202,11,0x00
3,5,6,5,0,1,2,228,11,0x00
3,5,6,6,0,1,2,202,11,0x00
3,5,6,7,0,0,3,131,0,0x00
3,5,6,8,0,0,3,67,0,0x00
3,5,6,9,0,0,4,24,24,0x00
3,5,7,1,0,0,4,15,15,0x00
3,5,7,2,0,0,4,43,42,0x00
3,5,7,3,0,0,3,86,0,0x00
3,5,7,4,0,0,3,131,0,0x00
3,5,7,5,0,1,2,163,12,0x00
3,5,7,6,0,0,3,131,0,0x00
3,5,7,7,0,0,3,86,0,0x00
3,5,7,8,0,0,4,43,42,0x00
3,5,7,9,0,0,4,15,15,0x00
3,5,8,2,0,0,4,19,19,0x00
3,5,8,3,0,0,4,43,42,0x00
3,5,8,4,0,0,3,67,0,0x00
3,5,8,5,0,0,3,77,0,0x00
3,5,8,6,0,0,3,67,0,0x00
3,5,8,7,0,0,4,43,42,0x00
3,5,8,8,0,0,4,19,19,0x00
3,5,9,3,0,0,4,15,15,0x00
3,5,9,4,0,0,4,24,24,0x00
3,5,9,5,0,0,4,27,27,0x00
3,5,9,6,0,0,4,24,24,0x00
3,5,9,7,0,0,4,15,15,0x00
3,6,2,3,0,0,4,19,19,0x00
3,6,2,4,0,0,4,30,30,0x00
3,6,2,5,0,0,4,32,31,0x00
3,6,2,6,0,0,4,30,30,0x00
3,6,2,7,0,0,4,19,19,0x00
3,6,3,2,0,0,4,19,19,0x00
3,6,3,3,0,0,4,42,41,0x00
3,6,3,4,0,0,3,65,0,0x00
3,6,3,5,0,0,3,75,0,0x00
3,6,3,6,0,0,3,65,0,0x00
3,6,3,7,0,0,4,42,41,0x00
3,6,3,8,0,0,4,19,19,0x00
3,6,4,2,0,0,4,30,30,0x00
3,6,4,3,0,0,3,65,0,0x00
3,6,4,4,0,0,3,95,0,0x00
3,6,4,5,0,0,3,106,0,0x00
3,6,4,6,0,0,3,95,0,0x00
3,6,4,7,0,0,3,65,0,0x00
3,6,4,8,0,0,4,30,30,0x00
3,6,5,2,0,0,4,32,31,0x00
3,6,5,3,0,0,3,75,0,0x00
3,6,5,4,0,0,3,106,0,0x00
3,6,5,5,0,0,3,117,0,0x00
3,6,5,6,0,0,3,106,0,0x00
3,6,5,7,0,0,3,75,0,0x00
3,6,5,8,0,0,4,32,31,0x00
3,6,6,2,0,0,4,30,30,0x00
3,6,6,3,0,0,3,65,0,0x00
3,6,6,4,0,0,3,95,0,0x00
3,6,6,5,0,0,3,106,0,0x00
3,6,6,6,0,0,3,95,0,0x00
3,6,6,7,0,0,3,65,0,0x00
3,6,6,8,0,0,4,30,30,0x00
3,6,7,2,0,0,4,19,19,0x00
3,6,7,3,0,0,4,42,41,0x00
3,6,7,4,0,0,3,65,0,0x00
3,6,7,5,0,0,3,75,0,0x00
3,6,7,6,0,0,3,65,0,0x00
3,6,7,7,0,0,4,42,41,0x00
3,6,7,8,0,0,4,19,19,0x00
3,6,8,3,0,0,4,19,19,0x00
3,6,8,4,0,0,4,30,30,0x00
3,6,8,5,0,0,4,32,31,0x00
3,6,8,6,0,0,4,30,30,0x00
3,6,8,7,0,0,4,19,19,0x00
3,7,3,3,0,0,4,14,14,0x00
3,7,3,4,0,0,4,23,23,0x00
3,7,3,5,0,0,4,26,26,0x00
3,7,3,6,0,0,4,23,23,0x00
3,7,3,7,0,0,4,14,14,0x00
3,7,4,3,0,0,4,23,23,0x00
3,7,4,4,0,0,4,33,32,0x00
3,7,4,5,0,0,4,37,36,0x00
3,7,4,6,0,0,4,33,32,0x00
3,7,4,7,0,0,4,23,23,0x00
3,7,5,3,0,0,4,26,26,0x00
3,7,5,4,0,0,4,37,36,0x00
3,7,5,5,0,0,4,41,40,0x00
3,7,5,6,0,0,4,37,36,0x00
3,7,5,7,0,0,4,26,26,0x00
3,7,6,3,0,0,4,23,23,0x00
3,7,6,4,0,0,4,33,32,0x00
3,7,6,5,0,0,4,37,36,0x00
3,7,6,6,0,0,4,33,32,0x00
3,7,6,7,0,0,4,23,23,0x00
3,7,7,3,0,0,4,14,14,0x00
3,7,7,4,0,0,4,23,23,0x00
3,7,7,5,0,0,4,26,26,0x00
3,7,7,6,0,0,4,23,23,0x00
3,7,7,7,0,0,4,14,14,0x00
3,9,4,4,0,0,4,21,21,0x00
3,9,4,5,0,0,4,26,26,0x00
3,9,4,6,0,0,4,21,21,0x00
3,9,5,4,0,0,4,26,26,0x00
3,9,5,5,0,0,4,31,31,0x00
3,9,5,6,0,0,4,26,26,0x00
3,9,6,4,0,0,4,21,21,0x00
3,9,6,5,0,0,4,26,26,0x00
3,9,6,6,0,0,4,21,21,0x00
3,10,2,4,0,0,4,20,20,0x00
3,10,2,5,0,0,4,25,25,0x00
3,10,2,6,0,0,4,20,20,0x00
3,10,3,3,0,0,4,26,26,0x00
3,10,3,4,0,0,4,44,43,0x00
3,10,3,5,0,0,4,51,50,0x00
3,10,3,6,0,0,4,44,43,0x00
3,10,3,7,0,0,4,26,26,0x00
3,10,4,2,0,0,4,20,20,0x00
3,10,4,3,0,0,4,44,43,0x00
3,10,4,4,0,0,3,76,0,0x00
3,10,4,5,0,0,3,87,0,0x00
3,10,4,6,0,0,3,76,0,0x00
3,10,4,7,0,0,4,44,43,0x00
3,10,4,8,0,0,4,20,20,0x00
3,10,5,2,0,0,4,25,25,0x00
3,10,5,3,0,0,4,51,50,0x00
3,10,5,4,0,0,3,87,0,0x00
3,10,5,5,0,0,3,99,0,0x00
3,10,5,6,0,0,3,87,0,0x00
3,10,5,7,0,0,4,51,50,0x00
3,10,5,8,0,0,4,25,25,0x00
3,10,6,2,0,0,4,20,20,0x00
3,10,6,3,0,0,4,44,43,0x00
3,10,6,4,0,0,3,76,0,0x00
3,10,6,5,0,0,3,87,0,0x00
3,10,6,6,0,0,3,76,0,0x00
3,10,6,7,0,0,4,44,43,0x00
3,10,6,8,0,0,4,20,20,0x00
3,10,7,3,0,0,4,26,26,0x00
3,10,7,4,0,0,4,44,43,0x00
3,10,7,5,0,0,4,51,50,0x00
3,10,7,6,0,0,4,44,43,0x00
3,10,7,7,0,0,4,26,26,0x00
3,10,8,4,0,0,4,20,20,0x00
3,10,8,5,0,0,4,25,25,0x00
3,10,8,6,0,0,4,20,20,0x00
3,0,2,4,1,0,4,20,20,0x19
3,0,2,5,1,0,4,25,25,0x19
3,0,2,6,1,0,4,20,20,0x19
3,0,3,3,1,0,4,26,26,0x19
3,0,3,4,1,0,4,44,43,0x19
3,0,3,5,1,0,4,51,50,0x19
3,0,3,6,1,0,4,44,43,0x19
3,0,3,7,1,0,4,26,26,0x19
3,0,4,2,1,0,4,20,20,0x19
3,0,4,3,1,0,4,44,43,0x19
3,0,4,4,1,0,3,76,0,0x19
3,0,4,5,1,0,3,87,0,0x19
3,0,4,6,1,0,3,76,0,0x19
3,0,4,7,1,0,4,44,43,0x19
3,0,4,8,1,0,4,20,20,0x19
3,0,5,2,1,0,4,25,25,0x19
3,0,5,3,1,0,4,51,50,0x19
3,0,5,4,1,0,3,87,0,0x19
3,0,5,5,1,0,3,99,0,0x19
3,0,5,6,1,0,3,87,0,0x19
3,0,5,7,1,0,4,51,50,0x19
3,0,5,8,1,0,4,25,25,0x19
3,0,6,2,1,0,4,20,20,0x19
3,0,6,3,1,0,4,44,43,0x19
3,0,6,4,1,0,3,76,0,0x19
3,0,6,5,1,0,3,87,0,0x19
3,0,6,6,1,0,3,76,0,0x19
3,0,6,7,1,0,4,44,43,0x19
3,0,6,8,1,0,4,20,20,0x19
3,0,7,3,1,0,4,26,26,0x19
3,0,7,4,1,0,4,44,43,0x19
3,0,7,5,1,0,4,51,50,0x19
3,0,7,6,1,0,4,44,43,0x19
3,0,7,7,1,0,4,26,26,0x19
3,0,8,4,1,0,4,20,20,0x19
3,0,8,5,1,0,4,25,25,0x19
3,0,8,6,1,0,4,20,20,0x19
3,1,4,4,1,0,4,21,21,0x19
3,1,4,5,1,0,4,26,26,0x19
3,1,4,6,1,0,4,21,21,0x19
3,1,5,4,1,0,4,26,26,0x19
3,1,5,5,1,0,4,31,31,0x19
3,1,5,6,1,0,4,26,26,0x19
3,1,6,4,1,0,4,21,21,0x19
3,1,6,5,1,0,4,26,26,0x19
3,1,6,6,1,0,4,21,21,0x19
3,3,3,3,1,0,4,14,14,0x19
3,3,3,4,1,0,4,23,23,0x19
3,3,3,5,1,0,4,26,26,0x19
3,3,3,6,1,0,4,23,23,0x19
3,3,3,7,1,0,4,14,14,0x19
3,3,4,3,1,0,4,23,23,0x19
3,3,4,4,1,0,4,33,32,0x19
3,3,4,5,1,0,4,37,36,0x19
3,3,4,6,1,0,4,33,32,0x19
3,3,4,7,1,0,4,23,23,0x19
3,3,5,3,1,0,4,26,26,0x19
3,3,5,4,1,0,4,37,36,0x19
3,3,5,5,1,0,4,41,40,0x19
3,3,5,6,1,0,4,37,36,0x19
3,3,5,7,1,0,4,26,26,0x19
3,3,6,3,1,0,4,23,23,0x19
3,3,6,4,1,0,4,33,32,0x19
3,3,6,5,1,0,4,37,36,0x19
3,3,6,6,1,0,4,33,32,0x19
3,3,6,7,1,0,4,23,23,0x19
3,3,7,3,1,0,4,14,14,0x19
3,3,7,4,1,0,4,23,23,0x19
3,3,7,5,1,0,4,26,26,0x19
3,3,7,6,1,0,4,23,23,0x19
3,3,7,7,1,0,4,14,14,0x19
3,4,2,3,1,0,4,19,19,0x19
3,4,2,4,1,0,4,30,30,0x19
3,4,2,5,1,0,4,32,31,0x19
3,4,2,6,1,0,4,30,30,0x19
3,4,2,7,1,0,4,19,19,0x19
3,4,3,2,1,0,4,19,19,0x19
3,4,3,3,1,0,4,42,41,0x19
3,4,3,4,1,0,3,65,0,0x19
3,4,3,5,1,0,3,75,0,0x19
3,4,3,6,1,0,3,65,0,0x19
3,4,3,7,1,0,4,42,41,0x19
3,4,3,8,1,0,4,19,19,0x19
3,4,4,2,1,0,4,30,30,0x19
3,4,4,3,1,0,3,65,0,0x19
3,4,4,4,1,0,3,95,0,0x19
3,4,4,5,1,0,3,106,0,0x19
3,4,4,6,1,0,3,95,0,0x19
3,4,4,7,1,0,3,65,0,0x19
3,4,4,8,1,0,4,30,30,0x19
3,4,5,2,1,0,4,32,31,0x19
3,4,5,3,1,0,3,75,0,0x19
3,4,5,4,1,0,3,106,0,0x19
3,4,5,5,1,0,3,117,0,0x19
3,4,5,6,1,0,3,106,0,0x19
3,4,5,7,1,0,3,75,0,0x19
3,4,5,8,1,0,4,32,31,0x19
3,4,6,2,1,0,4,30,30,0x19
3,4,6,3,1,0,3,65,0,0x19
3,4,6,4,1,0,3,95,0,0x19
3,4,6,5,1,0,3,106,0,0x19
3,4,6,6,1,0,3,95,0,0x19
3,4,6,7,1,0,3,65,0,0x19
3,4,6,8,1,0,4,30,30,0x19
3,4,7,2,1,0,4,19,19,0x19
3,4,7,3,1,0,4,42,41,0x19
3,4,7,4,1,0,3,65,0,0x19
3,4,7,5,1,0,3,75,0,0x19
3,4,7,6,1,0,3,65,0,0x19
3,4,7,7,1,0,4,42,41,0x19
3,4,7,8,1,0,4,19,19,0x19
3,4,8,3,1,0,4,19,19,0x19
3,4,8,4,1,0,4,30,30,0x19
3,4,8,5,1,0,4,32,31,0x19
3,4,8,6,1,0,4,30,30,0x19
3,4,8,7,1,0,4,19,19,0x19
3,5,1,3,1,0,4,15,15,0x19
3,5,1,4,1,0,4,24,24,0x19
3,5,1,5,1,0,4,27,27,0x19
3,5,1,6,1,0,4,24,24,0x19
3,5,1,7,1,0,4,15,15,0x19
3,5,2,2,1,0,4,19,19,0x19
3,5,2,3,1,0,4,43,42,0x19
3,5,2,4,1,0,3,67,0,0x19
3,5,2,5,1,0,3,77,0,0x19
3,5,2,6,1,0,3,67,0,0x19
3,5,2,7,1,0,4,43,42,0x19
3,5,2,8,1,0,4,19,19,0x19
3,5,3,1,1,0,4,15,15,0x19
3,5,3,2,1,0,4,43,42,0x19
3,5,3,3,1,0,3,86,0,0x19
3,5,3,4,1,0,3,131,0,0x19
3,5,3,5,1,1,2,163,12,0x19
3,5,3,6,1,0,3,131,0,0x19
3,5,3,7,1,0,3,86,0,0x19
3,5,3,8,1,0,4,43,42,0x19
3,5,3,9,1,0,4,15,15,0x19
3,5,4,1,1,0,4,24,24,0x19
3,5,4,2,1,0,3,67,0,0x19
3,5,4,3,1,0,3,131,0,0x19
3,5,4,4,1,1,2,202,11,0x19
3,5,4,5,1,1,2,228,11,0x19
3,5,4,6,1,1,2,202,11,0x19
3,5,4,7,1,0,3,131,0,0x19
3,5,4,8,1,0,3,67,0,0x19
3,5,4,9,1,0,4,24,24,0x19
3,5,5,1,1,0,4,27,27,0x19
3,5,5,2,1,0,3,77,0,0x19
3,5,5,3,1,1,2,163,12,0x19
3,5,5,4,1,1,2,228,11,0x19
3,5,5,5,1,1,2,249,12,0x19
3,5,5,6,1,1,2,228,11,0x19
3,5,5,7,1,1,2,163,12,0x19
3,5,5,8,1,0,3,77,0,0x19
3,5,5,9,1,0,4,27,27,0x19
3,5,6,1,1,0,4,24,24,0x19
3,5,6,2,1,0,3,67,0,0x19
3,5,6,3,1,0,3,131,0,0x19
3,5,6,4,1,1,2,202,11,0x19
3,5,6,5,1,1,2,228,11,0x19
3,5,6,6,1,1,2,202,11,0x19
3,5,6,7,1,0,3,131,0,0x19
3,5,6,8,1,0,3,67,0,0x19
3,5,6,9,1,0,4,24,24,0x19
3,5,7,1,1,0,4,15,15,0x19
3,5,7,2,1,0,4,43,42,0x19
3,5,7,3,1,0,3,86,0,0x19
3,5,7,4,1,0,3,131,0,0x19
3,5,7,5,1,1,2,163,12,0x19
3,5,7,6,1,0,3,131,0,0x19
3,5,7,7,1,0,3,86,0,0x19
3,5,7,8,1,0,4,43,42,0x19
3,5,7,9,1,0,4,15,15,0x19
3,5,8,2,1,0,4,19,19,0x19
3,5,8,3,1,0,4,43,42,0x19
3,5,8,4,1,0,3,67,0,0x19
3,5,8,5,1,0,3,77,0,0x19
3,5,8,6,1,0,3,67,0,0x19
3,5,8,7,1,0,4,43,42,0x19
3,5,8,8,1,0,4,19,19,0x19
3,5,9,3,1,0,4,15,15,0x19
3,5,9,4,1,0,4,24,24,0x19
3,5,9,5,1,0,4,27,27,0x19
3,5,9,6,1,0,4,24,24,0x19
3,5,9,7,1,0,4,15,15,0x19
3,6,1,3,1,0,4,24,24,0x19
3,6,1,4,1,0,4,35,34,0x19
3,6,1,5,1,0,4,39,38,0x19
3,6,1,6,1,0,4,35,34,0x19
3,6,1,7,1,0,4,24,24,0x19
3,6,2,2,1,0,4,31,31,0x19
3,6,2,3,1,0,3,69,0,0x19
3,6,2,4,1,0,3,100,0,0x19
3,6,2,5,1,0,3,111,0,0x19
3,6,2,6,1,0,3,100,0,0x19
3,6,2,7,1,0,3,69,0,0x19
3,6,2,8,1,0,4,31,31,0x19
3,6,3,1,1,0,4,24,24,0x19
3,6,3,2,1,0,3,69,0,0x19
3,6,3,3,1,0,3,136,0,0x19
3,6,3,4,1,1,2,205,12,0x19
3,6,3,5,1,1,2,230,12,0x19
3,6,3,6,1,1,2,205,12,0x19
3,6,3,7,1,0,3,136,0,0x19
3,6,3,8,1,0,3,69,0,0x19
3,6,3,9,1,0,4,24,24,0x19
3,6,4,1,1,0,4,35,34,0x19
3,6,4,2,1,0,3,100,0,0x19
3,6,4,3,1,1,2,205,12,0x19
3,6,4,4,1,0,1,278,11,0x19
3,6,4,5,1,0,1,302,12,0x19
3,6,4,6,1,0,1,278,11,0x19
3,6,4,7,1,1,2,205,12,0x19
3,6,4,8,1,0,3,100,0,0x19
3,6,4,9,1,0,4,35,34,0x19
3,6,5,1,1,0,4,39,38,0x19
3,6,5,2,1,0,3,111,0,0x19
3,6,5,3,1,1,2,230,12,0x19
3,6,5,4,1,0,1,302,12,0x19
3,6,5,5,1,0,1,327,12,0x19
3,6,5,6,1,0,1,302,12,0x19
3,6,5,7,1,1,2,230,12,0x19
3,6,5,8,1,0,3,111,0,0x19
3,6,5,9,1,0,4,39,38,0x19
3,6,6,1,1,0,4,35,34,0x19
3,6,6,2,1,0,3,100,0,0x19
3,6,6,3,1,1,2,205,12,0x19
3,6,6,4,1,0,1,278,11,0x19
3,6,6,5,1,0,1,302,12,0x19
3,6,6,6,1,0,1,278,11,0x19
3,6,6,7,1,1,2,205,12,0x19
3,6,6,8,1,0,3,100,0,0x19
3,6,6,9,1,0,4,35,34,0x19
3,6,7,1,1,0,4,24,24,0x19
3,6,7,2,1,0,3,69,0,0x19
3,6,7,3,1,0,3,136,0,0x19
3,6,7,4,1,1,2,205,12,0x19
3,6,7,5,1,1,2,230,12,0x19
3,6,7,6,1,1,2,205,12,0x19
3,6,7,7,1,0,3,136,0,0x19
3,6,7,8,1,0,3,69,0,0x19
3,6,7,9,1,0,4,24,24,0x19
3,6,8,2,1,0,4,31,31,0x19
3,6,8,3,1,0,3,69,0,0x19
3,6,8,4,1,0,3,100,0,0x19
3,6,8,5,1,0,3,111,0,0x19
3,6,8,6,1,0,3,100,0,0x19
3,6,8,7,1,0,3,69,0,0x19
3,6,8,8,1,0,4,31,31,0x19
3,6,9,3,1,0,4,24,24,0x19
3,6,9,4,1,0,4,35,34,0x19
3,6,9,5,1,0,4,39,38,0x19
3,6,9,6,1,0,4,35,34,0x19
3,6,9,7,1,0,4,24,24,0x19
3,7,1,3,1,0,4,29,29,0x19
3,7,1,4,1,0,4,41,40,0x19
3,7,1,5,1,0,4,46,45,0x19
3,7,1,6,1,0,4,41,40,0x19
3,7,1,7,1,0,4,29,29,0x19
3,7,2,2,1,0,4,36,35,0x19
3,7,2,3,1,0,3,85,0,0x19
3,7,2,4,1,0,3,117,0,0x19
3,7,2,5,1,0,3,128,0,0x19
3,7,2,6,1,0,3,117,0,0x19
3,7,2,7,1,0,3,85,0,0x19
3,7,2,8,1,0,4,36,35,0x19
3,7,3,1,1,0,4,29,29,0x19
3,7,3,2,1,0,3,85,0,0x19
3,7,3,3,1,1,2,179,9,0x19
3,7,3,4,1,1,2,240,11,0x19
3,7,3,5,1,1,2,261,11,0x19
3,7,3,6,1,1,2,240,11,0x19
3,7,3,7,1,1,2,179,9,0x19
3,7,3,8,1,0,3,85,0,0x19
3,7,3,9,1,0,4,29,29,0x19
3,7,4,1,1,0,4,41,40,0x19
3,7,4,2,1,0,3,117,0,0x19
3,7,4,3,1,1,2,240,11,0x19
3,7,4,4,1,0,1,314,12,0x19
3,7,4,5,1,0,1,335,11,0x19
3,7,4,6,1,0,1,314,12,0x19
3,7,4,7,1,1,2,240,11,0x19
3,7,4,8,1,0,3,117,0,0x19
3,7,4,9,1,0,4,41,40,0x19
3,7,5,1,1,0,4,46,45,0x19
3,7,5,2,1,0,3,128,0,0x19
3,7,5,3,1,1,2,261,11,0x19
3,7,5,4,1,0,1,335,11,0x19
3,7,5,5,1,0,0,364,12,0x19
3,7,5,6,1,0,1,335,11,0x19
3,7,5,7,1,1,2,261,11,0x19
3,7,5,8,1,0,3,128,0,0x19
3,7,5,9,1,0,4,46,45,0x19
3,7,6,1,1,0,4,41,40,0x19
3,7,6,2,1,0,3,117,0,0x19
3,7,6,3,1,1,2,240,11,0x19
3,7,6,4,1,0,1,314,12,0x19
3,7,6,5,1,0,1,335,11,0x19
3,7,6,6,1,0,1,314,12,0x19
3,7,6,7,1,1,2,240,11,0x19
3,7,6,8,1,0,3,117,0,0x19
3,7,6,9,1,0,4,41,40,0x19
3,7,7,1,1,0,4,29,29,0x19
3,7,7,2,1,0,3,85,0,0x19
3,7,7,3,1,1,2,179,9,0x19
3,7,7,4,1,1,2,240,11,0x19
3,7,7,5,1,1,2,261,11,0x19
3,7,7,6,1,1,2,240,11,0x19
3,7,7,7,1,1,2,179,9,0x19
3,7,7,8,1,0,3,85,0,0x19
3,7,7,9,1,0,4,29,29,0x19
3,7,8,2,1,0,4,36,35,0x19
3,7,8,3,1,0,3,85,0,0x19
3,7,8,4,1,0,3,117,0,0x19
3,7,8,5,1,0,3,128,0,0x19
3,7,8,6,1,0,3,117,0,0x19
3,7,8,7,1,0,3,85,0,0x19
3,7,8,8,1,0,4,36,35,0x19
3,7,9,3,1,0,4,29,29,0x19
3,7,9,4,1,0,4,41,40,0x19
3,7,9,5,1,0,4,46,45,0x19
3,7,9,6,1,0,4,41,40,0x19
3,7,9,7,1,0,4,29,29,0x19
3,8,1,3,1,0,4,28,28,0x19
3,8,1,4,1,0,4,40,39,0x19
3,8,1,5,1,0,4,45,44,0x19
3,8,1,6,1,0,4,40,39,0x19
3,8,1,7,1,0,4,28,28,0x19
3,8,2,2,1,0,4,35,34,0x19
3,8,2,3,1,0,3,82,0,0x19
3,8,2,4,1,0,3,115,0,0x19
3,8,2,5,1,0,3,126,0,0x19
3,8,2,6,1,0,3,115,0,0x19
3,8,2,7,1,0,3,82,0,0x19
3,8,2,8,1,0,4,35,34,0x19
3,8,3,1,1,0,4,28,28,0x19
3,8,3,2,1,0,3,82,0,0x19
3,8,3,3,1,1,2,179,12,0x19
3,8,3,4,1,1,2,239,11,0x19
3,8,3,5,1,1,2,256,13,0x19
3,8,3,6,1,1,2,239,11,0x19
3,8,3,7,1,1,2,179,12,0x19
3,8,3,8,1,0,3,82,0,0x19
3,8,3,9,1,0,4,28,28,0x19
3,8,4,1,1,0,4,40,39,0x19
3,8,4,2,1,0,3,115,0,0x19
3,8,4,3,1,1,2,239,11,0x19
3,8,4,4,1,0,1,312,12,0x19
3,8,4,5,1,0,1,329,11,0x19
3,8,4,6,1,0,1,312,12,0x19
3,8,4,7,1,1,2,239,11,0x19
3,8,4,8,1,0,3,115,0,0x19
3,8,4,9,1,0,4,40,39,0x19
3,8,5,1,1,0,4,45,44,0x19
3,8,5,2,1,0,3,126,0,0x19
3,8,5,3,1,1,2,256,13,0x19
3,8,5,4,1,0,1,329,11,0x19
3,8,5,5,1,0,0,355,11,0x3F
3,8,5,6,1,0,1,329,11,0x19
3,8,5,7,1,1,2,256,13,0x19
3,8,5,8,1,0,3,126,0,0x19
3,8,5,9,1,0,4,45,44,0x19
3,8,6,1,1,0,4,40,39,0x19
3,8,6,2,1,0,3,115,0,0x19
3,8,6,3,1,1,2,239,11,0x19
3,8,6,4,1,0,1,312,12,0x19
3,8,6,5,1,0,1,329,11,0x19
3,8,6,6,1,0,1,312,12,0x19
3,8,6,7,1,1,2,239,11,0x19
3,8,6,8,1,0,3,115,0,0x19
3,8,6,9,1,0,4,40,39,0x19
3,8,7,1,1,0,4,28,28,0x19
3,8,7,2,1,0,3,82,0,0x19
3,8,7,3,1,1,2,179,12,0x19
3,8,7,4,1,1,2,239,11,0x19
3,8,7,5,1,1,2,256,13,0x19
3,8,7,6,1,1,2,239,11,0x19
3,8,7,7,1,1,2,179,12,0x19
3,8,7,8,1,0,3,82,0,0x19
3,8,7,9,1,0,4,28,28,0x19
3,8,8,2,1,0,4,35,34,0x19
3,8,8,3,1,0,3,82,0,0x19
3,8,8,4,1,0,3,115,0,0x19
3,8,8,5,1,0,3,126,0,0x19
3,8,8,6,1,0,3,115,0,0x19
3,8,8,7,1,0,3,82,0,0x19
3,8,8,8,1,0,4,35,34,0x19
3,8,9,3,1,0,4,28,28,0x19
3,8,9,4,1,0,4,40,39,0x19
3,8,9,5,1,0,4,45,44,0x19
3,8,9,6,1,0,4,40,39,0x19
3,8,9,7,1,0,4,28,28,0x19
3,9,1,3,1,0,4,20,20,0x19
3,9,1,4,1,0,4,31,31,0x19
3,9,1,5,1,0,4,35,34,0x19
3,9,1,6,1,0,4,31,31,0x19
3,9,1,7,1,0,4,20,20,0x19
3,9,2,2,1,0,4,29,29,0x19
3,9,2,3,1,0,3,63,0,0x19
3,9,2,4,1,0,3,92,0,0x19
3,9,2,5,1,0,3,102,0,0x19
3,9,2,6,1,0,3,92,0,0x19
3,9,2,7,1,0,3,63,0,0x19
3,9,2,8,1,0,4,29,29,0x19
3,9,3,1,1,0,4,20,20,0x19
3,9,3,2,1,0,3,63,0,0x19
3,9,3,3,1,0,3,126,0,0x19
3,9,3,4,1,1,2,192,12,0x19
3,9,3,5,1,1,2,212,12,0x19
3,9,3,6,1,1,2,192,12,0x19
3,9,3,7,1,0,3,126,0,0x19
3,9,3,8,1,0,3,63,0,0x19
3,9,3,9,1,0,4,20,20,0x19
3,9,4,1,1,0,4,31,31,0x19
3,9,4,2,1,0,3,92,0,0x19
3,9,4,3,1,1,2,192,12,0x19
3,9,4,4,1,0,1,262,11,0x19
3,9,4,5,1,0,1,281,12,0x19
3,9,4,6,1,0,1,262,11,0x19
3,9,4,7,1,1,2,192,12,0x19
3,9,4,8,1,0,3,92,0,0x19
3,9,4,9,1,0,4,31,31,0x19
3,9,5,1,1,0,4,35,34,0x19
3,9,5,2,1,0,3,102,0,0x19
3,9,5,3,1,1,2,212,12,0x19
3,9,5,4,1,0,1,281,12,0x19
3,9,5,5,1,0,1,305,9,0x19
3,9,5,6,1,0,1,281,12,0x19
3,9,5,7,1,1,2,212,12,0x19
3,9,5,8,1,0,3,102,0,0x19
3,9,5,9,1,0,4,35,34,0x19
3,9,6,1,1,0,4,31,31,0x19
3,9,6,2,1,0,3,92,0,0x19
3,9,6,3,1,1,2,192,12,0x19
3,9,6,4,1,0,1,262,11,0x19
3,9,6,5,1,0,1,281,12,0x19
3,9,6,6,1,0,1,262,11,0x19
3,9,6,7,1,1,2,192,12,0x19
3,9,6,8,1,0,3,92,0,0x19
3,9,6,9,1,0,4,31,31,0x19
3,9,7,1,1,0,4,20,20,0x19
3,9,7,2,1,0,3,63,0,0x19
3,9,7,3,1,0,3,126,0,0x19
3,9,7,4,1,1,2,192,12,0x19
3,9,7,5,1,1,2,212,12,0x19
3,9,7,6,1,1,2,192,12,0x19
3,9,7,7,1,0,3,126,0,0x19
3,9,7,8,1,0,3,63,0,0x19
3,9,7,9,1,0,4,20,20,0x19
3,9,8,2,1,0,4,29,29,0x19
3,9,8,3,1,0,3,63,0,0x19
3,9,8,4,1,0,3,92,0,0x19
3,9,8,5,1,0,3,102,0,0x19
3,9,8,6,1,0,3,92,0,0x19
3,9,8,7,1,0,3,63,0,0x19
3,9,8,8,1,0,4,29,29,0x19
3,9,9,3,1,0,4,20,20,0x19
3,9,9,4,1,0,4,31,31,0x19
3,9,9,5,1,0,4,35,34,0x19
3,9,9,6,1,0,4,31,31,0x19
3,9,9,7,1,0,4,20,20,0x19
3,10,1,4,1,0,4,17,17,0x19
3,10,1,5,1,0,4,21,21,0x19
3,10,1,6,1,0,4,17,17,0x19
3,10,2,2,1,0,4,15,15,0x19
3,10,2,3,1,0,4,31,31,0x19
3,10,2,4,1,0,4,52,51,0x19
3,10,2,5,1,0,3,62,0,0x19
3,10,2,6,1,0,4,52,51,0x19
3,10,2,7,1,0,4,31,31,0x19
3,10,2,8,1,0,4,15,15,0x19
3,10,3,2,1,0,4,31,31,0x19
3,10,3,3,1,0,3,72,0,0x19
3,10,3,4,1,0,3,110,0,0x19
3,10,3,5,1,0,3,123,0,0x19
3,10,3,6,1,0,3,110,0,0x19
3,10,3,7,1,0,3,72,0,0x19
3,10,3,8,1,0,4,31,31,0x19
3,10,4,1,1,0,4,17,17,0x19
3,10,4,2,1,0,4,52,51,0x19
3,10,4,3,1,0,3,110,0,0x19
3,10,4,4,1,1,2,181,11,0x19
3,10,4,5,1,1,2,205,12,0x19
3,10,4,6,1,1,2,181,11,0x19
3,10,4,7,1,0,3,110,0,0x19
3,10,4,8,1,0,4,52,51,0x19
3,10,4,9,1,0,4,17,17,0x19
3,10,5,1,1,0,4,21,21,0x19
3,10,5,2,1,0,3,62,0,0x19
3,10,5,3,1,0,3,123,0,0x19
3,10,5,4,1,1,2,205,12,0x19
3,10,5,5,1,1,2,226,13,0x19
3,10,5,6,1,1,2,205,12,0x19
3,10,5,7,1,0,3,123,0,0x19
3,10,5,8,1,0,3,62,0,0x19
3,10,5,9,1,0,4,21,21,0x19
3,10,6,1,1,0,4,17,17,0x19
3,10,6,2,1,0,4,52,51,0x19
3,10,6,3,1,0,3,110,0,0x19
3,10,6,4,1,1,2,181,11,0x19
3,10,6,5,1,1,2,205,12,0x19
3,10,6,6,1,1,2,181,11,0x19
3,10,6,7,1,0,3,110,0,0x19
3,10,6,8,1,0,4,52,51,0x19
3,10,6,9,1,0,4,17,17,0x19
3,10,7,2,1,0,4,31,31,0x19
3,10,7,3,1,0,3,72,0,0x19
3,10,7,4,1,0,3,110,0,0x19
3,10,7,5,1,0,3,123,0,0x19
3,10,7,6,1,0,3,110,0,0x19
3,10,7,7,1,0,3,72,0,0x19
3,10,7,8,1,0,4,31,31,0x19
3,10,8,2,1,0,4,15,15,0x19
3,10,8,3,1,0,4,31,31,0x19
3,10,8,4,1,0,4,52,51,0x19
3,10,8,5,1,0,3,62,0,0x19
3,10,8,6,1,0,4,52,51,0x19
3,10,8,7,1,0,4,31,31,0x19
3,10,8,8,1,0,4,15,15,0x19
3,10,9,4,1,0,4,17,17,0x19
3,10,9,5,1,0,4,21,21,0x19
3,10,9,6,1,0,4,17,17,0x19
4,0,1,4,0,0,4,17,17,0x00
4,0,1,5,0,0,4,21,21,0x00
4,0,1,6,0,0,4,17,17,0x00
4,0,2,2,0,0,4,15,15,0x00
4,0,2,3,0,0,4,31,31,0x00
4,0,2,4,0,0,4,52,51,0x00
4,0,2,5,0,1,3,62,0,0x00
4,0,2,6,0,0,4,52,51,0x00
4,0,2,7,0,0,4,31,31,0x00
4,0,2,8,0,0,4,15,15,0x00
4,0,3,2,0,0,4,31,31,0x00
4,0,3,3,0,1,3,71,0,0x00
4,0,3,4,0,1,3,114,0,0x00
4,0,3,5,0,1,3,125,1,0x00
4,0,3,6,0,1,3,114,0,0x00
4,0,3,7,0,1,3,71,0,0x00
4,0,3,8,0,0,4,31,31,0x00
4,0,4,1,0,0,4,17,17,0x00
4,0,4,2,0,0,4,52,51,0x00
4,0,4,3,0,1,3,114,0,0x00
4,0,4,4,0,0,2,181,11,0x00
4,0,4,5,0,0,2,202,11,0x00
4,0,4,6,0,0,2,181,11,0x00
4,0,4,7,0,1,3,114,0,0x00
4,0,4,8,0,0,4,52,51,0x00
4,0,4,9,0,0,4,17,17,0x00
4,0,5,1,0,0,4,21,21,0x00
4,0,5,2,0,1,3,62,0,0x00
4,0,5,3,0,1,3,125,1,0x00
4,0,5,4,0,0,2,202,11,0x00
4,0,5,5,0,0,2,228,9,0x00
4,0,5,6,0,0,2,202,11,0x00
4,0,5,7,0,1,3,125,1,0x00
4,0,5,8,0,1,3,62,0,0x00
4,0,5,9,0,0,4,21,21,0x00
4,0,6,1,0,0,4,17,17,0x00
4,0,6,2,0,0,4,52,51,0x00
4,0,6,3,0,1,3,114,0,0x00
4,0,6,4,0,0,2,181,11,0x00
4,0,6,5,0,0,2,202,11,0x00
4,0,6,6,0,0,2,181,11,0x00
4,0,6,7,0,1,3,114,0,0x00
4,0,6,8,0,0,4,52,51,0x00
4,0,6,9,0,0,4,17,17,0x00
4,0,7,2,0,0,4,31,31,0x00
4,0,7,3,0,1,3,71,0,0x00
4,0,7,4,0,1,3,114,0,0x00
4,0,7,5,0,1,3,125,1,0x00
4,0,7,6,0,1,3,114,0,0x00
4,0,7,7,0,1,3,71,0,0x00
4,0,7,8,0,0,4,31,31,0x00
4,0,8,2,0,0,4,15,15,0x00
4,0,8,3,0,0,4,31,31,0x00
4,0,8,4,0,0,4,52,51,0x00
4,0,8,5,0,1,3,62,0,0x00
4,0,8,6,0,0,4,52,51,0x00
4,0,8,7,0,0,4,31,31,0x00
4,0,8,8,0,0,4,15,15,0x00
4,0,9,4,0,0,4,17,17,0x00
4,0,9,5,0,0,4,21,21,0x00
4,0,9,6,0,0,4,17,17,0x00
4,1,1,3,0,0,4,20,20,0x00
4,1,1,4,0,0,4,31,31,0x00
4,1,1,5,0,0,4,35,34,0x00
4,1,1,6,0,0,4,31,31,0x00
4,1,1,7,0,0,4,20,20,0x00
4,1,2,2,0,0,4,29,29,0x00
4,1,2,3,0,1,3,63,0,0x00
4,1,2,4,0,1,3,92,0,0x00
4,1,2,5,0,1,3,102,0,0x00
4,1,2,6,0,1,3,92,0,0x00
4,1,2,7,0,1,3,63,0,0x00
4,1,2,8,0,0,4,29,29,0x00
4,1,3,1,0,0,4,20,20,0x00
4,1,3,2,0,1,3,63,0,0x00
4,1,3,3,0,1,3,131,0,0x00
4,1,3,4,0,0,2,193,10,0x00
4,1,3,5,0,0,2,212,11,0x00
4,1,3,6,0,0,2,193,10,0x00
4,1,3,7,0,1,3,131,0,0x00
4,1,3,8,0,1,3,63,0,0x00
4,1,3,9,0,0,4,20,20,0x00
4,1,4,1,0,0,4,31,31,0x00
4,1,4,2,0,1,3,92,0,0x00
4,1,4,3,0,0,2,193,10,0x00
4,1,4,4,0,0,1,263,12,0x00
4,1,4,5,0,0,1,286,12,0x00
4,1,4,6,0,0,1,263,12,0x00
4,1,4,7,0,0,2,193,10,0x00
4,1,4,8,0,1,3,92,0,0x00
4,1,4,9,0,0,4,31,31,0x00
4,1,5,1,0,0,4,35,34,0x00
4,1,5,2,0,1,3,102,0,0x00
4,1,5,3,0,0,2,212,11,0x00
4,1,5,4,0,0,1,286,12,0x00
4,1,5,5,0,0,1,310,10,0x00
4,1,5,6,0,0,1,286,12,0x00
4,1,5,7,0,0,2,212,11,0x00
4,1,5,8,0,1,3,102,0,0x00
4,1,5,9,0,0,4,35,34,0x00
4,1,6,1,0,0,4,31,31,0x00
4,1,6,2,0,1,3,92,0,0x00
4,1,6,3,0,0,2,193,10,0x00
4,1,6,4,0,0,1,263,12,0x00
4,1,6,5,0,0,1,286,12,0x00
4,1,6,6,0,0,1,263,12,0x00
4,1,6,7,0,0,2,193,10,0x00
4,1,6,8,0,1,3,92,0,0x00
4,1,6,9,0,0,4,31,31,0x00
4,1,7,1,0,0,4,20,20,0x00
4,1,7,2,0,1,3,63,0,0x00
4,1,7,3,0,1,3,131,0,0x00
4,1,7,4,0,0,2,193,10,0x00
4,1,7,5,0,0,2,212,11,0x00
4,1,7,6,0,0,2,193,10,0x00
4,1,7,7,0,1,3,131,0,0x00
4,1,7,8,0,1,3,63,0,0x00
4,1,7,9,0,0,4,20,20,0x00
4,1,8,2,0,0,4,29,29,0x00
4,1,8,3,0,1,3,63,0,0x00
4,1,8,4,0,1,3,92,0,0x00
4,1,8,5,0,1,3,102,0,0x00
4,1,8,6,0,1,3,92,0,0x00
4,1,8,7,0,1,3,63,0,0x00
4,1,8,8,0,0,4,29,29,0x00
4,1,9,3,0,0,4,20,20,0x00
4,1,9,4,0,0,4,31,31,0x00
4,1,9,5,0,0,4,35,34,0x00
4,1,9,6,0,0,4,31,31,0x00
4,1,9,7,0,0,4,20,20,0x00
4,2,1,3,0,0,4,28,28,0x00
4,2,1,4,0,0,4,40,39,0x00
4,2,1,5,0,0,4,45,44,0x00
4,2,1,6,0,0,4,40,39,0x00
4,2,1,7,0,0,4,28,28,0x00
4,2,2,2,0,0,4,35,34,0x00
4,2,2,3,0,1,3,82,0,0x00
4,2,2,4,0,1,3,114,0,0x00
4,2,2,5,0,1,3,125,0,0x00
4,2,2,6,0,1,3,114,0,0x00
4,2,2,7,0,1,3,82,0,0x00
4,2,2,8,0,0,4,35,34,0x00
4,2,3,1,0,0,4,28,28,0x00
4,2,3,2,0,1,3,82,0,0x00
4,2,3,3,0,0,2,181,12,0x00
4,2,3,4,0,0,2,234,11,0x00
4,2,3,5,0,0,2,250,11,0x00
4,2,3,6,0,0,2,234,11,0x00
4,2,3,7,0,0,2,181,12,0x00
4,2,3,8,0,1,3,82,0,0x00
4,2,3,9,0,0,4,28,28,0x00
4,2,4,1,0,0,4,40,39,0x00
4,2,4,2,0,1,3,114,0,0x00
4,2,4,3,0,0,2,234,11,0x00
4,2,4,4,0,0,1,305,10,0x00
4,2,4,5,0,0,1,330,11,0x00
4,2,4,6,0,0,1,305,10,0x00
4,2,4,7,0,0,2,234,11,0x00
4,2,4,8,0,1,3,114,0,0x00
4,2,4,9,0,0,4,40,39,0x00
4,2,5,1,0,0,4,45,44,0x00
4,2,5,2,0,1,3,125,0,0x00
4,2,5,3,0,0,2,250,11,0x00
4,2,5,4,0,0,1,330,11,0x00
4,2,5,5,0,0,0,350,11,0x00
4,2,5,6,0,0,1,330,11,0x00
4,2,5,7,0,0,2,250,11,0x00
4,2,5,8,0,1,3,125,0,0x00
4,2,5,9,0,0,4,45,44,0x00
4,2,6,1,0,0,4,40,39,0x00
4,2,6,2,0,1,3,114,0,0x00
4,2,6,3,0,0,2,234,11,0x00
4,2,6,4,0,0,1,305,10,0x00
4,2,6,5,0,0,1,330,11,0x00
4,2,6,6,0,0,1,305,10,0x00
4,2,6,7,0,0,2,234,11,0x00
4,2,6,8,0,1,3,114,0,0x00
4,2,6,9,0,0,4,40,39,0x00
4,2,7,1,0,0,4,28,28,0x00
4,2,7,2,0,1,3,82,0,0x00
4,2,7,3,0,0,2,181,12,0x00
4,2,7,4,0,0,2,234,11,0x00
4,2,7,5,0,0,2,250,11,0x00
4,2,7,6,0,0,2,234,11,0x00
4,2,7,7,0,0,2,181,12,0x00
4,2,7,8,0,1,3,82,0,0x00
4,2,7,9,0,0,4,28,28,0x00
4,2,8,2,0,0,4,35,34,0x00
4,2,8,3,0,1,3,82,0,0x00
4,2,8,4,0,1,3,114,0,0x00
4,2,8,5,0,1,3,125,0,0x00
4,2,8,6,0,1,3,114,0,0x00
4,2,8,7,0,1,3,82,0,0x00
4,2,8,8,0,0,4,35,34,0x00
4,2,9,3,0,0,4,28,28,0x00
4,2,9,4,0,0,4,40,39,0x00
4,2,9,5,0,0,4,45,44,0x00
4,2,9,6,0,0,4,40,39,0x00
4,2,9,7,0,0,4,28,28,0x00
4,3,1,3,0,0,4,29,29,0x00
4,3,1,4,0,0,4,41,40,0x00
4,3,1,5,0,0,4,46,45,0x00
4,3,1,6,0,0,4,41,40,0x00
4,3,1,7,0,0,4,29,29,0x00
4,3,2,2,0,0,4,36,35,0x00
4,3,2,3,0,1,3,84,0,0x00
4,3,2,4,0,1,3,117,0,0x00
4,3,2,5,0,1,3,128,0,0x00
4,3,2,6,0,1,3,117,0,0x00
4,3,2,7,0,1,3,84,0,0x00
4,3,2,8,0,0,4,36,35,0x00
4,3,3,1,0,0,4,29,29,0x00
4,3,3,2,0,1,3,84,0,0x00
4,3,3,3,0,0,2,179,9,0x00
4,3,3,4,0,0,2,241,12,0x00
4,3,3,5,0,0,2,257,12,0x00
4,3,3,6,0,0,2,241,12,0x00
4,3,3,7,0,0,2,179,9,0x00
4,3,3,8,0,1,3,84,0,0x00
4,3,3,9,0,0,4,29,29,0x00
4,3,4,1,0,0,4,41,40,0x00
4,3,4,2,0,1,3,117,0,0x00
4,3,4,3,0,0,2,241,12,0x00
4,3,4,4,0,0,1,309,11,0x00
4,3,4,5,0,0,1,336,12,0x00
4,3,4,6,0,0,1,309,11,0x00
4,3,4,7,0,0,2,241,12,0x00
4,3,4,8,0,1,3,117,0,0x00
4,3,4,9,0,0,4,41,40,0x00
4,3,5,1,0,0,4,46,45,0x00
4,3,5,2,0,1,3,128,0,0x00
4,3,5,3,0,0,2,257,12,0x00
4,3,5,4,0,0,1,336,12,0x00
4,3,5,5,0,0,0,358,12,0x00
4,3,5,6,0,0,1,336,12,0x00
4,3,5,7,0,0,2,257,12,0x00
4,3,5,8,0,1,3,128,0,0x00
4,3,5,9,0,0,4,46,45,0x00
4,3,6,1,0,0,4,41,40,0x00
4,3,6,2,0,1,3,117,0,0x00
4,3,6,3,0,0,2,241,12,0x00
4,3,6,4,0,0,1,309,11,0x00
4,3,6,5,0,0,1,336,12,0x00
4,3,6,6,0,0,1,309,11,0x00
4,3,6,7,0,0,2,241,12,0x00
4,3,6,8,0,1,3,117,0,0x00
4,3,6,9,0,0,4,41,40,0x00
4,3,7,1,0,0,4,29,29,0x00
4,3,7,2,0,1,3,84,0,0x00
4,3,7,3,0,0,2,179,9,0x00
4,3,7,4,0,0,2,241,12,0x00
4,3,7,5,0,0,2,257,12,0x00
4,3,7,6,0,0,2,241,12,0x00
4,3,7,7,0,0,2,179,9,0x00
4,3,7,8,0,1,3,84,0,0x00
4,3,7,9,0,0,4,29,29,0x00
4,3,8,2,0,0,4,36,35,0x00
4,3,8,3,0,1,3,84,0,0x00
4,3,8,4,0,1,3,117,0,0x00
4,3,8,5,0,1,3,128,0,0x00
4,3,8,6,0,1,3,117,0,0x00
4,3,8,7,0,1,3,84,0,0x00
4,3,8,8,0,0,4,36,35,0x00
4,3,9,3,0,0,4,29,29,0x00
4,3,9,4,0,0,4,41,40,0x00
4,3,9,5,0,0,4,46,45,0x00
4,3,9,6,0,0,4,41,40,0x00
4,3,9,7,0,0,4,29,29,0x00
4,4,1,3,0,0,4,24,24,0x00
4,4,1,4,0,0,4,35,34,0x00
4,4,1,5,0,0,4,39,38,0x00
4,4,1,6,0,0,4,35,34,0x00
4,4,1,7,0,0,4,24,24,0x00
4,4,2,2,0,0,4,31,31,0x00
4,4,2,3,0,1,3,69,0,0x00
4,4,2,4,0,1,3,100,0,0x00
4,4,2,5,0,1,3,111,0,0x00
4,4,2,6,0,1,3,100,0,0x00
4,4,2,7,0,1,3,69,0,0x00
4,4,2,8,0,0,4,31,31,0x00
4,4,3,1,0,0,4,24,24,0x00
4,4,3,2,0,1,3,69,0,0x00
4,4,3,3,0,1,3,137,0,0x00
4,4,3,4,0,0,2,206,11,0x00
4,4,3,5,0,0,2,228,10,0x00
4,4,3,6,0,0,2,206,11,0x00
4,4,3,7,0,1,3,137,0,0x00
4,4,3,8,0,1,3,69,0,0x00
4,4,3,9,0,0,4,24,24,0x00
4,4,4,1,0,0,4,35,34,0x00
4,4,4,2,0,1,3,100,0,0x00
4,4,4,3,0,0,2,206,11,0x00
4,4,4,4,0,0,1,278,11,0x00
4,4,4,5,0,0,1,302,12,0x00
4,4,4,6,0,0,1,278,11,0x00
4,4,4,7,0,0,2,206,11,0x00
4,4,4,8,0,1,3,100,0,0x00
4,4,4,9,0,0,4,35,34,0x00
4,4,5,1,0,0,4,39,38,0x00
4,4,5,2,0,1,3,111,0,0x00
4,4,5,3,0,0,2,228,10,0x00
4,4,5,4,0,0,1,302,12,0x00
4,4,5,5,0,0,1,321,12,0x00
4,4,5,6,0,0,1,302,12,0x00
4,4,5,7,0,0,2,228,10,0x00
4,4,5,8,0,1,3,111,0,0x00
4,4,5,9,0,0,4,39,38,0x00
4,4,6,1,0,0,4,35,34,0x00
4,4,6,2,0,1,3,100,0,0x00
4,4,6,3,0,0,2,206,11,0x00
4,4,6,4,0,0,1,278,11,0x00
4,4,6,5,0,0,1,302,12,0x00
4,4,6,6,0,0,1,278,11,0x00
4,4,6,7,0,0,2,206,11,0x00
4,4,6,8,0,1,3,100,0,0x00
4,4,6,9,0,0,4,35,34,0x00
4,4,7,1,0,0,4,24,24,0x00
4,4,7,2,0,1,3,69,0,0x00
4,4,7,3,0,1,3,137,0,0x00
4,4,7,4,0,0,2,206,11,0x00
4,4,7,5,0,0,2,228,10,0x00
4,4,7,6,0,0,2,206,11,0x00
4,4,7,7,0,1,3,137,0,0x00
4,4,7,8,0,1,3,69,0,0x00
4,4,7,9,0,0,4,24,24,0x00
4,4,8,2,0,0,4,31,31,0x00
4,4,8,3,0,1,3,69,0,0x00
4,4,8,4,0,1,3,100,0,0x00
4,4,8,5,0,1,3,111,0,0x00
4,4,8,6,0,1,3,100,0,0x00
4,4,8,7,0,1,3,69,0,0x00
4,4,8,8,0,0,4,31,31,0x00
4,4,9,3,0,0,4,24,24,0x00
4,4,9,4,0,0,4,35,34,0x00
4,4,9,5,0,0,4,39,38,0x00
4,4,9,6,0,0,4,35,34,0x00
4,4,9,7,0,0,4,24,24,0x00
4,5,1,3,0,0,4,15,15,0x00
4,5,1,4,0,0,4,24,24,0x00
4,5,1,5,0,0,4,27,27,0x00
4,5,1,6,0,0,4,24,24,0x00
4,5,1,7,0,0,4,15,15,0x00
4,5,2,2,0,0,4,19,19,0x00
4,5,2,3,0,0,4,43,42,0x00
4,5,2,4,0,1,3,67,0,0x00
4,5,2,5,0,1,3,77,0,0x00
4,5,2,6,0,1,3,67,0,0x00
4,5,2,7,0,0,4,43,42,0x00
4,5,2,8,0,0,4,19,19,0x00
4,5,3,1,0,0,4,15,15,0x00
4,5,3,2,0,0,4,43,42,0x00
4,5,3,3,0,1,3,86,0,0x00
4,5,3,4,0,1,3,131,0,0x00
4,5,3,5,0,0,2,161,11,0x00
4,5,3,6,0,1,3,131,0,0x00
4,5,3,7,0,1,3,86,0,0x00
4,5,3,8,0,0,4,43,42,0x00
4,5,3,9,0,0,4,15,15,0x00
4,5,4,1,0,0,4,24,24,0x00
4,5,4,2,0,1,3,67,0,0x00
4,5,4,3,0,1,3,131,0,0x00
4,5,4,4,0,0,2,199,11,0x00
4,5,4,5,0,0,2,223,11,0x00
4,5,4,6,0,0,2,199,11,0x00
4,5,4,7,0,1,3,131,0,0x00
4,5,4,8,0,1,3,67,0,0x00
4,5,4,9,0,0,4,24,24,0x00
4,5,5,1,0,0,4,27,27,0x00
4,5,5,2,0,1,3,77,0,0x00
4,5,5,3,0,0,2,161,11,0x00
4,5,5,4,0,0,2,223,11,0x00
4,5,5,5,0,0,2,246,11,0x00
4,5,5,6,0,0,2,223,11,0x00
4,5,5,7,0,0,2,161,11,0x00
4,5,5,8,0,1,3,77,0,0x00
4,5,5,9,0,0,4,27,27,0x00
4,5,6,1,0,0,4,24,24,0x00
4,5,6,2,0,1,3,67,0,0x00
4,5,6,3,0,1,3,131,0,0x00
4,5,6,4,0,0,2,199,11,0x00
4,5,6,5,0,0,2,223,11,0x00
4,5,6,6,0,0,2,199,11,0x00
4,5,6,7,0,1,3,131,0,0x00
4,5,6,8,0,1,3,67,0,0x00
4,5,6,9,0,0,4,24,24,0x00
4,5,7,1,0,0,4,15,15,0x00
4,5,7,2,0,0,4,43,42,0x00
4,5,7,3,0,1,3,86,0,0x00
4,5,7,4,0,1,3,131,0,0x00
4,5,7,5,0,0,2,161,11,0x00
4,5,7,6,0,1,3,131,0,0x00
4,5,7,7,0,1,3,86,0,0x00
4,5,7,8,0,0,4,43,42,0x00
4,5,7,9,0,0,4,15,15,0x00
4,5,8,2,0,0,4,19,19,0x00
4,5,8,3,0,0,4,43,42,0x00
4,5,8,4,0,1,3,67,0,0x00
4,5,8,5,0,1,3,77,0,0x00
4,5,8,6,0,1,3,67,0,0x00
4,5,8,7,0,0,4,43,42,0x00
4,5,8,8,0,0,4,19,19,0x00
4,5,9,3,0,0,4,15,15,0x00
4,5,9,4,0,0,4,24,24,0x00
4,5,9,5,0,0,4,27,27,0x00
4,5,9,6,0,0,4,24,24,0x00
4,5,9,7,0,0,4,15,15,0x00
4,6,2,3,0,0,4,19,19,0x00
4,6,2,4,0,0,4,30,30,0x00
4,6,2,5,0,0,4,32,31,0x00
4,6,2,6,0,0,4,30,30,0x00
4,6,2,7,0,0,4,19,19,0x00
4,6,3,2,0,0,4,19,19,0x00
4,6,3,3,0,0,4,42,41,0x00
4,6,3,4,0,1,3,65,0,0x00
4,6,3,5,0,1,3,75,0,0x00
4,6,3,6,0,1,3,65,0,0x00
4,6,3,7,0,0,4,42,41,0x00
4,6,3,8,0,0,4,19,19,0x00
4,6,4,2,0,0,4,30,30,0x00
4,6,4,3,0,1,3,65,0,0x00
4,6,4,4,0,1,3,95,0,0x00
4,6,4,5,0,1,3,106,0,0x00
4,6,4,6,0,1,3,95,0,0x00
4,6,4,7,0,1,3,65,0,0x00
4,6,4,8,0,0,4,30,30,0x00
4,6,5,2,0,0,4,32,31,0x00
4,6,5,3,0,1,3,75,0,0x00
4,6,5,4,0,1,3,106,0,0x00
4,6,5,5,0,1,3,116,0,0x00
4,6,5,6,0,1,3,106,0,0x00
4,6,5,7,0,1,3,75,0,0x00
4,6,5,8,0,0,4,32,31,0x00
4,6,6,2,0,0,4,30,30,0x00
4,6,6,3,0,1,3,65,0,0x00
4,6,6,4,0,1,3,95,0,0x00
4,6,6,5,0,1,3,106,0,0x00
4,6,6,6,0,1,3,95,0,0x00
4,6,6,7,0,1,3,65,0,0x00
4,6,6,8,0,0,4,30,30,0x00
4,6,7,2,0,0,4,19,19,0x00
4,6,7,3,0,0,4,42,41,0x00
4,6,7,4,0,1,3,65,0,0x00
4,6,7,5,0,1,3,75,0,0x00
4,6,7,6,0,1,3,65,0,0x00
4,6,7,7,0,0,4,42,41,0x00
4,6,7,8,0,0,4,19,19,0x00
4,6,8,3,0,0,4,19,19,0x00
4,6,8,4,0,0,4,30,30,0x00
4,6,8,5,0,0,4,32,31,0x00
4,6,8,6,0,0,4,30,30,0x00
4,6,8,7,0,0,4,19,19,0x00
4,7,3,3,0,0,4,14,14,0x00
4,7,3,4,0,0,4,23,23,0x00
4,7,3,5,0,0,4,26,26,0x00
4,7,3,6,0,0,4,23,23,0x00
4,7,3,7,0,0,4,14,14,0x00
4,7,4,3,0,0,4,23,23,0x00
4,7,4,4,0,0,4,33,32,0x00
4,7,4,5,0,0,4,37,36,0x00
4,7,4,6,0,0,4,33,32,0x00
4,7,4,7,0,0,4,23,23,0x00
4,7,5,3,0,0,4,26,26,0x00
4,7,5,4,0,0,4,37,36,0x00
4,7,5,5,0,0,4,41,40,0x00
4,7,5,6,0,0,4,37,36,0x00
4,7,5,7,0,0,4,26,26,0x00
4,7,6,3,0,0,4,23,23,0x00
4,7,6,4,0,0,4,33,32,0x00
4,7,6,5,0,0,4,37,36,0x00
4,7,6,6,0,0,4,33,32,0x00
4,7,6,7,0,0,4,23,23,0x00
4,7,7,3,0,0,4,14,14,0x00
4,7,7,4,0,0,4,23,23,0x00
4,7,7,5,0,0,4,26,26,0x00
4,7,7,6,0,0,4,23,23,0x00
4,7,7,7,0,0,4,14,14,0x00
4,9,4,4,0,0,4,21,21,0x00
4,9,4,5,0,0,4,26,26,0x00
4,9,4,6,0,0,4,21,21,0x00
4,9,5,4,0,0,4,26,26,0x00
4,9,5,5,0,0,4,31,31,0x00
4,9,5,6,0,0,4,26,26,0x00
4,9,6,4,0,0,4,21,21,0x00
4,9,6,5,0,0,4,26,26,0x00
4,9,6,6,0,0,4,21,21,0x00
4,10,2,4,0,0,4,20,20,0x00
4,10,2,5,0,0,4,25,25,0x00
4,10,2,6,0,0,4,20,20,0x00
4,10,3,3,0,0,4,26,26,0x00
4,10,3,4,0,0,4,44,43,0x00
4,10,3,5,0,0,4,51,50,0x00
4,10,3,6,0,0,4,44,43,0x00
4,10,3,7,0,0,4,26,26,0x00
4,10,4,2,0,0,4,20,20,0x00
4,10,4,3,0,0,4,44,43,0x00
4,10,4,4,0,1,3,76,0,0x00
4,10,4,5,0,1,3,87,0,0x00
4,10,4,6,0,1,3,76,0,0x00
4,10,4,7,0,0,4,44,43,0x00
4,10,4,8,0,0,4,20,20,0x00
4,10,5,2,0,0,4,25,25,0x00
4,10,5,3,0,0,4,51,50,0x00
4,10,5,4,0,1,3,87,0,0x00
4,10,5,5,0,1,3,99,0,0x00
4,10,5,6,0,1,3,87,0,0x00
4,10,5,7,0,0,4,51,50,0x00
4,10,5,8,0,0,4,25,25,0x00
4,10,6,2,0,0,4,20,20,0x00
4,10,6,3,0,0,4,44,43,0x00
4,10,6,4,0,1,3,76,0,0x00
4,10,6,5,0,1,3,87,0,0x00
4,10,6,6,0,1,3,76,0,0x00
4,10,6,7,0,0,4,44,43,0x00
4,10,6,8,0,0,4,20,20,0x00
4,10,7,3,0,0,4,26,26,0x00
4,10,7,4,0,0,4,44,43,0x00
4,10,7,5,0,0,4,51,50,0x00
4,10,7,6,0,0,4,44,43,0x00
4,10,7,7,0,0,4,26,26,0x00
4,10,8,4,0,0,4,20,20,0x00
4,10,8,5,0,0,4,25,25,0x00
4,10,8,6,0,0,4,20,20,0x00
4,0,2,4,1,0,4,20,20,0x19
4,0,2,5,1,0,4,25,25,0x19
4,0,2,6,1,0,4,20,20,0x19
4,0,3,3,1,0,4,26,26,0x19
4,0,3,4,1,0,4,44,43,0x19
4,0,3,5,1,0,4,51,50,0x19
4,0,3,6,1,0,4,44,43,0x19
4,0,3,7,1,0,4,26,26,0x19
4,0,4,2,1,0,4,20,20,0x19
4,0,4,3,1,0,4,44,43,0x19
4,0,4,4,1,1,3,76,0,0x19
4,0,4,5,1,1,3,87,0,0x19
4,0,4,6,1,1,3,76,0,0x19
4,0,4,7,1,0,4,44,43,0x19
4,0,4,8,1,0,4,20,20,0x19
4,0,5,2,1,0,4,25,25,0x19
4,0,5,3,1,0,4,51,50,0x19
4,0,5,4,1,1,3,87,0,0x19
4,0,5,5,1,1,3,99,0,0x19
4,0,5,6,1,1,3,87,0,0x19
4,0,5,7,1,0,4,51,50,0x19
4,0,5,8,1,0,4,25,25,0x19
4,0,6,2,1,0,4,20,20,0x19
4,0,6,3,1,0,4,44,43,0x19
4,0,6,4,1,1,3,76,0,0x19
4,0,6,5,1,1,3,87,0,0x19
4,0,6,6,1,1,3,76,0,0x19
4,0,6,7,1,0,4,44,43,0x19
4,0,6,8,1,0,4,20,20,0x19
4,0,7,3,1,0,4,26,26,0x19
4,0,7,4,1,0,4,44,43,0x19
4,0,7,5,1,0,4,51,50,0x19
4,0,7,6,1,0,4,44,43,0x19
4,0,7,7,1,0,4,26,26,0x19
4,0,8,4,1,0,4,20,20,0x19
4,0,8,5,1,0,4,25,25,0x19
4,0,8,6,1,0,4,20,20,0x19
4,1,4,4,1,0,4,21,21,0x19
4,1,4,5,1,0,4,26,26,0x19
4,1,4,6,1,0,4,21,21,0x19
4,1,5,4,1,0,4,26,26,0x19
4,1,5,5,1,0,4,31,31,0x19
4,1,5,6,1,0,4,26,26,0x19
4,1,6,4,1,0,4,21,21,0x19
4,1,6,5,1,0,4,26,26,0x19
4,1,6,6,1,0,4,21,21,0x19
4,3,3,3,1,0,4,14,14,0x19
4,3,3,4,1,0,4,23,23,0x19
4,3,3,5,1,0,4,26,26,0x19
4,3,3,6,1,0,4,23,23,0x19
4,3,3,7,1,0,4,14,14,0x19
4,3,4,3,1,0,4,23,23,0x19
4,3,4,4,1,0,4,33,32,0x19
4,3,4,5,1,0,4,37,36,0x19
4,3,4,6,1,0,4,33,32,0x19
4,3,4,7,1,0,4,23,23,0x19
4,3,5,3,1,0,4,26,26,0x19
4,3,5,4,1,0,4,37,36,0x19
4,3,5,5,1,0,4,41,40,0x19
4,3,5,6,1,0,4,37,36,0x19
4,3,5,7,1,0,4,26,26,0x19
4,3,6,3,1,0,4,23,23,0x19
4,3,6,4,1,0,4,33,32,0x19
4,3,6,5,1,0,4,37,36,0x19
4,3,6,6,1,0,4,33,32,0x19
4,3,6,7,1,0,4,23,23,0x19
4,3,7,3,1,0,4,14,14,0x19
4,3,7,4,1,0,4,23,23,0x19
4,3,7,5,1,0,4,26,26,0x19
4,3,7,6,1,0,4,23,23,0x19
4,3,7,7,1,0,4,14,14,0x19
4,4,2,3,1,0,4,19,19,0x19
4,4,2,4,1,0,4,30,30,0x19
4,4,2,5,1,0,4,32,31,0x19
4,4,2,6,1,0,4,30,30,0x19
4,4,2,7,1,0,4,19,19,0x19
4,4,3,2,1,0,4,19,19,0x19
4,4,3,3,1,0,4,42,41,0x19
4,4,3,4,1,1,3,65,0,0x19
4,4,3,5,1,1,3,75,0,0x19
4,4,3,6,1,1,3,65,0,0x19
4,4,3,7,1,0,4,42,41,0x19
4,4,3,8,1,0,4,19,19,0x19
4,4,4,2,1,0,4,30,30,0x19
4,4,4,3,1,1,3,65,0,0x19
4,4,4,4,1,1,3,95,0,0x19
4,4,4,5,1,1,3,106,0,0x19
4,4,4,6,1,1,3,95,0,0x19
4,4,4,7,1,1,3,65,0,0x19
4,4,4,8,1,0,4,30,30,0x19
4,4,5,2,1,0,4,32,31,0x19
4,4,5,3,1,1,3,75,0,0x19
4,4,5,4,1,1,3,106,0,0x19
4,4,5,5,1,1,3,116,0,0x19
4,4,5,6,1,1,3,106,0,0x19
4,4,5,7,1,1,3,75,0,0x19
4,4,5,8,1,0,4,32,31,0x19
4,4,6,2,1,0,4,30,30,0x19
4,4,6,3,1,1,3,65,0,0x19
4,4,6,4,1,1,3,95,0,0x19
4,4,6,5,1,1,3,106,0,0x19
4,4,6,6,1,1,3,95,0,0x19
4,4,6,7,1,1,3,65,0,0x19
4,4,6,8,1,0,4,30,30,0x19
4,4,7,2,1,0,4,19,19,0x19
4,4,7,3,1,0,4,42,41,0x19
4,4,7,4,1,1,3,65,0,0x19
4,4,7,5,1,1,3,75,0,0x19
4,4,7,6,1,1,3,65,0,0x19
4,4,7,7,1,0,4,42,41,0x19
4,4,7,8,1,0,4,19,19,0x19
4,4,8,3,1,0,4,19,19,0x19
4,4,8,4,1,0,4,30,30,0x19
4,4,8,5,1,0,4,32,31,0x19
4,4,8,6,1,0,4,30,30,0x19
4,4,8,7,1,0,4,19,19,0x19
4,5,1,3,1,0,4,15,15,0x19
4,5,1,4,1,0,4,24,24,0x19
4,5,1,5,1,0,4,27,27,0x19
4,5,1,6,1,0,4,24,24,0x19
4,5,1,7,1,0,4,15,15,0x19
4,5,2,2,1,0,4,19,19,0x19
4,5,2,3,1,0,4,43,42,0x19
4,5,2,4,1,1,3,67,0,0x19
4,5,2,5,1,1,3,77,0,0x19
4,5,2,6,1,1,3,67,0,0x19
4,5,2,7,1,0,4,43,42,0x19
4,5,2,8,1,0,4,19,19,0x19
4,5,3,1,1,0,4,15,15,0x19
4,5,3,2,1,0,4,43,42,0x19
4,5,3,3,1,1,3,86,0,0x19
4,5,3,4,1,1,3,131,0,0x19
4,5,3,5,1,0,2,161,11,0x19
4,5,3,6,1,1,3,131,0,0x19
4,5,3,7,1,1,3,86,0,0x19
4,5,3,8,1,0,4,43,42,0x19
4,5,3,9,1,0,4,15,15,0x19
4,5,4,1,1,0,4,24,24,0x19
4,5,4,2,1,1,3,67,0,0x19
4,5,4,3,1,1,3,131,0,0x19
4,5,4,4,1,0,2,199,11,0x19
4,5,4,5,1,0,2,223,11,0x19
4,5,4,6,1,0,2,199,11,0x19
4,5,4,7,1,1,3,131,0,0x19
4,5,4,8,1,1,3,67,0,0x19
4,5,4,9,1,0,4,24,24,0x19
4,5,5,1,1,0,4,27,27,0x19
4,5,5,2,1,1,3,77,0,0x19
4,5,5,3,1,0,2,161,11,0x19
4,5,5,4,1,0,2,223,11,0x19
4,5,5,5,1,0,2,246,11,0x19
4,5,5,6,1,0,2,223,11,0x19
4,5,5,7,1,0,2,161,11,0x19
4,5,5,8,1,1,3,77,0,0x19
4,5,5,9,1,0,4,27,27,0x19
4,5,6,1,1,0,4,24,24,0x19
4,5,6,2,1,1,3,67,0,0x19
4,5,6,3,1,1,3,131,0,0x19
4,5,6,4,1,0,2,199,11,0x19
4,5,6,5,1,0,2,223,11,0x19
4,5,6,6,1,0,2,199,11,0x19
4,5,6,7,1,1,3,131,0,0x19
4,5,6,8,1,1,3,67,0,0x19
4,5,6,9,1,0,4,24,24,0x19
4,5,7,1,1,0,4,15,15,0x19
4,5,7,2,1,0,4,43,42,0x19
4,5,7,3,1,1,3,86,0,0x19
4,5,7,4,1,1,3,131,0,0x19
4,5,7,5,1,0,2,161,11,0x19
4,5,7,6,1,1,3,131,0,0x19
4,5,7,7,1,1,3,86,0,0x19
4,5,7,8,1,0,4,43,42,0x19
4,5,7,9,1,0,4,15,15,0x19
4,5,8,2,1,0,4,19,19,0x19
4,5,8,3,1,0,4,43,42,0x19
4,5,8,4,1,1,3,67,0,0x19
4,5,8,5,1,1,3,77,0,0x19
4,5,8,6,1,1,3,67,0,0x19
4,5,8,7,1,0,4,43,42,0x19
4,5,8,8,1,0,4,19,19,0x19
4,5,9,3,1,0,4,15,15,0x19
4,5,9,4,1,0,4,24,24,0x19
4,5,9,5,1,0,4,27,27,0x19
4,5,9,6,1,0,4,24,24,0x19
4,5,9,7,1,0,4,15,15,0x19
4,6,1,3,1,0,4,24,24,0x19
4,6,1,4,1,0,4,35,34,0x19
4,6,1,5,1,0,4,39,38,0x19
4,6,1,6,1,0,4,35,34,0x19
4,6,1,7,1,0,4,24,24,0x19
4,6,2,2,1,0,4,31,31,0x19
4,6,2,3,1,1,3,69,0,0x19
4,6,2,4,1,1,3,100,0,0x19
4,6,2,5,1,1,3,111,0,0x19
4,6,2,6,1,1,3,100,0,0x19
4,6,2,7,1,1,3,69,0,0x19
4,6,2,8,1,0,4,31,31,0x19
4,6,3,1,1,0,4,24,24,0x19
4,6,3,2,1,1,3,69,0,0x19
4,6,3,3,1,1,3,137,0,0x19
4,6,3,4,1,0,2,206,11,0x19
4,6,3,5,1,0,2,228,10,0x19
4,6,3,6,1,0,2,206,11,0x19
4,6,3,7,1,1,3,137,0,0x19
4,6,3,8,1,1,3,69,0,0x19
4,6,3,9,1,0,4,24,24,0x19
4,6,4,1,1,0,4,35,34,0x19
4,6,4,2,1,1,3,100,0,0x19
4,6,4,3,1,0,2,206,11,0x19
4,6,4,4,1,0,1,278,11,0x19
4,6,4,5,1,0,1,302,12,0x19
4,6,4,6,1,0,1,278,11,0x19
4,6,4,7,1,0,2,206,11,0x19
4,6,4,8,1,1,3,100,0,0x19
4,6,4,9,1,0,4,35,34,0x19
4,6,5,1,1,0,4,39,38,0x19
4,6,5,2,1,1,3,111,0,0x19
4,6,5,3,1,0,2,228,10,0x19
4,6,5,4,1,0,1,302,12,0x19
4,6,5,5,1,0,1,321,12,0x19
4,6,5,6,1,0,1,302,12,0x19
4,6,5,7,1,0,2,228,10,0x19
4,6,5,8,1,1,3,111,0,0x19
4,6,5,9,1,0,4,39,38,0x19
4,6,6,1,1,0,4,35,34,0x19
4,6,6,2,1,1,3,100,0,0x19
4,6,6,3,1,0,2,206,11,0x19
4,6,6,4,1,0,1,278,11,0x19
4,6,6,5,1,0,1,302,12,0x19
4,6,6,6,1,0,1,278,11,0x19
4,6,6,7,1,0,2,206,11,0x19
4,6,6,8,1,1,3,100,0,0x19
4,6,6,9,1,0,4,35,34,0x19
4,6,7,1,1,0,4,24,24,0x19
4,6,7,2,1,1,3,69,0,0x19
4,6,7,3,1,1,3,137,0,0x19
4,6,7,4,1,0,2,206,11,0x19
4,6,7,5,1,0,2,228,10,0x19
4,6,7,6,1,0,2,206,11,0x19
4,6,7,7,1,1,3,137,0,0x19
4,6,7,8,1,1,3,69,0,0x19
4,6,7,9,1,0,4,24,24,0x19
4,6,8,2,1,0,4,31,31,0x19
4,6,8,3,1,1,3,69,0,0x19
4,6,8,4,1,1,3,100,0,0x19
4,6,8,5,1,1,3,111,0,0x19
4,6,8,6,1,1,3,100,0,0x19
4,6,8,7,1,1,3,69,0,0x19
4,6,8,8,1,0,4,31,31,0x19
4,6,9,3,1,0,4,24,24,0x19
4,6,9,4,1,0,4,35,34,0x19
4,6,9,5,1,0,4,39,38,0x19
4,6,9,6,1,0,4,35,34,0x19
4,6,9,7,1,0,4,24,24,0x19
4,7,1,3,1,0,4,29,29,0x19
4,7,1,4,1,0,4,41,40,0x19
4,7,1,5,1,0,4,46,45,0x19
4,7,1,6,1,0,4,41,40,0x19
4,7,1,7,1,0,4,29,29,0x19
4,7,2,2,1,0,4,36,35,0x19
4,7,2,3,1,1,3,84,0,0x19
4,7,2,4,1,1,3,117,0,0x19
4,7,2,5,1,1,3,128,0,0x19
4,7,2,6,1,1,3,117,0,0x19
4,7,2,7,1,1,3,84,0,0x19
4,7,2,8,1,0,4,36,35,0x19
4,7,3,1,1,0,4,29,29,0x19
4,7,3,2,1,1,3,84,0,0x19
4,7,3,3,1,0,2,179,9,0x19
4,7,3,4,1,0,2,241,12,0x19
4,7,3,5,1,0,2,257,12,0x19
4,7,3,6,1,0,2,241,12,0x19
4,7,3,7,1,0,2,179,9,0x19
4,7,3,8,1,1,3,84,0,0x19
4,7,3,9,1,0,4,29,29,0x19
4,7,4,1,1,0,4,41,40,0x19
4,7,4,2,1,1,3,117,0,0x19
4,7,4,3,1,0,2,241,12,0x19
4,7,4,4,1,0,1,309,11,0x19
4,7,4,5,1,0,1,336,12,0x19
4,7,4,6,1,0,1,309,11,0x19
4,7,4,7,1,0,2,241,12,0x19
4,7,4,8,1,1,3,117,0,0x19
4,7,4,9,1,0,4,41,40,0x19
4,7,5,1,1,0,4,46,45,0x19
4,7,5,2,1,1,3,128,0,0x19
4,7,5,3,1,0,2,257,12,0x19
4,7,5,4,1,0,1,336,12,0x19
4,7,5,5,1,0,0,358,12,0x19
4,7,5,6,1,0,1,336,12,0x19
4,7,5,7,1,0,2,257,12,0x19
4,7,5,8,1,1,3,128,0,0x19
4,7,5,9,1,0,4,46,45,0x19
4,7,6,1,1,0,4,41,40,0x19
4,7,6,2,1,1,3,117,0,0x19
4,7,6,3,1,0,2,241,12,0x19
4,7,6,4,1,0,1,309,11,0x19
4,7,6,5,1,0,1,336,12,0x19
4,7,6,6,1,0,1,309,11,0x19
4,7,6,7,1,0,2,241,12,0x19
4,7,6,8,1,1,3,117,0,0x19
4,7,6,9,1,0,4,41,40,0x19
4,7,7,1,1,0,4,29,29,0x19
4,7,7,2,1,1,3,84,0,0x19
4,7,7,3,1,0,2,179,9,0x19
4,7,7,4,1,0,2,241,12,0x19
4,7,7,5,1,0,2,257,12,0x19
4,7,7,6,1,0,2,241,12,0x19
4,7,7,7,1,0,2,179,9,0x19
4,7,7,8,1,1,3,84,0,0x19
4,7,7,9,1,0,4,29,29,0x19
4,7,8,2,1,0,4,36,35,0x19
4,7,8,3,1,1,3,84,0,0x19
4,7,8,4,1,1,3,117,0,0x19
4,7,8,5,1,1,3,128,0,0x19
4,7,8,6,1,1,3,117,0,0x19
4,7,8,7,1,1,3,84,0,0x19
4,7,8,8,1,0,4,36,35,0x19
4,7,9,3,1,0,4,29,29,0x19
4,7,9,4,1,0,4,41,40,0x19
4,7,9,5,1,0,4,46,45,0x19
4,7,9,6,1,0,4,41,40,0x19
4,7,9,7,1,0,4,29,29,0x19
4,8,1,3,1,0,4,28,28,0x19
4,8,1,4,1,0,4,40,39,0x19
4,8,1,5,1,0,4,45,44,0x19
4,8,1,6,1,0,4,40,39,0x19
4,8,1,7,1,0,4,28,28,0x19
4,8,2,2,1,0,4,35,34,0x19
4,8,2,3,1,1,3,82,0,0x19
4,8,2,4,1,1,3,114,0,0x19
4,8,2,5,1,1,3,125,0,0x19
4,8,2,6,1,1,3,114,0,0x19
4,8,2,7,1,1,3,82,0,0x19
4,8,2,8,1,0,4,35,34,0x19
4,8,3,1,1,0,4,28,28,0x19
4,8,3,2,1,1,3,82,0,0x19
4,8,3,3,1,0,2,181,12,0x19
4,8,3,4,1,0,2,234,11,0x19
4,8,3,5,1,0,2,250,11,0x19
4,8,3,6,1,0,2,234,11,0x19
4,8,3,7,1,0,2,181,12,0x19
4,8,3,8,1,1,3,82,0,0x19
4,8,3,9,1,0,4,28,28,0x19
4,8,4,1,1,0,4,40,39,0x19
4,8,4,2,1,1,3,114,0,0x19
4,8,4,3,1,0,2,234,11,0x19
4,8,4,4,1,0,1,305,10,0x19
4,8,4,5,1,0,1,330,11,0x19
4,8,4,6,1,0,1,305,10,0x19
4,8,4,7,1,0,2,234,11,0x19
4,8,4,8,1,1,3,114,0,0x19
4,8,4,9,1,0,4,40,39,0x19
4,8,5,1,1,0,4,45,44,0x19
4,8,5,2,1,1,3,125,0,0x19
4,8,5,3,1,0,2,250,11,0x19
4,8,5,4,1,0,1,330,11,0x19
4,8,5,5,1,0,0,350,11,0x3F
4,8,5,6,1,0,1,330,11,0x19
4,8,5,7,1,0,2,250,11,0x19
4,8,5,8,1,1,3,125,0,0x19
4,8,5,9,1,0,4,45,44,0x19
4,8,6,1,1,0,4,40,39,0x19
4,8,6,2,1,1,3,114,0,0x19
4,8,6,3,1,0,2,234,11,0x19
4,8,6,4,1,0,1,305,10,0x19
4,8,6,5,1,0,1,330,11,0x19
4,8,6,6,1,0,1,305,10,0x19
4,8,6,7,1,0,2,234,11,0x19
4,8,6,8,1,1,3,114,0,0x19
4,8,6,9,1,0,4,40,39,0x19
4,8,7,1,1,0,4,28,28,0x19
4,8,7,2,1,1,3,82,0,0x19
4,8,7,3,1,0,2,181,12,0x19
4,8,7,4,1,0,2,234,11,0x19
4,8,7,5,1,0,2,250,11,0x19
4,8,7,6,1,0,2,234,11,0x19
4,8,7,7,1,0,2,181,12,0x19
4,8,7,8,1,1,3,82,0,0x19
4,8,7,9,1,0,4,28,28,0x19
4,8,8,2,1,0,4,35,34,0x19
4,8,8,3,1,1,3,82,0,0x19
4,8,8,4,1,1,3,114,0,0x19
4,8,8,5,1,1,3,125,0,0x19
4,8,8,6,1,1,3,114,0,0x19
4,8,8,7,1,1,3,82,0,0x19
4,8,8,8,1,0,4,35,34,0x19
4,8,9,3,1,0,4,28,28,0x19
4,8,9,4,1,0,4,40,39,0x19
4,8,9,5,1,0,4,45,44,0x19
4,8,9,6,1,0,4,40,39,0x19
4,8,9,7,1,0,4,28,28,0x19
4,9,1,3,1,0,4,20,20,0x19
4,9,1,4,1,0,4,31,31,0x19
4,9,1,5,1,0,4,35,34,0x19
4,9,1,6,1,0,4,31,31,0x19
4,9,1,7,1,0,4,20,20,0x19
4,9,2,2,1,0,4,29,29,0x19
4,9,2,3,1,1,3,63,0,0x19
4,9,2,4,1,1,3,92,0,0x19
4,9,2,5,1,1,3,102,0,0x19
4,9,2,6,1,1,3,92,0,0x19
4,9,2,7,1,1,3,63,0,0x19
4,9,2,8,1,0,4,29,29,0x19
4,9,3,1,1,0,4,20,20,0x19
4,9,3,2,1,1,3,63,0,0x19
4,9,3,3,1,1,3,131,0,0x19
4,9,3,4,1,0,2,193,10,0x19
4,9,3,5,1,0,2,212,11,0x19
4,9,3,6,1,0,2,193,10,0x19
4,9,3,7,1,1,3,131,0,0x19
4,9,3,8,1,1,3,63,0,0x19
4,9,3,9,1,0,4,20,20,0x19
4,9,4,1,1,0,4,31,31,0x19
4,9,4,2,1,1,3,92,0,0x19
4,9,4,3,1,0,2,193,10,0x19
4,9,4,4,1,0,1,263,12,0x19
4,9,4,5,1,0,1,286,12,0x19
4,9,4,6,1,0,1,263,12,0x19
4,9,4,7,1,0,2,193,10,0x19
4,9,4,8,1,1,3,92,0,0x19
4,9,4,9,1,0,4,31,31,0x19
4,9,5,1,1,0,4,35,34,0x19
4,9,5,2,1,1,3,102,0,0x19
4,9,5,3,1,0,2,212,11,0x19
4,9,5,4,1,0,1,286,12,0x19
4,9,5,5,1,0,1,310,10,0x19
4,9,5,6,1,0,1,286,12,0x19
4,9,5,7,1,0,2,212,11,0x19
4,9,5,8,1,1,3,102,0,0x19
4,9,5,9,1,0,4,35,34,0x19
4,9,6,1,1,0,4,31,31,0x19
4,9,6,2,1,1,3,92,0,0x19
4,9,6,3,1,0,2,193,10,0x19
4,9,6,4,1,0,1,263,12,0x19
4,9,6,5,1,0,1,286,12,0x19
4,9,6,6,1,0,1,263,12,0x19
4,9,6,7,1,0,2,193,10,0x19
4,9,6,8,1,1,3,92,0,0x19
4,9,6,9,1,0,4,31,31,0x19
4,9,7,1,1,0,4,20,20,0x19
4,9,7,2,1,1,3,63,0,0x19
4,9,7,3,1,1,3,131,0,0x19
4,9,7,4,1,0,2,193,10,0x19
4,9,7,5,1,0,2,212,11,0x19
4,9,7,6,1,0,2,193,10,0x19
4,9,7,7,1,1,3,131,0,0x19
4,9,7,8,1,1,3,63,0,0x19
4,9,7,9,1,0,4,20,20,0x19
4,9,8,2,1,0,4,29,29,0x19
4,9,8,3,1,1,3,63,0,0x19
4,9,8,4,1,1,3,92,0,0x19
4,9,8,5,1,1,3,102,0,0x19
4,9,8,6,1,1,3,92,0,0x19
4,9,8,7,1,1,3,63,0,0x19
4,9,8,8,1,0,4,29,29,0x19
4,9,9,3,1,0,4,20,20,0x19
4,9,9,4,1,0,4,31,31,0x19
4,9,9,5,1,0,4,35,34,0x19
4,9,9,6,1,0,4,31,31,0x19
4,9,9,7,1,0,4,20,20,0x19
4,10,1,4,1,0,4,17,17,0x19
4,10,1,5,1,0,4,21,21,0x19
4,10,1,6,1,0,4,17,17,0x19
4,10,2,2,1,0,4,15,15,0x19
4,10,2,3,1,0,4,31,31,0x19
4,10,2,4,1,0,4,52,51,0x19
4,10,2,5,1,1,3,62,0,0x19
4,10,2,6,1,0,4,52,51,0x19
4,10,2,7,1,0,4,31,31,0x19
4,10,2,8,1,0,4,15,15,0x19
4,10,3,2,1,0,4,31,31,0x19
4,10,3,3,1,1,3,71,0,0x19
4,10,3,4,1,1,3,114,0,0x19
4,10,3,5,1,1,3,125,1,0x19
4,10,3,6,1,1,3,114,0,0x19
4,10,3,7,1,1,3,71,0,0x19
4,10,3,8,1,0,4,31,31,0x19
4,10,4,1,1,0,4,17,17,0x19
4,10,4,2,1,0,4,52,51,0x19
4,10,4,3,1,1,3,114,0,0x19
4,10,4,4,1,0,2,181,11,0x19
4,10,4,5,1,0,2,202,11,0x19
4,10,4,6,1,0,2,181,11,0x19
4,10,4,7,1,1,3,114,0,0x19
4,10,4,8,1,0,4,52,51,0x19
4,10,4,9,1,0,4,17,17,0x19
4,10,5,1,1,0,4,21,21,0x19
4,10,5,2,1,1,3,62,0,0x19
4,10,5,3,1,1,3,125,1,0x19
4,10,5,4,1,0,2,202,11,0x19
4,10,5,5,1,0,2,228,9,0x19
4,10,5,6,1,0,2,202,11,0x19
4,10,5,7,1,1,3,125,1,0x19
4,10,5,8,1,1,3,62,0,0x19
4,10,5,9,1,0,4,21,21,0x19
4,10,6,1,1,0,4,17,17,0x19
4,10,6,2,1,0,4,52,51,0x19
4,10,6,3,1,1,3,114,0,0x19
4,10,6,4,1,0,2,181,11,0x19
4,10,6,5,1,0,2,202,11,0x19
4,10,6,6,1,0,2,181,11,0x19
4,10,6,7,1,1,3,114,0,0x19
4,10,6,8,1,0,4,52,51,0x19
4,10,6,9,1,0,4,17,17,0x19
4,10,7,2,1,0,4,31,31,0x19
4,10,7,3,1,1,3,71,0,0x19
4,10,7,4,1,1,3,114,0,0x19
4,10,7,5,1,1,3,125,1,0x19
4,10,7,6,1,1,3,114,0,0x19
4,10,7,7,1,1,3,71,0,0x19
4,10,7,8,1,0,4,31,31,0x19
4,10,8,2,1,0,4,15,15,0x19
4,10,8,3,1,0,4,31,31,0x19
4,10,8,4,1,0,4,52,51,0x19
4,10,8,5,1,1,3,62,0,0x19
4,10,8,6,1,0,4,52,51,0x19
4,10,8,7,1,0,4,31,31,0x19
4,10,8,8,1,0,4,15,15,0x19
4,10,9,4,1,0,4,17,17,0x19
4,10,9,5,1,0,4,21,21,0x19
4,10,9,6,1,0,4,17,17,0x19
5,0,1,4,0,1,4,17,17,0x00
5,0,1,5,0,1,4,21,21,0x00
5,0,1,6,0,1,4,17,17,0x00
5,0,2,2,0,1,4,15,15,0x00
5,0,2,3,0,1,4,31,31,0x00
5,0,2,4,0,1,4,52,51,0x00
5,0,2,5,0,0,3,62,0,0x00
5,0,2,6,0,1,4,52,51,0x00
5,0,2,7,0,1,4,31,31,0x00
5,0,2,8,0,1,4,15,15,0x00
5,0,3,2,0,1,4,31,31,0x00
5,0,3,3,0,0,3,71,0,0x00
5,0,3,4,0,0,3,110,0,0x00
5,0,3,5,0,0,3,124,0,0x00
5,0,3,6,0,0,3,110,0,0x00
5,0,3,7,0,0,3,71,0,0x00
5,0,3,8,0,1,4,31,31,0x00
5,0,4,1,0,1,4,17,17,0x00
5,0,4,2,0,1,4,52,51,0x00
5,0,4,3,0,0,3,110,0,0x00
5,0,4,4,0,0,2,187,11,0x00
5,0,4,5,0,0,2,206,11,0x00
5,0,4,6,0,0,2,187,11,0x00
5,0,4,7,0,0,3,110,0,0x00
5,0,4,8,0,1,4,52,51,0x00
5,0,4,9,0,1,4,17,17,0x00
5,0,5,1,0,1,4,21,21,0x00
5,0,5,2,0,0,3,62,0,0x00
5,0,5,3,0,0,3,124,0,0x00
5,0,5,4,0,0,2,206,11,0x00
5,0,5,5,0,0,2,229,11,0x00
5,0,5,6,0,0,2,206,11,0x00
5,0,5,7,0,0,3,124,0,0x00
5,0,5,8,0,0,3,62,0,0x00
5,0,5,9,0,1,4,21,21,0x00
5,0,6,1,0,1,4,17,17,0x00
5,0,6,2,0,1,4,52,51,0x00
5,0,6,3,0,0,3,110,0,0x00
5,0,6,4,0,0,2,187,11,0x00
5,0,6,5,0,0,2,206,11,0x00
5,0,6,6,0,0,2,187,11,0x00
5,0,6,7,0,0,3,110,0,0x00
5,0,6,8,0,1,4,52,51,0x00
5,0,6,9,0,1,4,17,17,0x00
5,0,7,2,0,1,4,31,31,0x00
5,0,7,3,0,0,3,71,0,0x00
5,0,7,4,0,0,3,110,0,0x00
5,0,7,5,0,0,3,124,0,0x00
5,0,7,6,0,0,3,110,0,0x00
5,0,7,7,0,0,3,71,0,0x00
5,0,7,8,0,1,4,31,31,0x00
5,0,8,2,0,1,4,15,15,0x00
5,0,8,3,0,1,4,31,31,0x00
5,0,8,4,0,1,4,52,51,0x00
5,0,8,5,0,0,3,62,0,0x00
5,0,8,6,0,1,4,52,51,0x00
5,0,8,7,0,1,4,31,31,0x00
5,0,8,8,0,1,4,15,15,0x00
5,0,9,4,0,1,4,17,17,0x00
5,0,9,5,0,1,4,21,21,0x00
5,0,9,6,0,1,4,17,17,0x00
5,1,1,3,0,1,4,20,20,0x00
5,1,1,4,0,1,4,31,31,0x00
5,1,1,5,0,1,4,35,34,0x00
5,1,1,6,0,1,4,31,31,0x00
5,1,1,7,0,1,4,20,20,0x00
5,1,2,2,0,1,4,29,29,0x00
5,1,2,3,0,0,3,63,0,0x00
5,1,2,4,0,0,3,92,0,0x00
5,1,2,5,0,0,3,102,0,0x00
5,1,2,6,0,0,3,92,0,0x00
5,1,2,7,0,0,3,63,0,0x00
5,1,2,8,0,1,4,29,29,0x00
5,1,3,1,0,1,4,20,20,0x00
5,1,3,2,0,0,3,63,0,0x00
5,1,3,3,0,0,3,127,0,0x00
5,1,3,4,0,0,2,194,11,0x00
5,1,3,5,0,0,2,214,11,0x00
5,1,3,6,0,0,2,194,11,0x00
5,1,3,7,0,0,3,127,0,0x00
5,1,3,8,0,0,3,63,0,0x00
5,1,3,9,0,1,4,20,20,0x00
5,1,4,1,0,1,4,31,31,0x00
5,1,4,2,0,0,3,92,0,0x00
5,1,4,3,0,0,2,194,11,0x00
5,1,4,4,0,0,1,266,13,0x00
5,1,4,5,0,0,1,287,11,0x00
5,1,4,6,0,0,1,266,13,0x00
5,1,4,7,0,0,2,194,11,0x00
5,1,4,8,0,0,3,92,0,0x00
5,1,4,9,0,1,4,31,31,0x00
5,1,5,1,0,1,4,35,34,0x00
5,1,5,2,0,0,3,102,0,0x00
5,1,5,3,0,0,2,214,11,0x00
5,1,5,4,0,0,1,287,11,0x00
5,1,5,5,0,0,1,310,10,0x00
5,1,5,6,0,0,1,287,11,0x00
5,1,5,7,0,0,2,214,11,0x00
5,1,5,8,0,0,3,102,0,0x00
5,1,5,9,0,1,4,35,34,0x00
5,1,6,1,0,1,4,31,31,0x00
5,1,6,2,0,0,3,92,0,0x00
5,1,6,3,0,0,2,194,11,0x00
5,1,6,4,0,0,1,266,13,0x00
5,1,6,5,0,0,1,287,11,0x00
5,1,6,6,0,0,1,266,13,0x00
5,1,6,7,0,0,2,194,11,0x00
5,1,6,8,0,0,3,92,0,0x00
5,1,6,9,0,1,4,31,31,0x00
5,1,7,1,0,1,4,20,20,0x00
5,1,7,2,0,0,3,63,0,0x00
5,1,7,3,0,0,3,127,0,0x00
5,1,7,4,0,0,2,194,11,0x00
5,1,7,5,0,0,2,214,11,0x00
5,1,7,6,0,0,2,194,11,0x00
5,1,7,7,0,0,3,127,0,0x00
5,1,7,8,0,0,3,63,0,0x00
5,1,7,9,0,1,4,20,20,0x00
5,1,8,2,0,1,4,29,29,0x00
5,1,8,3,0,0,3,63,0,0x00
5,1,8,4,0,0,3,92,0,0x00
5,1,8,5,0,0,3,102,0,0x00
5,1,8,6,0,0,3,92,0,0x00
5,1,8,7,0,0,3,63,0,0x00
5,1,8,8,0,1,4,29,29,0x00
5,1,9,3,0,1,4,20,20,0x00
5,1,9,4,0,1,4,31,31,0x00
5,1,9,5,0,1,4,35,34,0x00
5,1,9,6,0,1,4,31,31,0x00
5,1,9,7,0,1,4,20,20,0x00
5,2,1,3,0,1,4,28,28,0x00
5,2,1,4,0,1,4,40,39,0x00
5,2,1,5,0,1,4,45,44,0x00
5,2,1,6,0,1,4,40,39,0x00
5,2,1,7,0,1,4,28,28,0x00
5,2,2,2,0,1,4,35,34,0x00
5,2,2,3,0,0,3,82,0,0x00
5,2,2,4,0,0,3,114,0,0x00
5,2,2,5,0,0,3,125,0,0x00
5,2,2,6,0,0,3,114,0,0x00
5,2,2,7,0,0,3,82,0,0x00
5,2,2,8,0,1,4,35,34,0x00
5,2,3,1,0,1,4,28,28,0x00
5,2,3,2,0,0,3,82,0,0x00
5,2,3,3,0,0,2,178,11,0x00
5,2,3,4,0,0,2,240,11,0x00
5,2,3,5,0,0,2,260,11,0x00
5,2,3,6,0,0,2,240,11,0x00
5,2,3,7,0,0,2,178,11,0x00
5,2,3,8,0,0,3,82,0,0x00
5,2,3,9,0,1,4,28,28,0x00
5,2,4,1,0,1,4,40,39,0x00
5,2,4,2,0,0,3,114,0,0x00
5,2,4,3,0,0,2,240,11,0x00
5,2,4,4,0,0,1,310,11,0x00
5,2,4,5,0,0,1,332,12,0x00
5,2,4,6,0,0,1,310,11,0x00
5,2,4,7,0,0,2,240,11,0x00
5,2,4,8,0,0,3,114,0,0x00
5,2,4,9,0,1,4,40,39,0x00
5,2,5,1,0,1,4,45,44,0x00
5,2,5,2,0,0,3,125,0,0x00
5,2,5,3,0,0,2,260,11,0x00
5,2,5,4,0,0,1,332,12,0x00
5,2,5,5,0,0,0,351,10,0x00
5,2,5,6,0,0,1,332,12,0x00
5,2,5,7,0,0,2,260,11,0x00
5,2,5,8,0,0,3,125,0,0x00
5,2,5,9,0,1,4,45,44,0x00
5,2,6,1,0,1,4,40,39,0x00
5,2,6,2,0,0,3,114,0,0x00
5,2,6,3,0,0,2,240,11,0x00
5,2,6,4,0,0,1,310,11,0x00
5,2,6,5,0,0,1,332,12,0x00
5,2,6,6,0,0,1,310,11,0x00
5,2,6,7,0,0,2,240,11,0x00
5,2,6,8,0,0,3,114,0,0x00
5,2,6,9,0,1,4,40,39,0x00
5,2,7,1,0,1,4,28,28,0x00
5,2,7,2,0,0,3,82,0,0x00
5,2,7,3,0,0,2,178,11,0x00
5,2,7,4,0,0,2,240,11,0x00
5,2,7,5,0,0,2,260,11,0x00
5,2,7,6,0,0,2,240,11,0x00
5,2,7,7,0,0,2,178,11,0x00
5,2,7,8,0,0,3,82,0,0x00
5,2,7,9,0,1,4,28,28,0x00
5,2,8,2,0,1,4,35,34,0x00
5,2,8,3,0,0,3,82,0,0x00
5,2,8,4,0,0,3,114,0,0x00
5,2,8,5,0,0,3,125,0,0x00
5,2,8,6,0,0,3,114,0,0x00
5,2,8,7,0,0,3,82,0,0x00
5,2,8,8,0,1,4,35,34,0x00
5,2,9,3,0,1,4,28,28,0x00
5,2,9,4,0,1,4,40,39,0x00
5,2,9,5,0,1,4,45,44,0x00
5,2,9,6,0,1,4,40,39,0x00
5,2,9,7,0,1,4,28,28,0x00
5,3,1,3,0,1,4,29,29,0x00
5,3,1,4,0,1,4,41,40,0x00
5,3,1,5,0,1,4,46,45,0x00
5,3,1,6,0,1,4,41,40,0x00
5,3,1,7,0,1,4,29,29,0x00
5,3,2,2,0,1,4,36,35,0x00
5,3,2,3,0,0,3,84,0,0x00
5,3,2,4,0,0,3,116,0,0x00
5,3,2,5,0,0,3,128,0,0x00
5,3,2,6,0,0,3,116,0,0x00
5,3,2,7,0,0,3,84,0,0x00
5,3,2,8,0,1,4,36,35,0x00
5,3,3,1,0,1,4,29,29,0x00
5,3,3,2,0,0,3,84,0,0x00
5,3,3,3,0,0,2,180,12,0x00
5,3,3,4,0,0,2,239,12,0x00
5,3,3,5,0,0,2,257,13,0x00
5,3,3,6,0,0,2,239,12,0x00
5,3,3,7,0,0,2,180,12,0x00
5,3,3,8,0,0,3,84,0,0x00
5,3,3,9,0,1,4,29,29,0x00
5,3,4,1,0,1,4,41,40,0x00
5,3,4,2,0,0,3,116,0,0x00
5,3,4,3,0,0,2,239,12,0x00
5,3,4,4,0,0,1,307,11,0x00
5,3,4,5,0,0,1,330,12,0x00
5,3,4,6,0,0,1,307,11,0x00
5,3,4,7,0,0,2,239,12,0x00
5,3,4,8,0,0,3,116,0,0x00
5,3,4,9,0,1,4,41,40,0x00
5,3,5,1,0,1,4,46,45,0x00
5,3,5,2,0,0,3,128,0,0x00
5,3,5,3,0,0,2,257,13,0x00
5,3,5,4,0,0,1,330,12,0x00
5,3,5,5,0,0,0,351,10,0x00
5,3,5,6,0,0,1,330,12,0x00
5,3,5,7,0,0,2,257,13,0x00
5,3,5,8,0,0,3,128,0,0x00
5,3,5,9,0,1,4,46,45,0x00
5,3,6,1,0,1,4,41,40,0x00
5,3,6,2,0,0,3,116,0,0x00
5,3,6,3,0,0,2,239,12,0x00
5,3,6,4,0,0,1,307,11,0x00
5,3,6,5,0,0,1,330,12,0x00
5,3,6,6,0,0,1,307,11,0x00
5,3,6,7,0,0,2,239,12,0x00
5,3,6,8,0,0,3,116,0,0x00
5,3,6,9,0,1,4,41,40,0x00
5,3,7,1,0,1,4,29,29,0x00
5,3,7,2,0,0,3,84,0,0x00
5,3,7,3,0,0,2,180,12,0x00
5,3,7,4,0,0,2,239,12,0x00
5,3,7,5,0,0,2,257,13,0x00
5,3,7,6,0,0,2,239,12,0x00
5,3,7,7,0,0,2,180,12,0x00
5,3,7,8,0,0,3,84,0,0x00
5,3,7,9,0,1,4,29,29,0x00
5,3,8,2,0,1,4,36,35,0x00
5,3,8,3,0,0,3,84,0,0x00
5,3,8,4,0,0,3,116,0,0x00
5,3,8,5,0,0,3,128,0,0x00
5,3,8,6,0,0,3,116,0,0x00
5,3,8,7,0,0,3,84,0,0x00
5,3,8,8,0,1,4,36,35,0x00
5,3,9,3,0,1,4,29,29,0x00
5,3,9,4,0,1,4,41,40,0x00
5,3,9,5,0,1,4,46,45,0x00
5,3,9,6,0,1,4,41,40,0x00
5,3,9,7,0,1,4,29,29,0x00
5,4,1,3,0,1,4,24,24,0x00
5,4,1,4,0,1,4,35,34,0x00
5,4,1,5,0,1,4,39,38,0x00
5,4,1,6,0,1,4,35,34,0x00
5,4,1,7,0,1,4,24,24,0x00
5,4,2,2,0,1,4,31,31,0x00
5,4,2,3,0,0,3,69,0,0x00
5,4,2,4,0,0,3,99,0,0x00
5,4,2,5,0,0,3,111,0,0x00
5,4,2,6,0,0,3,99,0,0x00
5,4,2,7,0,0,3,69,0,0x00
5,4,2,8,0,1,4,31,31,0x00
5,4,3,1,0,1,4,24,24,0x00
5,4,3,2,0,0,3,69,0,0x00
5,4,3,3,0,0,3,135,0,0x00
5,4,3,4,0,0,2,205,11,0x00
5,4,3,5,0,0,2,227,12,0x00
5,4,3,6,0,0,2,205,11,0x00
5,4,3,7,0,0,3,135,0,0x00
5,4,3,8,0,0,3,69,0,0x00
5,4,3,9,0,1,4,24,24,0x00
5,4,4,1,0,1,4,35,34,0x00
5,4,4,2,0,0,3,99,0,0x00
5,4,4,3,0,0,2,205,11,0x00
5,4,4,4,0,0,1,274,11,0x00
5,4,4,5,0,0,1,295,12,0x00
5,4,4,6,0,0,1,274,11,0x00
5,4,4,7,0,0,2,205,11,0x00
5,4,4,8,0,0,3,99,0,0x00
5,4,4,9,0,1,4,35,34,0x00
5,4,5,1,0,1,4,39,38,0x00
5,4,5,2,0,0,3,111,0,0x00
5,4,5,3,0,0,2,227,12,0x00
5,4,5,4,0,0,1,295,12,0x00
5,4,5,5,0,0,1,320,12,0x00
5,4,5,6,0,0,1,295,12,0x00
5,4,5,7,0,0,2,227,12,0x00
5,4,5,8,0,0,3,111,0,0x00
5,4,5,9,0,1,4,39,38,0x00
5,4,6,1,0,1,4,35,34,0x00
5,4,6,2,0,0,3,99,0,0x00
5,4,6,3,0,0,2,205,11,0x00
5,4,6,4,0,0,1,274,11,0x00
5,4,6,5,0,0,1,295,12,0x00
5,4,6,6,0,0,1,274,11,0x00
5,4,6,7,0,0,2,205,11,0x00
5,4,6,8,0,0,3,99,0,0x00
5,4,6,9,0,1,4,35,34,0x00
5,4,7,1,0,1,4,24,24,0x00
5,4,7,2,0,0,3,69,0,0x00
5,4,7,3,0,0,3,135,0,0x00
5,4,7,4,0,0,2,205,11,0x00
5,4,7,5,0,0,2,227,12,0x00
5,4,7,6,0,0,2,205,11,0x00
5,4,7,7,0,0,3,135,0,0x00
5,4,7,8,0,0,3,69,0,0x00
5,4,7,9,0,1,4,24,24,0x00
5,4,8,2,0,1,4,31,31,0x00
5,4,8,3,0,0,3,69,0,0x00
5,4,8,4,0,0,3,99,0,0x00
5,4,8,5,0,0,3,111,0,0x00
5,4,8,6,0,0,3,99,0,0x00
5,4,8,7,0,0,3,69,0,0x00
5,4,8,8,0,1,4,31,31,0x00
5,4,9,3,0,1,4,24,24,0x00
5,4,9,4,0,1,4,35,34,0x00
5,4,9,5,0,1,4,39,38,0x00
5,4,9,6,0,1,4,35,34,0x00
5,4,9,7,0,1,4,24,24,0x00
5,5,1,3,0,1,4,15,15,0x00
5,5,1,4,0,1,4,24,24,0x00
5,5,1,5,0,1,4,27,27,0x00
5,5,1,6,0,1,4,24,24,0x00
5,5,1,7,0,1,4,15,15,0x00
5,5,2,2,0,1,4,19,19,0x00
5,5,2,3,0,1,4,43,42,0x00
5,5,2,4,0,0,3,67,0,0x00
5,5,2,5,0,0,3,77,0,0x00
5,5,2,6,0,0,3,67,0,0x00
5,5,2,7,0,1,4,43,42,0x00
5,5,2,8,0,1,4,19,19,0x00
5,5,3,1,0,1,4,15,15,0x00
5,5,3,2,0,1,4,43,42,0x00
5,5,3,3,0,0,3,86,0,0x00
5,5,3,4,0,0,3,132,0,0x00
5,5,3,5,0,0,2,163,10,0x00
5,5,3,6,0,0,3,132,0,0x00
5,5,3,7,0,0,3,86,0,0x00
5,5,3,8,0,1,4,43,42,0x00
5,5,3,9,0,1,4,15,15,0x00
5,5,4,1,0,1,4,24,24,0x00
5,5,4,2,0,0,3,67,0,0x00
5,5,4,3,0,0,3,132,0,0x00
5,5,4,4,0,0,2,197,12,0x00
5,5,4,5,0,0,2,220,12,0x00
5,5,4,6,0,0,2,197,12,0x00
5,5,4,7,0,0,3,132,0,0x00
5,5,4,8,0,0,3,67,0,0x00
5,5,4,9,0,1,4,24,24,0x00
5,5,5,1,0,1,4,27,27,0x00
5,5,5,2,0,0,3,77,0,0x00
5,5,5,3,0,0,2,163,10,0x00
5,5,5,4,0,0,2,220,12,0x00
5,5,5,5,0,0,2,239,12,0x00
5,5,5,6,0,0,2,220,12,0x00
5,5,5,7,0,0,2,163,10,0x00
5,5,5,8,0,0,3,77,0,0x00
5,5,5,9,0,1,4,27,27,0x00
5,5,6,1,0,1,4,24,24,0x00
5,5,6,2,0,0,3,67,0,0x00
5,5,6,3,0,0,3,132,0,0x00
5,5,6,4,0,0,2,197,12,0x00
5,5,6,5,0,0,2,220,12,0x00
5,5,6,6,0,0,2,197,12,0x00
5,5,6,7,0,0,3,132,0,0x00
5,5,6,8,0,0,3,67,0,0x00
5,5,6,9,0,1,4,24,24,0x00
5,5,7,1,0,1,4,15,15,0x00
5,5,7,2,0,1,4,43,42,0x00
5,5,7,3,0,0,3,86,0,0x00
5,5,7,4,0,0,3,132,0,0x00
5,5,7,5,0,0,2,163,10,0x00
5,5,7,6,0,0,3,132,0,0x00
5,5,7,7,0,0,3,86,0,0x00
5,5,7,8,0,1,4,43,42,0x00
5,5,7,9,0,1,4,15,15,0x00
5,5,8,2,0,1,4,19,19,0x00
5,5,8,3,0,1,4,43,42,0x00
5,5,8,4,0,0,3,67,0,0x00
5,5,8,5,0,0,3,77,0,0x00
5,5,8,6,0,0,3,67,0,0x00
5,5,8,7,0,1,4,43,42,0x00
5,5,8,8,0,1,4,19,19,0x00
5,5,9,3,0,1,4,15,15,0x00
5,5,9,4,0,1,4,24,24,0x00
5,5,9,5,0,1,4,27,27,0x00
5,5,9,6,0,1,4,24,24,0x00
5,5,9,7,0,1,4,15,15,0x00
5,6,2,3,0,1,4,19,19,0x00
5,6,2,4,0,1,4,30,30,0x00
5,6,2,5,0,1,4,32,31,0x00
5,6,2,6,0,1,4,30,30,0x00
5,6,2,7,0,1,4,19,19,0x00
5,6,3,2,0,1,4,19,19,0x00
5,6,3,3,0,1,4,42,41,0x00
5,6,3,4,0,0,3,65,0,0x00
5,6,3,5,0,0,3,75,0,0x00
5,6,3,6,0,0,3,65,0,0x00
5,6,3,7,0,1,4,42,41,0x00
5,6,3,8,0,1,4,19,19,0x00
5,6,4,2,0,1,4,30,30,0x00
5,6,4,3,0,0,3,65,0,0x00
5,6,4,4,0,0,3,94,0,0x00
5,6,4,5,0,0,3,105,0,0x00
5,6,4,6,0,0,3,94,0,0x00
5,6,4,7,0,0,3,65,0,0x00
5,6,4,8,0,1,4,30,30,0x00
5,6,5,2,0,1,4,32,31,0x00
5,6,5,3,0,0,3,75,0,0x00
5,6,5,4,0,0,3,105,0,0x00
5,6,5,5,0,0,3,116,0,0x00
5,6,5,6,0,0,3,105,0,0x00
5,6,5,7,0,0,3,75,0,0x00
5,6,5,8,0,1,4,32,31,0x00
5,6,6,2,0,1,4,30,30,0x00
5,6,6,3,0,0,3,65,0,0x00
5,6,6,4,0,0,3,94,0,0x00
5,6,6,5,0,0,3,105,0,0x00
5,6,6,6,0,0,3,94,0,0x00
5,6,6,7,0,0,3,65,0,0x00
5,6,6,8,0,1,4,30,30,0x00
5,6,7,2,0,1,4,19,19,0x00
5,6,7,3,0,1,4,42,41,0x00
5,6,7,4,0,0,3,65,0,0x00
5,6,7,5,0,0,3,75,0,0x00
5,6,7,6,0,0,3,65,0,0x00
5,6,7,7,0,1,4,42,41,0x00
5,6,7,8,0,1,4,19,19,0x00
5,6,8,3,0,1,4,19,19,0x00
5,6,8,4,0,1,4,30,30,0x00
5,6,8,5,0,1,4,32,31,0x00
5,6,8,6,0,1,4,30,30,0x00
5,6,8,7,0,1,4,19,19,0x00
5,7,3,3,0,1,4,14,14,0x00
5,7,3,4,0,1,4,23,23,0x00
5,7,3,5,0,1,4,26,26,0x00
5,7,3,6,0,1,4,23,23,0x00
5,7,3,7,0,1,4,14,14,0x00
5,7,4,3,0,1,4,23,23,0x00
5,7,4,4,0,1,4,33,32,0x00
5,7,4,5,0,1,4,37,36,0x00
5,7,4,6,0,1,4,33,32,0x00
5,7,4,7,0,1,4,23,23,0x00
5,7,5,3,0,1,4,26,26,0x00
5,7,5,4,0,1,4,37,36,0x00
5,7,5,5,0,1,4,41,40,0x00
5,7,5,6,0,1,4,37,36,0x00
5,7,5,7,0,1,4,26,26,0x00
5,7,6,3,0,1,4,23,23,0x00
5,7,6,4,0,1,4,33,32,0x00
5,7,6,5,0,1,4,37,36,0x00
5,7,6,6,0,1,4,33,32,0x00
5,7,6,7,0,1,4,23,23,0x00
5,7,7,3,0,1,4,14,14,0x00
5,7,7,4,0,1,4,23,23,0x00
5,7,7,5,0,1,4,26,26,0x00
5,7,7,6,0,1,4,23,23,0x00
5,7,7,7,0,1,4,14,14,0x00
5,9,4,4,0,1,4,21,21,0x00
5,9,4,5,0,1,4,26,26,0x00
5,9,4,6,0,1,4,21,21,0x00
5,9,5,4,0,1,4,26,26,0x00
5,9,5,5,0,1,4,31,31,0x00
5,9,5,6,0,1,4,26,26,0x00
5,9,6,4,0,1,4,21,21,0x00
5,9,6,5,0,1,4,26,26,0x00
5,9,6,6,0,1,4,21,21,0x00
5,10,2,4,0,1,4,20,20,0x00
5,10,2,5,0,1,4,25,25,0x00
5,10,2,6,0,1,4,20,20,0x00
5,10,3,3,0,1,4,26,26,0x00
5,10,3,4,0,1,4,44,43,0x00
5,10,3,5,0,1,4,51,50,0x00
5,10,3,6,0,1,4,44,43,0x00
5,10,3,7,0,1,4,26,26,0x00
5,10,4,2,0,1,4,20,20,0x00
5,10,4,3,0,1,4,44,43,0x00
5,10,4,4,0,0,3,76,0,0x00
5,10,4,5,0,0,3,87,0,0x00
5,10,4,6,0,0,3,76,0,0x00
5,10,4,7,0,1,4,44,43,0x00
5,10,4,8,0,1,4,20,20,0x00
5,10,5,2,0,1,4,25,25,0x00
5,10,5,3,0,1,4,51,50,0x00
5,10,5,4,0,0,3,87,0,0x00
5,10,5,5,0,0,3,99,0,0x00
5,10,5,6,0,0,3,87,0,0x00
5,10,5,7,0,1,4,51,50,0x00
5,10,5,8,0,1,4,25,25,0x00
5,10,6,2,0,1,4,20,20,0x00
5,10,6,3,0,1,4,44,43,0x00
5,10,6,4,0,0,3,76,0,0x00
5,10,6,5,0,0,3,87,0,0x00
5,10,6,6,0,0,3,76,0,0x00
5,10,6,7,0,1,4,44,43,0x00
5,10,6,8,0,1,4,20,20,0x00
5,10,7,3,0,1,4,26,26,0x00
5,10,7,4,0,1,4,44,43,0x00
5,10,7,5,0,1,4,51,50,0x00
5,10,7,6,0,1,4,44,43,0x00
5,10,7,7,0,1,4,26,26,0x00
5,10,8,4,0,1,4,20,20,0x00
5,10,8,5,0,1,4,25,25,0x00
5,10,8,6,0,1,4,20,20,0x00
5,0,2,4,1,1,4,20,20,0x19
5,0,2,5,1,1,4,25,25,0x19
5,0,2,6,1,1,4,20,20,0x19
5,0,3,3,1,1,4,26,26,0x19
5,0,3,4,1,1,4,44,43,0x19
5,0,3,5,1,1,4,51,50,0x19
5,0,3,6,1,1,4,44,43,0x19
5,0,3,7,1,1,4,26,26,0x19
5,0,4,2,1,1,4,20,20,0x19
5,0,4,3,1,1,4,44,43,0x19
5,0,4,4,1,0,3,76,0,0x19
5,0,4,5,1,0,3,87,0,0x19
5,0,4,6,1,0,3,76,0,0x19
5,0,4,7,1,1,4,44,43,0x19
5,0,4,8,1,1,4,20,20,0x19
5,0,5,2,1,1,4,25,25,0x19
5,0,5,3,1,1,4,51,50,0x19
5,0,5,4,1,0,3,87,0,0x19
5,0,5,5,1,0,3,99,0,0x19
5,0,5,6,1,0,3,87,0,0x19
5,0,5,7,1,1,4,51,50,0x19
5,0,5,8,1,1,4,25,25,0x19
5,0,6,2,1,1,4,20,20,0x19
5,0,6,3,1,1,4,44,43,0x19
5,0,6,4,1,0,3,76,0,0x19
5,0,6,5,1,0,3,87,0,0x19
5,0,6,6,1,0,3,76,0,0x19
5,0,6,7,1,1,4,44,43,0x19
5,0,6,8,1,1,4,20,20,0x19
5,0,7,3,1,1,4,26,26,0x19
5,0,7,4,1,1,4,44,43,0x19
5,0,7,5,1,1,4,51,50,0x19
5,0,7,6,1,1,4,44,43,0x19
5,0,7,7,1,1,4,26,26,0x19
5,0,8,4,1,1,4,20,20,0x19
5,0,8,5,1,1,4,25,25,0x19
5,0,8,6,1,1,4,20,20,0x19
5,1,4,4,1,1,4,21,21,0x19
5,1,4,5,1,1,4,26,26,0x19
5,1,4,6,1,1,4,21,21,0x19
5,1,5,4,1,1,4,26,26,0x19
5,1,5,5,1,1,4,31,31,0x19
5,1,5,6,1,1,4,26,26,0x19
5,1,6,4,1,1,4,21,21,0x19
5,1,6,5,1,1,4,26,26,0x19
5,1,6,6,1,1,4,21,21,0x19
5,3,3,3,1,1,4,14,14,0x19
5,3,3,4,1,1,4,23,23,0x19
5,3,3,5,1,1,4,26,26,0x19
5,3,3,6,1,1,4,23,23,0x19
5,3,3,7,1,1,4,14,14,0x19
5,3,4,3,1,1,4,23,23,0x19
5,3,4,4,1,1,4,33,32,0x19
5,3,4,5,1,1,4,37,36,0x19
5,3,4,6,1,1,4,33,32,0x19
5,3,4,7,1,1,4,23,23,0x19
5,3,5,3,1,1,4,26,26,0x19
5,3,5,4,1,1,4,37,36,0x19
5,3,5,5,1,1,4,41,40,0x19
5,3,5,6,1,1,4,37,36,0x19
5,3,5,7,1,1,4,26,26,0x19
5,3,6,3,1,1,4,23,23,0x19
5,3,6,4,1,1,4,33,32,0x19
5,3,6,5,1,1,4,37,36,0x19
5,3,6,6,1,1,4,33,32,0x19
5,3,6,7,1,1,4,23,23,0x19
5,3,7,3,1,1,4,14,14,0x19
5,3,7,4,1,1,4,23,23,0x19
5,3,7,5,1,1,4,26,26,0x19
5,3,7,6,1,1,4,23,23,0x19
5,3,7,7,1,1,4,14,14,0x19
5,4,2,3,1,1,4,19,19,0x19
5,4,2,4,1,1,4,30,30,0x19
5,4,2,5,1,1,4,32,31,0x19
5,4,2,6,1,1,4,30,30,0x19
5,4,2,7,1,1,4,19,19,0x19
5,4,3,2,1,1,4,19,19,0x19
5,4,3,3,1,1,4,42,41,0x19
5,4,3,4,1,0,3,65,0,0x19
5,4,3,5,1,0,3,75,0,0x19
5,4,3,6,1,0,3,65,0,0x19
5,4,3,7,1,1,4,42,41,0x19
5,4,3,8,1,1,4,19,19,0x19
5,4,4,2,1,1,4,30,30,0x19
5,4,4,3,1,0,3,65,0,0x19
5,4,4,4,1,0,3,94,0,0x19
5,4,4,5,1,0,3,105,0,0x19
5,4,4,6,1,0,3,94,0,0x19
5,4,4,7,1,0,3,65,0,0x19
5,4,4,8,1,1,4,30,30,0x19
5,4,5,2,1,1,4,32,31,0x19
5,4,5,3,1,0,3,75,0,0x19
5,4,5,4,1,0,3,105,0,0x19
5,4,5,5,1,0,3,116,0,0x19
5,4,5,6,1,0,3,105,0,0x19
5,4,5,7,1,0,3,75,0,0x19
5,4,5,8,1,1,4,32,31,0x19
5,4,6,2,1,1,4,30,30,0x19
5,4,6,3,1,0,3,65,0,0x19
5,4,6,4,1,0,3,94,0,0x19
5,4,6,5,1,0,3,105,0,0x19
5,4,6,6,1,0,3,94,0,0x19
5,4,6,7,1,0,3,65,0,0x19
5,4,6,8,1,1,4,30,30,0x19
5,4,7,2,1,1,4,19,19,0x19
5,4,7,3,1,1,4,42,41,0x19
5,4,7,4,1,0,3,65,0,0x19
5,4,7,5,1,0,3,75,0,0x19
5,4,7,6,1,0,3,65,0,0x19
5,4,7,7,1,1,4,42,41,0x19
5,4,7,8,1,1,4,19,19,0x19
5,4,8,3,1,1,4,19,19,0x19
5,4,8,4,1,1,4,30,30,0x19
5,4,8,5,1,1,4,32,31,0x19
5,4,8,6,1,1,4,30,30,0x19
5,4,8,7,1,1,4,19,19,0x19
5,5,1,3,1,1,4,15,15,0x19
5,5,1,4,1,1,4,24,24,0x19
5,5,1,5,1,1,4,27,27,0x19
5,5,1,6,1,1,4,24,24,0x19
5,5,1,7,1,1,4,15,15,0x19
5,5,2,2,1,1,4,19,19,0x19
5,5,2,3,1,1,4,43,42,0x19
5,5,2,4,1,0,3,67,0,0x19
5,5,2,5,1,0,3,77,0,0x19
5,5,2,6,1,0,3,67,0,0x19
5,5,2,7,1,1,4,43,42,0x19
5,5,2,8,1,1,4,19,19,0x19
5,5,3,1,1,1,4,15,15,0x19
5,5,3,2,1,1,4,43,42,0x19
5,5,3,3,1,0,3,86,0,0x19
5,5,3,4,1,0,3,132,0,0x19
5,5,3,5,1,0,2,163,10,0x19
5,5,3,6,1,0,3,132,0,0x19
5,5,3,7,1,0,3,86,0,0x19
5,5,3,8,1,1,4,43,42,0x19
5,5,3,9,1,1,4,15,15,0x19
5,5,4,1,1,1,4,24,24,0x19
5,5,4,2,1,0,3,67,0,0x19
5,5,4,3,1,0,3,132,0,0x19
5,5,4,4,1,0,2,197,12,0x19
5,5,4,5,1,0,2,220,12,0x19
5,5,4,6,1,0,2,197,12,0x19
5,5,4,7,1,0,3,132,0,0x19
5,5,4,8,1,0,3,67,0,0x19
5,5,4,9,1,1,4,24,24,0x19
5,5,5,1,1,1,4,27,27,0x19
5,5,5,2,1,0,3,77,0,0x19
5,5,5,3,1,0,2,163,10,0x19
5,5,5,4,1,0,2,220,12,0x19
5,5,5,5,1,0,2,239,12,0x19
5,5,5,6,1,0,2,220,12,0x19
5,5,5,7,1,0,2,163,10,0x19
5,5,5,8,1,0,3,77,0,0x19
5,5,5,9,1,1,4,27,27,0x19
5,5,6,1,1,1,4,24,24,0x19
5,5,6,2,1,0,3,67,0,0x19
5,5,6,3,1,0,3,132,0,0x19
5,5,6,4,1,0,2,197,12,0x19
5,5,6,5,1,0,2,220,12,0x19
5,5,6,6,1,0,2,197,12,0x19
5,5,6,7,1,0,3,132,0,0x19
5,5,6,8,1,0,3,67,0,0x19
5,5,6,9,1,1,4,24,24,0x19
5,5,7,1,1,1,4,15,15,0x19
5,5,7,2,1,1,4,43,42,0x19
5,5,7,3,1,0,3,86,0,0x19
5,5,7,4,1,0,3,132,0,0x19
5,5,7,5,1,0,2,163,10,0x19
5,5,7,6,1,0,3,132,0,0x19
5,5,7,7,1,0,3,86,0,0x19
5,5,7,8,1,1,4,43,42,0x19
5,5,7,9,1,1,4,15,15,0x19
5,5,8,2,1,1,4,19,19,0x19
5,5,8,3,1,1,4,43,42,0x19
5,5,8,4,1,0,3,67,0,0x19
5,5,8,5,1,0,3,77,0,0x19
5,5,8,6,1,0,3,67,0,0x19
5,5,8,7,1,1,4,43,42,0x19
5,5,8,8,1,1,4,19,19,0x19
5,5,9,3,1,1,4,15,15,0x19
5,5,9,4,1,1,4,24,24,0x19
5,5,9,5,1,1,4,27,27,0x19
5,5,9,6,1,1,4,24,24,0x19
5,5,9,7,1,1,4,15,15,0x19
5,6,1,3,1,1,4,24,24,0x19
5,6,1,4,1,1,4,35,34,0x19
5,6,1,5,1,1,4,39,38,0x19
5,6,1,6,1,1,4,35,34,0x19
5,6,1,7,1,1,4,24,24,0x19
5,6,2,2,1,1,4,31,31,0x19
5,6,2,3,1,0,3,69,0,0x19
5,6,2,4,1,0,3,99,0,0x19
5,6,2,5,1,0,3,111,0,0x19
5,6,2,6,1,0,3,99,0,0x19
5,6,2,7,1,0,3,69,0,0x19
5,6,2,8,1,1,4,31,31,0x19
5,6,3,1,1,1,4,24,24,0x19
5,6,3,2,1,0,3,69,0,0x19
5,6,3,3,1,0,3,135,0,0x19
5,6,3,4,1,0,2,205,11,0x19
5,6,3,5,1,0,2,227,12,0x19
5,6,3,6,1,0,2,205,11,0x19
5,6,3,7,1,0,3,135,0,0x19
5,6,3,8,1,0,3,69,0,0x19
5,6,3,9,1,1,4,24,24,0x19
5,6,4,1,1,1,4,35,34,0x19
5,6,4,2,1,0,3,99,0,0x19
5,6,4,3,1,0,2,205,11,0x19
5,6,4,4,1,0,1,274,11,0x19
5,6,4,5,1,0,1,295,12,0x19
5,6,4,6,1,0,1,274,11,0x19
5,6,4,7,1,0,2,205,11,0x19
5,6,4,8,1,0,3,99,0,0x19
5,6,4,9,1,1,4,35,34,0x19
5,6,5,1,1,1,4,39,38,0x19
5,6,5,2,1,0,3,111,0,0x19
5,6,5,3,1,0,2,227,12,0x19
5,6,5,4,1,0,1,295,12,0x19
5,6,5,5,1,0,1,320,12,0x19
5,6,5,6,1,0,1,295,12,0x19
5,6,5,7,1,0,2,227,12,0x19
5,6,5,8,1,0,3,111,0,0x19
5,6,5,9,1,1,4,39,38,0x19
5,6,6,1,1,1,4,35,34,0x19
5,6,6,2,1,0,3,99,0,0x19
5,6,6,3,1,0,2,205,11,0x19
5,6,6,4,1,0,1,274,11,0x19
5,6,6,5,1,0,1,295,12,0x19
5,6,6,6,1,0,1,274,11,0x19
5,6,6,7,1,0,2,205,11,0x19
5,6,6,8,1,0,3,99,0,0x19
5,6,6,9,1,1,4,35,34,0x19
5,6,7,1,1,1,4,24,24,0x19
5,6,7,2,1,0,3,69,0,0x19
5,6,7,3,1,0,3,135,0,0x19
5,6,7,4,1,0,2,205,11,0x19
5,6,7,5,1,0,2,227,12,0x19
5,6,7,6,1,0,2,205,11,0x19
5,6,7,7,1,0,3,135,0,0x19
5,6,7,8,1,0,3,69,0,0x19
5,6,7,9,1,1,4,24,24,0x19
5,6,8,2,1,1,4,31,31,0x19
5,6,8,3,1,0,3,69,0,0x19
5,6,8,4,1,0,3,99,0,0x19
5,6,8,5,1,0,3,111,0,0x19
5,6,8,6,1,0,3,99,0,0x19
5,6,8,7,1,0,3,69,0,0x19
5,6,8,8,1,1,4,31,31,0x19
5,6,9,3,1,1,4,24,24,0x19
5,6,9,4,1,1,4,35,34,0x19
5,6,9,5,1,1,4,39,38,0x19
5,6,9,6,1,1,4,35,34,0x19
5,6,9,7,1,1,4,24,24,0x19
5,7,1,3,1,1,4,29,29,0x19
5,7,1,4,1,1,4,41,40,0x19
5,7,1,5,1,1,4,46,45,0x19
5,7,1,6,1,1,4,41,40,0x19
5,7,1,7,1,1,4,29,29,0x19
5,7,2,2,1,1,4,36,35,0x19
5,7,2,3,1,0,3,84,0,0x19
5,7,2,4,1,0,3,116,0,0x19
5,7,2,5,1,0,3,128,0,0x19
5,7,2,6,1,0,3,116,0,0x19
5,7,2,7,1,0,3,84,0,0x19
5,7,2,8,1,1,4,36,35,0x19
5,7,3,1,1,1,4,29,29,0x19
5,7,3,2,1,0,3,84,0,0x19
5,7,3,3,1,0,2,180,12,0x19
5,7,3,4,1,0,2,239,12,0x19
5,7,3,5,1,0,2,257,13,0x19
5,7,3,6,1,0,2,239,12,0x19
5,7,3,7,1,0,2,180,12,0x19
5,7,3,8,1,0,3,84,0,0x19
5,7,3,9,1,1,4,29,29,0x19
5,7,4,1,1,1,4,41,40,0x19
5,7,4,2,1,0,3,116,0,0x19
5,7,4,3,1,0,2,239,12,0x19
5,7,4,4,1,0,1,307,11,0x19
5,7,4,5,1,0,1,330,12,0x19
5,7,4,6,1,0,1,307,11,0x19
5,7,4,7,1,0,2,239,12,0x19
5,7,4,8,1,0,3,116,0,0x19
5,7,4,9,1,1,4,41,40,0x19
5,7,5,1,1,1,4,46,45,0x19
5,7,5,2,1,0,3,128,0,0x19
5,7,5,3,1,0,2,257,13,0x19
5,7,5,4,1,0,1,330,12,0x19
5,7,5,5,1,0,0,351,10,0x19
5,7,5,6,1,0,1,330,12,0x19
5,7,5,7,1,0,2,257,13,0x19
5,7,5,8,1,0,3,128,0,0x19
5,7,5,9,1,1,4,46,45,0x19
5,7,6,1,1,1,4,41,40,0x19
5,7,6,2,1,0,3,116,0,0x19
5,7,6,3,1,0,2,239,12,0x19
5,7,6,4,1,0,1,307,11,0x19
5,7,6,5,1,0,1,330,12,0x19
5,7,6,6,1,0,1,307,11,0x19
5,7,6,7,1,0,2,239,12,0x19
5,7,6,8,1,0,3,116,0,0x19
5,7,6,9,1,1,4,41,40,0x19
5,7,7,1,1,1,4,29,29,0x19
5,7,7,2,1,0,3,84,0,0x19
5,7,7,3,1,0,2,180,12,0x19
5,7,7,4,1,0,2,239,12,0x19
5,7,7,5,1,0,2,257,13,0x19
5,7,7,6,1,0,2,239,12,0x19
5,7,7,7,1,0,2,180,12,0x19
5,7,7,8,1,0,3,84,0,0x19
5,7,7,9,1,1,4,29,29,0x19
5,7,8,2,1,1,4,36,35,0x19
5,7,8,3,1,0,3,84,0,0x19
5,7,8,4,1,0,3,116,0,0x19
5,7,8,5,1,0,3,128,0,0x19
5,7,8,6,1,0,3,116,0,0x19
5,7,8,7,1,0,3,84,0,0x19
5,7,8,8,1,1,4,36,35,0x19
5,7,9,3,1,1,4,29,29,0x19
5,7,9,4,1,1,4,41,40,0x19
5,7,9,5,1,1,4,46,45,0x19
5,7,9,6,1,1,4,41,40,0x19
5,7,9,7,1,1,4,29,29,0x19
5,8,1,3,1,1,4,28,28,0x19
5,8,1,4,1,1,4,40,39,0x19
5,8,1,5,1,1,4,45,44,0x19
5,8,1,6,1,1,4,40,39,0x19
5,8,1,7,1,1,4,28,28,0x19
5,8,2,2,1,1,4,35,34,0x19
5,8,2,3,1,0,3,82,0,0x19
5,8,2,4,1,0,3,114,0,0x19
5,8,2,5,1,0,3,125,0,0x19
5,8,2,6,1,0,3,114,0,0x19
5,8,2,7,1,0,3,82,0,0x19
5,8,2,8,1,1,4,35,34,0x19
5,8,3,1,1,1,4,28,28,0x19
5,8,3,2,1,0,3,82,0,0x19
5,8,3,3,1,0,2,178,11,0x19
5,8,3,4,1,0,2,240,11,0x19
5,8,3,5,1,0,2,260,11,0x19
5,8,3,6,1,0,2,240,11,0x19
5,8,3,7,1,0,2,178,11,0x19
5,8,3,8,1,0,3,82,0,0x19
5,8,3,9,1,1,4,28,28,0x19
5,8,4,1,1,1,4,40,39,0x19
5,8,4,2,1,0,3,114,0,0x19
5,8,4,3,1,0,2,240,11,0x19
5,8,4,4,1,0,1,310,11,0x19
5,8,4,5,1,0,1,332,12,0x19
5,8,4,6,1,0,1,310,11,0x19
5,8,4,7,1,0,2,240,11,0x19
5,8,4,8,1,0,3,114,0,0x19
5,8,4,9,1,1,4,40,39,0x19
5,8,5,1,1,1,4,45,44,0x19
5,8,5,2,1,0,3,125,0,0x19
5,8,5,3,1,0,2,260,11,0x19
5,8,5,4,1,0,1,332,12,0x19
5,8,5,5,1,0,0,351,10,0x3F
5,8,5,6,1,0,1,332,12,0x19
5,8,5,7,1,0,2,260,11,0x19
5,8,5,8,1,0,3,125,0,0x19
5,8,5,9,1,1,4,45,44,0x19
5,8,6,1,1,1,4,40,39,0x19
5,8,6,2,1,0,3,114,0,0x19
5,8,6,3,1,0,2,240,11,0x19
5,8,6,4,1,0,1,310,11,0x19
5,8,6,5,1,0,1,332,12,0x19
5,8,6,6,1,0,1,310,11,0x19
5,8,6,7,1,0,2,240,11,0x19
5,8,6,8,1,0,3,114,0,0x19
5,8,6,9,1,1,4,40,39,0x19
5,8,7,1,1,1,4,28,28,0x19
5,8,7,2,1,0,3,82,0,0x19
5,8,7,3,1,0,2,178,11,0x19
5,8,7,4,1,0,2,240,11,0x19
5,8,7,5,1,0,2,260,11,0x19
5,8,7,6,1,0,2,240,11,0x19
5,8,7,7,1,0,2,178,11,0x19
5,8,7,8,1,0,3,82,0,0x19
5,8,7,9,1,1,4,28,28,0x19
5,8,8,2,1,1,4,35,34,0x19
5,8,8,3,1,0,3,82,0,0x19
5,8,8,4,1,0,3,114,0,0x19
5,8,8,5,1,0,3,125,0,0x19
5,8,8,6,1,0,3,114,0,0x19
5,8,8,7,1,0,3,82,0,0x19
5,8,8,8,1,1,4,35,34,0x19
5,8,9,3,1,1,4,28,28,0x19
5,8,9,4,1,1,4,40,39,0x19
5,8,9,5,1,1,4,45,44,0x19
5,8,9,6,1,1,4,40,39,0x19
5,8,9,7,1,1,4,28,28,0x19
5,9,1,3,1,1,4,20,20,0x19
5,9,1,4,1,1,4,31,31,0x19
5,9,1,5,1,1,4,35,34,0x19
5,9,1,6,1,1,4,31,31,0x19
5,9,1,7,1,1,4,20,20,0x19
5,9,2,2,1,1,4,29,29,0x19
5,9,2,3,1,0,3,63,0,0x19
5,9,2,4,1,0,3,92,0,0x19
5,9,2,5,1,0,3,102,0,0x19
5,9,2,6,1,0,3,92,0,0x19
5,9,2,7,1,0,3,63,0,0x19
5,9,2,8,1,1,4,29,29,0x19
5,9,3,1,1,1,4,20,20,0x19
5,9,3,2,1,0,3,63,0,0x19
5,9,3,3,1,0,3,127,0,0x19
5,9,3,4,1,0,2,194,11,0x19
5,9,3,5,1,0,2,214,11,0x19
5,9,3,6,1,0,2,194,11,0x19
5,9,3,7,1,0,3,127,0,0x19
5,9,3,8,1,0,3,63,0,0x19
5,9,3,9,1,1,4,20,20,0x19
5,9,4,1,1,1,4,31,31,0x19
5,9,4,2,1,0,3,92,0,0x19
5,9,4,3,1,0,2,194,11,0x19
5,9,4,4,1,0,1,266,13,0x19
5,9,4,5,1,0,1,287,11,0x19
5,9,4,6,1,0,1,266,13,0x19
5,9,4,7,1,0,2,194,11,0x19
5,9,4,8,1,0,3,92,0,0x19
5,9,4,9,1,1,4,31,31,0x19
5,9,5,1,1,1,4,35,34,0x19
5,9,5,2,1,0,3,102,0,0x19
5,9,5,3,1,0,2,214,11,0x19
5,9,5,4,1,0,1,287,11,0x19
5,9,5,5,1,0,1,310,10,0x19
5,9,5,6,1,0,1,287,11,0x19
5,9,5,7,1,0,2,214,11,0x19
5,9,5,8,1,0,3,102,0,0x19
5,9,5,9,1,1,4,35,34,0x19
5,9,6,1,1,1,4,31,31,0x19
5,9,6,2,1,0,3,92,0,0x19
5,9,6,3,1,0,2,194,11,0x19
5,9,6,4,1,0,1,266,13,0x19
5,9,6,5,1,0,1,287,11,0x19
5,9,6,6,1,0,1,266,13,0x19
5,9,6,7,1,0,2,194,11,0x19
5,9,6,8,1,0,3,92,0,0x19
5,9,6,9,1,1,4,31,31,0x19
5,9,7,1,1,1,4,20,20,0x19
5,9,7,2,1,0,3,63,0,0x19
5,9,7,3,1,0,3,127,0,0x19
5,9,7,4,1,0,2,194,11,0x19
5,9,7,5,1,0,2,214,11,0x19
5,9,7,6,1,0,2,194,11,0x19
5,9,7,7,1,0,3,127,0,0x19
5,9,7,8,1,0,3,63,0,0x19
5,9,7,9,1,1,4,20,20,0x19
5,9,8,2,1,1,4,29,29,0x19
5,9,8,3,1,0,3,63,0,0x19
5,9,8,4,1,0,3,92,0,0x19
5,9,8,5,1,0,3,102,0,0x19
5,9,8,6,1,0,3,92,0,0x19
5,9,8,7,1,0,3,63,0,0x19
5,9,8,8,1,1,4,29,29,0x19
5,9,9,3,1,1,4,20,20,0x19
5,9,9,4,1,1,4,31,31,0x19
5,9,9,5,1,1,4,35,34,0x19
5,9,9,6,1,1,4,31,31,0x19
5,9,9,7,1,1,4,20,20,0x19
5,10,1,4,1,1,4,17,17,0x19
5,10,1,5,1,1,4,21,21,0x19
5,10,1,6,1,1,4,17,17,0x19
5,10,2,2,1,1,4,15,15,0x19
5,10,2,3,1,1,4,31,31,0x19
5,10,2,4,1,1,4,52,51,0x19
5,10,2,5,1,0,3,62,0,0x19
5,10,2,6,1,1,4,52,51,0x19
5,10,2,7,1,1,4,31,31,0x19
5,10,2,8,1,1,4,15,15,0x19
5,10,3,2,1,1,4,31,31,0x19
5,10,3,3,1,0,3,71,0,0x19
5,10,3,4,1,0,3,110,0,0x19
5,10,3,5,1,0,3,124,0,0x19
5,10,3,6,1,0,3,110,0,0x19
5,10,3,7,1,0,3,71,0,0x19
5,10,3,8,1,1,4,31,31,0x19
5,10,4,1,1,1,4,17,17,0x19
5,10,4,2,1,1,4,52,51,0x19
5,10,4,3,1,0,3,110,0,0x19
5,10,4,4,1,0,2,187,11,0x19
5,10,4,5,1,0,2,206,11,0x19
5,10,4,6,1,0,2,187,11,0x19
5,10,4,7,1,0,3,110,0,0x19
5,10,4,8,1,1,4,52,51,0x19
5,10,4,9,1,1,4,17,17,0x19
5,10,5,1,1,1,4,21,21,0x19
5,10,5,2,1,0,3,62,0,0x19
5,10,5,3,1,0,3,124,0,0x19
5,10,5,4,1,0,2,206,11,0x19
5,10,5,5,1,0,2,229,11,0x19
5,10,5,6,1,0,2,206,11,0x19
5,10,5,7,1,0,3,124,0,0x19
5,10,5,8,1,0,3,62,0,0x19
5,10,5,9,1,1,4,21,21,0x19
5,10,6,1,1,1,4,17,17,0x19
5,10,6,2,1,1,4,52,51,0x19
5,10,6,3,1,0,3,110,0,0x19
5,10,6,4,1,0,2,187,11,0x19
5,10,6,5,1,0,2,206,11,0x19
5,10,6,6,1,0,2,187,11,0x19
5,10,6,7,1,0,3,110,0,0x19
5,10,6,8,1,1,4,52,51,0x19
5,10,6,9,1,1,4,17,17,0x19
5,10,7,2,1,1,4,31,31,0x19
5,10,7,3,1,0,3,71,0,0x19
5,10,7,4,1,0,3,110,0,0x19
5,10,7,5,1,0,3,124,0,0x19
5,10,7,6,1,0,3,110,0,0x19
5,10,7,7,1,0,3,71,0,0x19
5,10,7,8,1,1,4,31,31,0x19
5,10,8,2,1,1,4,15,15,0x19
5,10,8,3,1,1,4,31,31,0x19
5,10,8,4,1,1,4,52,51,0x19
5,10,8,5,1,0,3,62,0,0x19
5,10,8,6,1,1,4,52,51,0x19
5,10,8,7,1,1,4,31,31,0x19
5,10,8,8,1,1,4,15,15,0x19
5,10,9,4,1,1,4,17,17,0x19
5,10,9,5,1,1,4,21,21,0x19
5,10,9,6,1,1,4,17,17,0x19
6,0,0,3,0,1,5,0,0,0x00
6,0,0,4,0,1,5,0,0,0x00
6,0,0,5,0,1,5,0,0,0x00
6,0,0,6,0,1,5,0,0,0x00
6,0,0,7,0,1,5,0,0,0x00
6,0,1,2,0,1,5,0,0,0x00
6,0,1,3,0,1,5,0,0,0x00
6,0,1,4,0,0,4,17,17,0x00
6,0,1,5,0,0,4,21,21,0x00
6,0,1,6,0,0,4,17,17,0x00
6,0,1,7,0,1,5,0,0,0x00
6,0,1,8,0,1,5,0,0,0x00
6,0,2,1,0,1,5,0,0,0x00
6,0,2,2,0,0,4,15,15,0x00
6,0,2,3,0,0,4,31,31,0x00
6,0,2,4,0,0,4,52,51,0x00
6,0,2,5,0,0,3,62,0,0x00
6,0,2,6,0,0,4,52,51,0x00
6,0,2,7,0,0,4,31,31,0x00
6,0,2,8,0,0,4,15,15,0x00
6,0,2,9,0,1,5,0,0,0x00
6,0,3,0,0,1,5,0,0,0x00
6,0,3,1,0,1,5,0,0,0x00
6,0,3,2,0,0,4,31,31,0x00
6,0,3,3,0,0,3,71,0,0x00
6,0,3,4,0,0,3,110,0,0x00
6,0,3,5,0,0,3,124,0,0x00
6,0,3,6,0,0,3,110,0,0x00
6,0,3,7,0,0,3,71,0,0x00
6,0,3,8,0,0,4,31,31,0x00
6,0,3,9,0,1,5,0,0,0x00
6,0,3,10,0,1,5,0,0,0x00
6,0,4,0,0,1,5,0,0,0x00
6,0,4,1,0,0,4,17,17,0x00
6,0,4,2,0,0,4,52,51,0x00
6,0,4,3,0,0,3,110,0,0x00
6,0,4,4,0,0,2,182,11,0x00
6,0,4,5,0,0,2,204,11,0x00
6,0,4,6,0,0,2,182,11,0x00
6,0,4,7,0,0,3,110,0,0x00
6,0,4,8,0,0,4,52,51,0x00
6,0,4,9,0,0,4,17,17,0x00
6,0,4,10,0,1,5,0,0,0x00
6,0,5,0,0,1,5,0,0,0x00
6,0,5,1,0,0,4,21,21,0x00
6,0,5,2,0,0,3,62,0,0x00
6,0,5,3,0,0,3,124,0,0x00
6,0,5,4,0,0,2,204,11,0x00
6,0,5,5,0,0,2,226,11,0x00
6,0,5,6,0,0,2,204,11,0x00
6,0,5,7,0,0,3,124,0,0x00
6,0,5,8,0,0,3,62,0,0x00
6,0,5,9,0,0,4,21,21,0x00
6,0,5,10,0,1,5,0,0,0x00
6,0,6,0,0,1,5,0,0,0x00
6,0,6,1,0,0,4,17,17,0x00
6,0,6,2,0,0,4,52,51,0x00
6,0,6,3,0,0,3,110,0,0x00
6,0,6,4,0,0,2,182,11,0x00
6,0,6,5,0,0,2,204,11,0x00
6,0,6,6,0,0,2,182,11,0x00
6,0,6,7,0,0,3,110,0,0x00
6,0,6,8,0,0,4,52,51,0x00
6,0,6,9,0,0,4,17,17,0x00
6,0,6,10,0,1,5,0,0,0x00
6,0,7,0,0,1,5,0,0,0x00
6,0,7,1,0,1,5,0,0,0x00
6,0,7,2,0,0,4,31,31,0x00
6,0,7,3,0,0,3,71,0,0x00
6,0,7,4,0,0,3,110,0,0x00
6,0,7,5,0,0,3,124,0,0x00
6,0,7,6,0,0,3,110,0,0x00
6,0,7,7,0,0,3,71,0,0x00
6,0,7,8,0,0,4,31,31,0x00
6,0,7,9,0,1,5,0,0,0x00
6,0,7,10,0,1,5,0,0,0x00
6,0,8,1,0,1,5,0,0,0x00
6,0,8,2,0,0,4,15,15,0x00
6,0,8,3,0,0,4,31,31,0x00
6,0,8,4,0,0,4,52,51,0x00
6,0,8,5,0,0,3,62,0,0x00
6,0,8,6,0,0,4,52,51,0x00
6,0,8,7,0,0,4,31,31,0x00
6,0,8,8,0,0,4,15,15,0x00
6,0,8,9,0,1,5,0,0,0x00
6,0,9,2,0,1,5,0,0,0x00
6,0,9,3,0,1,5,0,0,0x00
6,0,9,4,0,0,4,17,17,0x00
6,0,9,5,0,0,4,21,21,0x00
6,0,9,6,0,0,4,17,17,0x00
6,0,9,7,0,1,5,0,0,0x00
6,0,9,8,0,1,5,0,0,0x00
6,0,10,3,0,1,5,0,0,0x00
6,0,10,4,0,1,5,0,0,0x00
6,0,10,5,0,1,5,0,0,0x00
6,0,10,6,0,1,5,0,0,0x00
6,0,10,7,0,1,5,0,0,0x00
6,1,0,2,0,1,5,0,0,0x00
6,1,0,3,0,1,5,0,0,0x00
6,1,0,4,0,1,5,0,0,0x00
6,1,0,5,0,1,5,0,0,0x00
6,1,0,6,0,1,5,0,0,0x00
6,1,0,7,0,1,5,0,0,0x00
6,1,0,8,0,1,5,0,0,0x00
6,1,1,1,0,1,5,0,0,0x00
6,1,1,2,0,1,5,0,0,0x00
6,1,1,3,0,0,4,20,20,0x00
6,1,1,4,0,0,4,31,31,0x00
6,1,1,5,0,0,4,35,34,0x00
6,1,1,6,0,0,4,31,31,0x00
6,1,1,7,0,0,4,20,20,0x00
6,1,1,8,0,1,5,0,0,0x00
6,1,1,9,0,1,5,0,0,0x00
6,1,2,0,0,1,5,0,0,0x00
6,1,2,1,0,1,5,0,0,0x00
6,1,2,2,0,0,4,29,29,0x00
6,1,2,3,0,0,3,63,0,0x00
6,1,2,4,0,0,3,92,0,0x00
6,1,2,5,0,0,3,102,0,0x00
6,1,2,6,0,0,3,92,0,0x00
6,1,2,7,0,0,3,63,0,0x00
6,1,2,8,0,0,4,29,29,0x00
6,1,2,9,0,1,5,0,0,0x00
6,1,2,10,0,1,5,0,0,0x00
6,1,3,0,0,1,5,0,0,0x00
6,1,3,1,0,0,4,20,20,0x00
6,1,3,2,0,0,3,63,0,0x00
6,1,3,3,0,0,3,128,0,0x00
6,1,3,4,0,0,2,196,12,0x00
6,1,3,5,0,0,2,214,12,0x00
6,1,3,6,0,0,2,196,12,0x00
6,1,3,7,0,0,3,128,0,0x00
6,1,3,8,0,0,3,63,0,0x00
6,1,3,9,0,0,4,20,20,0x00
6,1,3,10,0,1,5,0,0,0x00
6,1,4,0,0,1,5,0,0,0x00
6,1,4,1,0,0,4,31,31,0x00
6,1,4,2,0,0,3,92,0,0x00
6,1,4,3,0,0,2,196,12,0x00
6,1,4,4,0,0,1,266,13,0x00
6,1,4,5,0,0,1,289,11,0x00
6,1,4,6,0,0,1,266,13,0x00
6,1,4,7,0,0,2,196,12,0x00
6,1,4,8,0,0,3,92,0,0x00
6,1,4,9,0,0,4,31,31,0x00
6,1,4,10,0,1,5,0,0,0x00
6,1,5,0,0,1,5,0,0,0x00
6,1,5,1,0,0,4,35,34,0x00
6,1,5,2,0,0,3,102,0,0x00
6,1,5,3,0,0,2,214,12,0x00
6,1,5,4,0,0,1,289,11,0x00
6,1,5,5,0,0,1,315,12,0x00
6,1,5,6,0,0,1,289,11,0x00
6,1,5,7,0,0,2,214,12,0x00
6,1,5,8,0,0,3,102,0,0x00
6,1,5,9,0,0,4,35,34,0x00
6,1,5,10,0,1,5,0,0,0x00
6,1,6,0,0,1,5,0,0,0x00
6,1,6,1,0,0,4,31,31,0x00
6,1,6,2,0,0,3,92,0,0x00
6,1,6,3,0,0,2,196,12,0x00
6,1,6,4,0,0,1,266,13,0x00
6,1,6,5,0,0,1,289,11,0x00
6,1,6,6,0,0,1,266,13,0x00
6,1,6,7,0,0,2,196,12,0x00
6,1,6,8,0,0,3,92,0,0x00
6,1,6,9,0,0,4,31,31,0x00
6,1,6,10,0,1,5,0,0,0x00
6,1,7,0,0,1,5,0,0,0x00
6,1,7,1,0,0,4,20,20,0x00
6,1,7,2,0,0,3,63,0,0x00
6,1,7,3,0,0,3,128,0,0x00
6,1,7,4,0,0,2,196,12,0x00
6,1,7,5,0,0,2,214,12,0x00
6,1,7,6,0,0,2,196,12,0x00
6,1,7,7,0,0,3,128,0,0x00
6,1,7,8,0,0,3,63,0,0x00
6,1,7,9,0,0,4,20,20,0x00
6,1,7,10,0,1,5,0,0,0x00
6,1,8,0,0,1,5,0,0,0x00
6,1,8,1,0,1,5,0,0,0x00
6,1,8,2,0,0,4,29,29,0x00
6,1,8,3,0,0,3,63,0,0x00
6,1,8,4,0,0,3,92,0,0x00
6,1,8,5,0,0,3,102,0,0x00
6,1,8,6,0,0,3,92,0,0x00
6,1,8,7,0,0,3,63,0,0x00
6,1,8,8,0,0,4,29,29,0x00
6,1,8,9,0,1,5,0,0,0x00
6,1,8,10,0,1,5,0,0,0x00
6,1,9,1,0,1,5,0,0,0x00
6,1,9,2,0,1,5,0,0,0x00
6,1,9,3,0,0,4,20,20,0x00
6,1,9,4,0,0,4,31,31,0x00
6,1,9,5,0,0,4,35,34,0x00
6,1,9,6,0,0,4,31,31,0x00
6,1,9,7,0,0,4,20,20,0x00
6,1,9,8,0,1,5,0,0,0x00
6,1,9,9,0,1,5,0,0,0x00
6,1,10,2,0,1,5,0,0,0x00
6,1,10,3,0,1,5,0,0,0x00
6,1,10,4,0,1,5,0,0,0x00
6,1,10,5,0,1,5,0,0,0x00
6,1,10,6,0,1,5,0,0,0x00
6,1,10,7,0,1,5,0,0,0x00
6,1,10,8,0,1,5,0,0,0x00
6,2,0,2,0,1,5,0,0,0x00
6,2,0,3,0,1,5,0,0,0x00
6,2,0,4,0,1,5,0,0,0x00
6,2,0,5,0,1,5,0,0,0x00
6,2,0,6,0,1,5,0,0,0x00
6,2,0,7,0,1,5,0,0,0x00
6,2,0,8,0,1,5,0,0,0x00
6,2,1,1,0,1,5,0,0,0x00
6,2,1,2,0,1,5,0,0,0x00
6,2,1,3,0,0,4,28,28,0x00
6,2,1,4,0,0,4,40,39,0x00
6,2,1,5,0,0,4,45,44,0x00
6,2,1,6,0,0,4,40,39,0x00
6,2,1,7,0,0,4,28,28,0x00
6,2,1,8,0,1,5,0,0,0x00
6,2,1,9,0,1,5,0,0,0x00
6,2,2,0,0,1,5,0,0,0x00
6,2,2,1,0,1,5,0,0,0x00
6,2,2,2,0,0,4,35,34,0x00
6,2,2,3,0,0,3,82,0,0x00
6,2,2,4,0,0,3,114,0,0x00
6,2,2,5,0,0,3,125,0,0x00
6,2,2,6,0,0,3,114,0,0x00
6,2,2,7,0,0,3,82,0,0x00
6,2,2,8,0,0,4,35,34,0x00
6,2,2,9,0,1,5,0,0,0x00
6,2,2,10,0,1,5,0,0,0x00
6,2,3,0,0,1,5,0,0,0x00
6,2,3,1,0,0,4,28,28,0x00
6,2,3,2,0,0,3,82,0,0x00
6,2,3,3,0,0,2,179,11,0x00
6,2,3,4,0,0,2,234,11,0x00
6,2,3,5,0,0,2,258,12,0x00
6,2,3,6,0,0,2,234,11,0x00
6,2,3,7,0,0,2,179,11,0x00
6,2,3,8,0,0,3,82,0,0x00
6,2,3,9,0,0,4,28,28,0x00
6,2,3,10,0,1,5,0,0,0x00
6,2,4,0,0,1,5,0,0,0x00
6,2,4,1,0,0,4,40,39,0x00
6,2,4,2,0,0,3,114,0,0x00
6,2,4,3,0,0,2,234,11,0x00
6,2,4,4,0,0,1,307,11,0x00
6,2,4,5,0,0,1,332,11,0x00
6,2,4,6,0,0,1,307,11,0x00
6,2,4,7,0,0,2,234,11,0x00
6,2,4,8,0,0,3,114,0,0x00
6,2,4,9,0,0,4,40,39,0x00
6,2,4,10,0,1,5,0,0,0x00
6,2,5,0,0,1,5,0,0,0x00
6,2,5,1,0,0,4,45,44,0x00
6,2,5,2,0,0,3,125,0,0x00
6,2,5,3,0,0,2,258,12,0x00
6,2,5,4,0,0,1,332,11,0x00
6,2,5,5,0,0,0,355,12,0x00
6,2,5,6,0,0,1,332,11,0x00
6,2,5,7,0,0,2,258,12,0x00
6,2,5,8,0,0,3,125,0,0x00
6,2,5,9,0,0,4,45,44,0x00
6,2,5,10,0,1,5,0,0,0x00
6,2,6,0,0,1,5,0,0,0x00
6,2,6,1,0,0,4,40,39,0x00
6,2,6,2,0,0,3,114,0,0x00
6,2,6,3,0,0,2,234,11,0x00
6,2,6,4,0,0,1,307,11,0x00
6,2,6,5,0,0,1,332,11,0x00
6,2,6,6,0,0,1,307,11,0x00
6,2,6,7,0,0,2,234,11,0x00
6,2,6,8,0,0,3,114,0,0x00
6,2,6,9,0,0,4,40,39,0x00
6,2,6,10,0,1,5,0,0,0x00
6,2,7,0,0,1,5,0,0,0x00
6,2,7,1,0,0,4,28,28,0x00
6,2,7,2,0,0,3,82,0,0x00
6,2,7,3,0,0,2,179,11,0x00
6,2,7,4,0,0,2,234,11,0x00
6,2,7,5,0,0,2,258,12,0x00
6,2,7,6,0,0,2,234,11,0x00
6,2,7,7,0,0,2,179,11,0x00
6,2,7,8,0,0,3,82,0,0x00
6,2,7,9,0,0,4,28,28,0x00
6,2,7,10,0,1,5,0,0,0x00
6,2,8,0,0,1,5,0,0,0x00
6,2,8,1,0,1,5,0,0,0x00
6,2,8,2,0,0,4,35,34,0x00
6,2,8,3,0,0,3,82,0,0x00
6,2,8,4,0,0,3,114,0,0x00
6,2,8,5,0,0,3,125,0,0x00
6,2,8,6,0,0,3,114,0,0x00
6,2,8,7,0,0,3,82,0,0x00
6,2,8,8,0,0,4,35,34,0x00
6,2,8,9,0,1,5,0,0,0x00
6,2,8,10,0,1,5,0,0,0x00
6,2,9,1,0,1,5,0,0,0x00
6,2,9,2,0,1,5,0,0,0x00
6,2,9,3,0,0,4,28,28,0x00
6,2,9,4,0,0,4,40,39,0x00
6,2,9,5,0,0,4,45,44,0x00
6,2,9,6,0,0,4,40,39,0x00
6,2,9,7,0,0,4,28,28,0x00
6,2,9,8,0,1,5,0,0,0x00
6,2,9,9,0,1,5,0,0,0x00
6,2,10,2,0,1,5,0,0,0x00
6,2,10,3,0,1,5,0,0,0x00
6,2,10,4,0,1,5,0,0,0x00
6,2,10,5,0,1,5,0,0,0x00
6,2,10,6,0,1,5,0,0,0x00
6,2,10,7,0,1,5,0,0,0x00
6,2,10,8,0,1,5,0,0,0x00
6,3,0,2,0,1,5,0,0,0x00
6,3,0,3,0,1,5,0,0,0x00
6,3,0,4,0,1,5,0,0,0x00
6,3,0,5,0,1,5,0,0,0x00
6,3,0,6,0,1,5,0,0,0x00
6,3,0,7,0,1,5,0,0,0x00
6,3,0,8,0,1,5,0,0,0x00
6,3,1,1,0,1,5,0,0,0x00
6,3,1,2,0,1,5,0,0,0x00
6,3,1,3,0,0,4,29,29,0x00
6,3,1,4,0,0,4,41,40,0x00
6,3,1,5,0,0,4,46,45,0x00
6,3,1,6,0,0,4,41,40,0x00
6,3,1,7,0,0,4,29,29,0x00
6,3,1,8,0,1,5,0,0,0x00
6,3,1,9,0,1,5,0,0,0x00
6,3,2,0,0,1,5,0,0,0x00
6,3,2,1,0,1,5,0,0,0x00
6,3,2,2,0,0,4,36,35,0x00
6,3,2,3,0,0,3,84,0,0x00
6,3,2,4,0,0,3,116,0,0x00
6,3,2,5,0,0,3,127,0,0x00
6,3,2,6,0,0,3,116,0,0x00
6,3,2,7,0,0,3,84,0,0x00
6,3,2,8,0,0,4,36,35,0x00
6,3,2,9,0,1,5,0,0,0x00
6,3,2,10,0,1,5,0,0,0x00
6,3,3,0,0,1,5,0,0,0x00
6,3,3,1,0,0,4,29,29,0x00
6,3,3,2,0,0,3,84,0,0x00
6,3,3,3,0,0,2,178,10,0x00
6,3,3,4,0,0,2,238,10,0x00
6,3,3,5,0,0,2,259,11,0x00
6,3,3,6,0,0,2,238,10,0x00
6,3,3,7,0,0,2,178,10,0x00
6,3,3,8,0,0,3,84,0,0x00
6,3,3,9,0,0,4,29,29,0x00
6,3,3,10,0,1,5,0,0,0x00
6,3,4,0,0,1,5,0,0,0x00
6,3,4,1,0,0,4,41,40,0x00
6,3,4,2,0,0,3,116,0,0x00
6,3,4,3,0,0,2,238,10,0x00
6,3,4,4,0,0,1,310,11,0x00
6,3,4,5,0,0,1,335,12,0x00
6,3,4,6,0,0,1,310,11,0x00
6,3,4,7,0,0,2,238,10,0x00
6,3,4,8,0,0,3,116,0,0x00
6,3,4,9,0,0,4,41,40,0x00
6,3,4,10,0,1,5,0,0,0x00
6,3,5,0,0,1,5,0,0,0x00
6,3,5,1,0,0,4,46,45,0x00
6,3,5,2,0,0,3,127,0,0x00
6,3,5,3,0,0,2,259,11,0x00
6,3,5,4,0,0,1,335,12,0x00
6,3,5,5,0,0,0,358,12,0x00
6,3,5,6,0,0,1,335,12,0x00
6,3,5,7,0,0,2,259,11,0x00
6,3,5,8,0,0,3,127,0,0x00
6,3,5,9,0,0,4,46,45,0x00
6,3,5,10,0,1,5,0,0,0x00
6,3,6,0,0,1,5,0,0,0x00
6,3,6,1,0,0,4,41,40,0x00
6,3,6,2,0,0,3,116,0,0x00
6,3,6,3,0,0,2,238,10,0x00
6,3,6,4,0,0,1,310,11,0x00
6,3,6,5,0,0,1,335,12,0x00
6,3,6,6,0,0,1,310,11,0x00
6,3,6,7,0,0,2,238,10,0x00
6,3,6,8,0,0,3,116,0,0x00
6,3,6,9,0,0,4,41,40,0x00
6,3,6,10,0,1,5,0,0,0x00
6,3,7,0,0,1,5,0,0,0x00
6,3,7,1,0,0,4,29,29,0x00
6,3,7,2,0,0,3,84,0,0x00
6,3,7,3,0,0,2,178,10,0x00
6,3,7,4,0,0,2,238,10,0x00
6,3,7,5,0,0,2,259,11,0x00
6,3,7,6,0,0,2,238,10,0x00
6,3,7,7,0,0,2,178,10,0x00
6,3,7,8,0,0,3,84,0,0x00
6,3,7,9,0,0,4,29,29,0x00
6,3,7,10,0,1,5,0,0,0x00
6,3,8,0,0,1,5,0,0,0x00
6,3,8,1,0,1,5,0,0,0x00
6,3,8,2,0,0,4,36,35,0x00
6,3,8,3,0,0,3,84,0,0x00
6,3,8,4,0,0,3,116,0,0x00
6,3,8,5,0,0,3,127,0,0x00
6,3,8,6,0,0,3,116,0,0x00
6,3,8,7,0,0,3,84,0,0x00
6,3,8,8,0,0,4,36,35,0x00
6,3,8,9,0,1,5,0,0,0x00
6,3,8,10,0,1,5,0,0,0x00
6,3,9,1,0,1,5,0,0,0x00
6,3,9,2,0,1,5,0,0,0x00
6,3,9,3,0,0,4,29,29,0x00
6,3,9,4,0,0,4,41,40,0x00
6,3,9,5,0,0,4,46,45,0x00
6,3,9,6,0,0,4,41,40,0x00
6,3,9,7,0,0,4,29,29,0x00
6,3,9,8,0,1,5,0,0,0x00
6,3,9,9,0,1,5,0,0,0x00
6,3,10,2,0,1,5,0,0,0x00
6,3,10,3,0,1,5,0,0,0x00
6,3,10,4,0,1,5,0,0,0x00
6,3,10,5,0,1,5,0,0,0x00
6,3,10,6,0,1,5,0,0,0x00
6,3,10,7,0,1,5,0,0,0x00
6,3,10,8,0,1,5,0,0,0x00
6,4,0,2,0,1,5,0,0,0x00
6,4,0,3,0,1,5,0,0,0x00
6,4,0,4,0,1,5,0,0,0x00
6,4,0,5,0,1,5,0,0,0x00
6,4,0,6,0,1,5,0,0,0x00
6,4,0,7,0,1,5,0,0,0x00
6,4,0,8,0,1,5,0,0,0x00
6,4,1,1,0,1,5,0,0,0x00
6,4,1,2,0,1,5,0,0,0x00
6,4,1,3,0,0,4,24,24,0x00
6,4,1,4,0,0,4,35,34,0x00
6,4,1,5,0,0,4,39,38,0x00
6,4,1,6,0,0,4,35,34,0x00
6,4,1,7,0,0,4,24,24,0x00
6,4,1,8,0,1,5,0,0,0x00
6,4,1,9,0,1,5,0,0,0x00
6,4,2,0,0,1,5,0,0,0x00
6,4,2,1,0,1,5,0,0,0x00
6,4,2,2,0,0,4,31,31,0x00
6,4,2,3,0,0,3,69,0,0x00
6,4,2,4,0,0,3,99,0,0x00
6,4,2,5,0,0,3,111,0,0x00
6,4,2,6,0,0,3,99,0,0x00
6,4,2,7,0,0,3,69,0,0x00
6,4,2,8,0,0,4,31,31,0x00
6,4,2,9,0,1,5,0,0,0x00
6,4,2,10,0,1,5,0,0,0x00
6,4,3,0,0,1,5,0,0,0x00
6,4,3,1,0,0,4,24,24,0x00
6,4,3,2,0,0,3,69,0,0x00
6,4,3,3,0,0,3,136,0,0x00
6,4,3,4,0,0,2,205,11,0x00
6,4,3,5,0,0,2,228,10,0x00
6,4,3,6,0,0,2,205,11,0x00
6,4,3,7,0,0,3,136,0,0x00
6,4,3,8,0,0,3,69,0,0x00
6,4,3,9,0,0,4,24,24,0x00
6,4,3,10,0,1,5,0,0,0x00
6,4,4,0,0,1,5,0,0,0x00
6,4,4,1,0,0,4,35,34,0x00
6,4,4,2,0,0,3,99,0,0x00
6,4,4,3,0,0,2,205,11,0x00
6,4,4,4,0,0,1,272,12,0x00
6,4,4,5,0,0,1,297,12,0x00
6,4,4,6,0,0,1,272,12,0x00
6,4,4,7,0,0,2,205,11,0x00
6,4,4,8,0,0,3,99,0,0x00
6,4,4,9,0,0,4,35,34,0x00
6,4,4,10,0,1,5,0,0,0x00
6,4,5,0,0,1,5,0,0,0x00
6,4,5,1,0,0,4,39,38,0x00
6,4,5,2,0,0,3,111,0,0x00
6,4,5,3,0,0,2,228,10,0x00
6,4,5,4,0,0,1,297,12,0x00
6,4,5,5,0,0,1,319,12,0x00
6,4,5,6,0,0,1,297,12,0x00
6,4,5,7,0,0,2,228,10,0x00
6,4,5,8,0,0,3,111,0,0x00
6,4,5,9,0,0,4,39,38,0x00
6,4,5,10,0,1,5,0,0,0x00
6,4,6,0,0,1,5,0,0,0x00
6,4,6,1,0,0,4,35,34,0x00
6,4,6,2,0,0,3,99,0,0x00
6,4,6,3,0,0,2,205,11,0x00
6,4,6,4,0,0,1,272,12,0x00
6,4,6,5,0,0,1,297,12,0x00
6,4,6,6,0,0,1,272,12,0x00
6,4,6,7,0,0,2,205,11,0x00
6,4,6,8,0,0,3,99,0,0x00
6,4,6,9,0,0,4,35,34,0x00
6,4,6,10,0,1,5,0,0,0x00
6,4,7,0,0,1,5,0,0,0x00
6,4,7,1,0,0,4,24,24,0x00
6,4,7,2,0,0,3,69,0,0x00
6,4,7,3,0,0,3,136,0,0x00
6,4,7,4,0,0,2,205,11,0x00
6,4,7,5,0,0,2,228,10,0x00
6,4,7,6,0,0,2,205,11,0x00
6,4,7,7,0,0,3,136,0,0x00
6,4,7,8,0,0,3,69,0,0x00
6,4,7,9,0,0,4,24,24,0x00
6,4,7,10,0,1,5,0,0,0x00
6,4,8,0,0,1,5,0,0,0x00
6,4,8,1,0,1,5,0,0,0x00
6,4,8,2,0,0,4,31,31,0x00
6,4,8,3,0,0,3,69,0,0x00
6,4,8,4,0,0,3,99,0,0x00
6,4,8,5,0,0,3,111,0,0x00
6,4,8,6,0,0,3,99,0,0x00
6,4,8,7,0,0,3,69,0,0x00
6,4,8,8,0,0,4,31,31,0x00
6,4,8,9,0,1,5,0,0,0x00
6,4,8,10,0,1,5,0,0,0x00
6,4,9,1,0,1,5,0,0,0x00
6,4,9,2,0,1,5,0,0,0x00
6,4,9,3,0,0,4,24,24,0x00
6,4,9,4,0,0,4,35,34,0x00
6,4,9,5,0,0,4,39,38,0x00
6,4,9,6,0,0,4,35,34,0x00
6,4,9,7,0,0,4,24,24,0x00
6,4,9,8,0,1,5,0,0,0x00
6,4,9,9,0,1,5,0,0,0x00
6,4,10,2,0,1,5,0,0,0x00
6,4,10,3,0,1,5,0,0,0x00
6,4,10,4,0,1,5,0,0,0x00
6,4,10,5,0,1,5,0,0,0x00
6,4,10,6,0,1,5,0,0,0x00
6,4,10,7,0,1,5,0,0,0x00
6,4,10,8,0,1,5,0,0,0x00
6,5,0,3,0,1,5,0,0,0x00
6,5,0,4,0,1,5,0,0,0x00
6,5,0,5,0,1,5,0,0,0x00
6,5,0,6,0,1,5,0,0,0x00
6,5,0,7,0,1,5,0,0,0x00
6,5,1,2,0,1,5,0,0,0x00
6,5,1,3,0,0,4,15,15,0x00
6,5,1,4,0,0,4,24,24,0x00
6,5,1,5,0,0,4,27,27,0x00
6,5,1,6,0,0,4,24,24,0x00
6,5,1,7,0,0,4,15,15,0x00
6,5,1,8,0,1,5,0,0,0x00
6,5,2,1,0,1,5,0,0,0x00
6,5,2,2,0,0,4,19,19,0x00
6,5,2,3,0,0,4,43,42,0x00
6,5,2,4,0,0,3,67,0,0x00
6,5,2,5,0,0,3,77,0,0x00
6,5,2,6,0,0,3,67,0,0x00
6,5,2,7,0,0,4,43,42,0x00
6,5,2,8,0,0,4,19,19,0x00
6,5,2,9,0,1,5,0,0,0x00
6,5,3,0,0,1,5,0,0,0x00
6,5,3,1,0,0,4,15,15,0x00
6,5,3,2,0,0,4,43,42,0x00
6,5,3,3,0,0,3,86,0,0x00
6,5,3,4,0,0,3,132,1,0x00
6,5,3,5,0,0,2,167,12,0x00
6,5,3,6,0,0,3,132,1,0x00
6,5,3,7,0,0,3,86,0,0x00
6,5,3,8,0,0,4,43,42,0x00
6,5,3,9,0,0,4,15,15,0x00
6,5,3,10,0,1,5,0,0,0x00
6,5,4,0,0,1,5,0,0,0x00
6,5,4,1,0,0,4,24,24,0x00
6,5,4,2,0,0,3,67,0,0x00
6,5,4,3,0,0,3,132,1,0x00
6,5,4,4,0,0,2,195,10,0x00
6,5,4,5,0,0,2,222,11,0x00
6,5,4,6,0,0,2,195,10,0x00
6,5,4,7,0,0,3,132,1,0x00
6,5,4,8,0,0,3,67,0,0x00
6,5,4,9,0,0,4,24,24,0x00
6,5,4,10,0,1,5,0,0,0x00
6,5,5,0,0,1,5,0,0,0x00
6,5,5,1,0,0,4,27,27,0x00
6,5,5,2,0,0,3,77,0,0x00
6,5,5,3,0,0,2,167,12,0x00
6,5,5,4,0,0,2,222,11,0x00
6,5,5,5,0,0,2,239,10,0x00
6,5,5,6,0,0,2,222,11,0x00
6,5,5,7,0,0,2,167,12,0x00
6,5,5,8,0,0,3,77,0,0x00
6,5,5,9,0,0,4,27,27,0x00
6,5,5,10,0,1,5,0,0,0x00
6,5,6,0,0,1,5,0,0,0x00
6,5,6,1,0,0,4,24,24,0x00
6,5,6,2,0,0,3,67,0,0x00
6,5,6,3,0,0,3,132,1,0x00
6,5,6,4,0,0,2,195,10,0x00
6,5,6,5,0,0,2,222,11,0x00
6,5,6,6,0,0,2,195,10,0x00
6,5,6,7,0,0,3,132,1,0x00
6,5,6,8,0,0,3,67,0,0x00
6,5,6,9,0,0,4,24,24,0x00
6,5,6,10,0,1,5,0,0,0x00
6,5,7,0,0,1,5,0,0,0x00
6,5,7,1,0,0,4,15,15,0x00
6,5,7,2,0,0,4,43,42,0x00
6,5,7,3,0,0,3,86,0,0x00
6,5,7,4,0,0,3,132,1,0x00
6,5,7,5,0,0,2,167,12,0x00
6,5,7,6,0,0,3,132,1,0x00
6,5,7,7,0,0,3,86,0,0x00
6,5,7,8,0,0,4,43,42,0x00
6,5,7,9,0,0,4,15,15,0x00
6,5,7,10,0,1,5,0,0,0x00
6,5,8,1,0,1,5,0,0,0x00
6,5,8,2,0,0,4,19,19,0x00
6,5,8,3,0,0,4,43,42,0x00
6,5,8,4,0,0,3,67,0,0x00
6,5,8,5,0,0,3,77,0,0x00
6,5,8,6,0,0,3,67,0,0x00
6,5,8,7,0,0,4,43,42,0x00
6,5,8,8,0,0,4,19,19,0x00
6,5,8,9,0,1,5,0,0,0x00
6,5,9,2,0,1,5,0,0,0x00
6,5,9,3,0,0,4,15,15,0x00
6,5,9,4,0,0,4,24,24,0x00
6,5,9,5,0,0,4,27,27,0x00
6,5,9,6,0,0,4,24,24,0x00
6,5,9,7,0,0,4,15,15,0x00
6,5,9,8,0,1,5,0,0,0x00
6,5,10,3,0,1,5,0,0,0x00
6,5,10,4,0,1,5,0,0,0x00
6,5,10,5,0,1,5,0,0,0x00
6,5,10,6,0,1,5,0,0,0x00
6,5,10,7,0,1,5,0,0,0x00
6,6,0,4,0,1,5,0,0,0x00
6,6,0,5,0,1,5,0,0,0x00
6,6,0,6,0,1,5,0,0,0x00
6,6,1,2,0,1,5,0,0,0x00
6,6,1,3,0,1,5,0,0,0x00
6,6,1,4,0,1,5,0,0,0x00
6,6,1,5,0,1,5,0,0,0x00
6,6,1,6,0,1,5,0,0,0x00
6,6,1,7,0,1,5,0,0,0x00
6,6,1,8,0,1,5,0,0,0x00
6,6,2,1,0,1,5,0,0,0x00
6,6,2,2,0,1,5,0,0,0x00
6,6,2,3,0,0,4,19,19,0x00
6,6,2,4,0,0,4,30,30,0x00
6,6,2,5,0,0,4,32,31,0x00
6,6,2,6,0,0,4,30,30,0x00
6,6,2,7,0,0,4,19,19,0x00
6,6,2,8,0,1,5,0,0,0x00
6,6,2,9,0,1,5,0,0,0x00
6,6,3,1,0,1,5,0,0,0x00
6,6,3,2,0,0,4,19,19,0x00
6,6,3,3,0,0,4,42,41,0x00
6,6,3,4,0,0,3,65,0,0x00
6,6,3,5,0,0,3,75,0,0x00
6,6,3,6,0,0,3,65,0,0x00
6,6,3,7,0,0,4,42,41,0x00
6,6,3,8,0,0,4,19,19,0x00
6,6,3,9,0,1,5,0,0,0x00
6,6,4,0,0,1,5,0,0,0x00
6,6,4,1,0,1,5,0,0,0x00
6,6,4,2,0,0,4,30,30,0x00
6,6,4,3,0,0,3,65,0,0x00
6,6,4,4,0,0,3,94,0,0x00
6,6,4,5,0,0,3,105,0,0x00
6,6,4,6,0,0,3,94,0,0x00
6,6,4,7,0,0,3,65,0,0x00
6,6,4,8,0,0,4,30,30,0x00
6,6,4,9,0,1,5,0,0,0x00
6,6,4,10,0,1,5,0,0,0x00
6,6,5,0,0,1,5,0,0,0x00
6,6,5,1,0,1,5,0,0,0x00
6,6,5,2,0,0,4,32,31,0x00
6,6,5,3,0,0,3,75,0,0x00
6,6,5,4,0,0,3,105,0,0x00
6,6,5,5,0,0,3,116,0,0x00
6,6,5,6,0,0,3,105,0,0x00
6,6,5,7,0,0,3,75,0,0x00
6,6,5,8,0,0,4,32,31,0x00
6,6,5,9,0,1,5,0,0,0x00
6,6,5,10,0,1,5,0,0,0x00
6,6,6,0,0,1,5,0,0,0x00
6,6,6,1,0,1,5,0,0,0x00
6,6,6,2,0,0,4,30,30,0x00
6,6,6,3,0,0,3,65,0,0x00
6,6,6,4,0,0,3,94,0,0x00
6,6,6,5,0,0,3,105,0,0x00
6,6,6,6,0,0,3,94,0,0x00
6,6,6,7,0,0,3,65,0,0x00
6,6,6,8,0,0,4,30,30,0x00
6,6,6,9,0,1,5,0,0,0x00
6,6,6,10,0,1,5,0,0,0x00
6,6,7,1,0,1,5,0,0,0x00
6,6,7,2,0,0,4,19,19,0x00
6,6,7,3,0,0,4,42,41,0x00
6,6,7,4,0,0,3,65,0,0x00
6,6,7,5,0,0,3,75,0,0x00
6,6,7,6,0,0,3,65,0,0x00
6,6,7,7,0,0,4,42,41,0x00
6,6,7,8,0,0,4,19,19,0x00
6,6,7,9,0,1,5,0,0,0x00
6,6,8,1,0,1,5,0,0,0x00
6,6,8,2,0,1,5,0,0,0x00
6,6,8,3,0,0,4,19,19,0x00
6,6,8,4,0,0,4,30,30,0x00
6,6,8,5,0,0,4,32,31,0x00
6,6,8,6,0,0,4,30,30,0x00
6,6,8,7,0,0,4,19,19,0x00
6,6,8,8,0,1,5,0,0,0x00
6,6,8,9,0,1,5,0,0,0x00
6,6,9,2,0,1,5,0,0,0x00
6,6,9,3,0,1,5,0,0,0x00
6,6,9,4,0,1,5,0,0,0x00
6,6,9,5,0,1,5,0,0,0x00
6,6,9,6,0,1,5,0,0,0x00
6,6,9,7,0,1,5,0,0,0x00
6,6,9,8,0,1,5,0,0,0x00
6,6,10,4,0,1,5,0,0,0x00
6,6,10,5,0,1,5,0,0,0x00
6,6,10,6,0,1,5,0,0,0x00
6,7,1,4,0,1,5,0,0,0x00
6,7,1,5,0,1,5,0,0,0x00
6,7,1,6,0,1,5,0,0,0x00
6,7,2,2,0,1,5,0,0,0x00
6,7,2,3,0,1,5,0,0,0x00
6,7,2,4,0,1,5,0,0,0x00
6,7,2,5,0,1,5,0,0,0x00
6,7,2,6,0,1,5,0,0,0x00
6,7,2,7,0,1,5,0,0,0x00
6,7,2,8,0,1,5,0,0,0x00
6,7,3,2,0,1,5,0,0,0x00
6,7,3,3,0,0,4,14,14,0x00
6,7,3,4,0,0,4,23,23,0x00
6,7,3,5,0,0,4,26,26,0x00
6,7,3,6,0,0,4,23,23,0x00
6,7,3,7,0,0,4,14,14,0x00
6,7,3,8,0,1,5,0,0,0x00
6,7,4,1,0,1,5,0,0,0x00
6,7,4,2,0,1,5,0,0,0x00
6,7,4,3,0,0,4,23,23,0x00
6,7,4,4,0,0,4,33,32,0x00
6,7,4,5,0,0,4,37,36,0x00
6,7,4,6,0,0,4,33,32,0x00
6,7,4,7,0,0,4,23,23,0x00
6,7,4,8,0,1,5,0,0,0x00
6,7,4,9,0,1,5,0,0,0x00
6,7,5,1,0,1,5,0,0,0x00
6,7,5,2,0,1,5,0,0,0x00
6,7,5,3,0,0,4,26,26,0x00
6,7,5,4,0,0,4,37,36,0x00
6,7,5,5,0,0,4,41,40,0x00
6,7,5,6,0,0,4,37,36,0x00
6,7,5,7,0,0,4,26,26,0x00
6,7,5,8,0,1,5,0,0,0x00
6,7,5,9,0,1,5,0,0,0x00
6,7,6,1,0,1,5,0,0,0x00
6,7,6,2,0,1,5,0,0,0x00
6,7,6,3,0,0,4,23,23,0x00
6,7,6,4,0,0,4,33,32,0x00
6,7,6,5,0,0,4,37,36,0x00
6,7,6,6,0,0,4,33,32,0x00
6,7,6,7,0,0,4,23,23,0x00
6,7,6,8,0,1,5,0,0,0x00
6,7,6,9,0,1,5,0,0,0x00
6,7,7,2,0,1,5,0,0,0x00
6,7,7,3,0,0,4,14,14,0x00
6,7,7,4,0,0,4,23,23,0x00
6,7,7,5,0,0,4,26,26,0x00
6,7,7,6,0,0,4,23,23,0x00
6,7,7,7,0,0,4,14,14,0x00
6,7,7,8,0,1,5,0,0,0x00
6,7,8,2,0,1,5,0,0,0x00
6,7,8,3,0,1,5,0,0,0x00
6,7,8,4,0,1,5,0,0,0x00
6,7,8,5,0,1,5,0,0,0x00
6,7,8,6,0,1,5,0,0,0x00
6,7,8,7,0,1,5,0,0,0x00
6,7,8,8,0,1,5,0,0,0x00
6,7,9,4,0,1,5,0,0,0x00
6,7,9,5,0,1,5,0,0,0x00
6,7,9,6,0,1,5,0,0,0x00
6,8,2,4,0,1,5,0,0,0x00
6,8,2,5,0,1,5,0,0,0x00
6,8,2,6,0,1,5,0,0,0x00
6,8,3,3,0,1,5,0,0,0x00
6,8,3,4,0,1,5,0,0,0x00
6,8,3,5,0,1,5,0,0,0x00
6,8,3,6,0,1,5,0,0,0x00
6,8,3,7,0,1,5,0,0,0x00
6,8,4,2,0,1,5,0,0,0x00
6,8,4,3,0,1,5,0,0,0x00
6,8,4,4,0,1,5,0,0,0x00
6,8,4,5,0,1,5,0,0,0x00
6,8,4,6,0,1,5,0,0,0x00
6,8,4,7,0,1,5,0,0,0x00
6,8,4,8,0,1,5,0,0,0x00
6,8,5,2,0,1,5,0,0,0x00
6,8,5,3,0,1,5,0,0,0x00
6,8,5,4,0,1,5,0,0,0x00
6,8,5,5,0,1,5,0,0,0x00
6,8,5,6,0,1,5,0,0,0x00
6,8,5,7,0,1,5,0,0,0x00
6,8,5,8,0,1,5,0,0,0x00
6,8,6,2,0,1,5,0,0,0x00
6,8,6,3,0,1,5,0,0,0x00
6,8,6,4,0,1,5,0,0,0x00
6,8,6,5,0,1,5,0,0,0x00
6,8,6,6,0,1,5,0,0,0x00
6,8,6,7,0,1,5,0,0,0x00
6,8,6,8,0,1,5,0,0,0x00
6,8,7,3,0,1,5,0,0,0x00
6,8,7,4,0,1,5,0,0,0x00
6,8,7,5,0,1,5,0,0,0x00
6,8,7,6,0,1,5,0,0,0x00
6,8,7,7,0,1,5,0,0,0x00
6,8,8,4,0,1,5,0,0,0x00
6,8,8,5,0,1,5,0,0,0x00
6,8,8,6,0,1,5,0,0,0x00
6,9,2,3,0,1,5,0,0,0x00
6,9,2,4,0,1,5,0,0,0x00
6,9,2,5,0,1,5,0,0,0x00
6,9,2,6,0,1,5,0,0,0x00
6,9,2,7,0,1,5,0,0,0x00
6,9,3,2,0,1,5,0,0,0x00
6,9,3,3,0,1,5,0,0,0x00
6,9,3,4,0,1,5,0,0,0x00
6,9,3,5,0,1,5,0,0,0x00
6,9,3,6,0,1,5,0,0,0x00
6,9,3,7,0,1,5,0,0,0x00
6,9,3,8,0,1,5,0,0,0x00
6,9,4,2,0,1,5,0,0,0x00
6,9,4,3,0,1,5,0,0,0x00
6,9,4,4,0,0,4,21,21,0x00
6,9,4,5,0,0,4,26,26,0x00
6,9,4,6,0,0,4,21,21,0x00
6,9,4,7,0,1,5,0,0,0x00
6,9,4,8,0,1,5,0,0,0x00
6,9,5,2,0,1,5,0,0,0x00
6,9,5,3,0,1,5,0,0,0x00
6,9,5,4,0,0,4,26,26,0x00
6,9,5,5,0,0,4,31,31,0x00
6,9,5,6,0,0,4,26,26,0x00
6,9,5,7,0,1,5,0,0,0x00
6,9,5,8,0,1,5,0,0,0x00
6,9,6,2,0,1,5,0,0,0x00
6,9,6,3,0,1,5,0,0,0x00
6,9,6,4,0,0,4,21,21,0x00
6,9,6,5,0,0,4,26,26,0x00
6,9,6,6,0,0,4,21,21,0x00
6,9,6,7,0,1,5,0,0,0x00
6,9,6,8,0,1,5,0,0,0x00
6,9,7,2,0,1,5,0,0,0x00
6,9,7,3,0,1,5,0,0,0x00
6,9,7,4,0,1,5,0,0,0x00
6,9,7,5,0,1,5,0,0,0x00
6,9,7,6,0,1,5,0,0,0x00
6,9,7,7,0,1,5,0,0,0x00
6,9,7,8,0,1,5,0,0,0x00
6,9,8,3,0,1,5,0,0,0x00
6,9,8,4,0,1,5,0,0,0x00
6,9,8,5,0,1,5,0,0,0x00
6,9,8,6,0,1,5,0,0,0x00
6,9,8,7,0,1,5,0,0,0x00
6,10,1,3,0,1,5,0,0,0x00
6,10,1,4,0,1,5,0,0,0x00
6,10,1,5,0,1,5,0,0,0x00
6,10,1,6,0,1,5,0,0,0x00
6,10,1,7,0,1,5,0,0,0x00
6,10,2,2,0,1,5,0,0,0x00
6,10,2,3,0,1,5,0,0,0x00
6,10,2,4,0,0,4,20,20,0x00
6,10,2,5,0,0,4,25,25,0x00
6,10,2,6,0,0,4,20,20,0x00
6,10,2,7,0,1,5,0,0,0x00
6,10,2,8,0,1,5,0,0,0x00
6,10,3,1,0,1,5,0,0,0x00
6,10,3,2,0,1,5,0,0,0x00
6,10,3,3,0,0,4,26,26,0x00
6,10,3,4,0,0,4,44,43,0x00
6,10,3,5,0,0,4,51,50,0x00
6,10,3,6,0,0,4,44,43,0x00
6,10,3,7,0,0,4,26,26,0x00
6,10,3,8,0,1,5,0,0,0x00
6,10,3,9,0,1,5,0,0,0x00
6,10,4,1,0,1,5,0,0,0x00
6,10,4,2,0,0,4,20,20,0x00
6,10,4,3,0,0,4,44,43,0x00
6,10,4,4,0,0,3,76,0,0x00
6,10,4,5,0,0,3,87,0,0x00
6,10,4,6,0,0,3,76,0,0x00
6,10,4,7,0,0,4,44,43,0x00
6,10,4,8,0,0,4,20,20,0x00
6,10,4,9,0,1,5,0,0,0x00
6,10,5,1,0,1,5,0,0,0x00
6,10,5,2,0,0,4,25,25,0x00
6,10,5,3,0,0,4,51,50,0x00
6,10,5,4,0,0,3,87,0,0x00
6,10,5,5,0,0,3,98,0,0x00
6,10,5,6,0,0,3,87,0,0x00
6,10,5,7,0,0,4,51,50,0x00
6,10,5,8,0,0,4,25,25,0x00
6,10,5,9,0,1,5,0,0,0x00
6,10,6,1,0,1,5,0,0,0x00
6,10,6,2,0,0,4,20,20,0x00
6,10,6,3,0,0,4,44,43,0x00
6,10,6,4,0,0,3,76,0,0x00
6,10,6,5,0,0,3,87,0,0x00
6,10,6,6,0,0,3,76,0,0x00
6,10,6,7,0,0,4,44,43,0x00
6,10,6,8,0,0,4,20,20,0x00
6,10,6,9,0,1,5,0,0,0x00
6,10,7,1,0,1,5,0,0,0x00
6,10,7,2,0,1,5,0,0,0x00
6,10,7,3,0,0,4,26,26,0x00
6,10,7,4,0,0,4,44,43,0x00
6,10,7,5,0,0,4,51,50,0x00
6,10,7,6,0,0,4,44,43,0x00
6,10,7,7,0,0,4,26,26,0x00
6,10,7,8,0,1,5,0,0,0x00
6,10,7,9,0,1,5,0,0,0x00
6,10,8,2,0,1,5,0,0,0x00
6,10,8,3,0,1,5,0,0,0x00
6,10,8,4,0,0,4,20,20,0x00
6,10,8,5,0,0,4,25,25,0x00
6,10,8,6,0,0,4,20,20,0x00
6,10,8,7,0,1,5,0,0,0x00
6,10,8,8,0,1,5,0,0,0x00
6,10,9,3,0,1,5,0,0,0x00
6,10,9,4,0,1,5,0,0,0x00
6,10,9,5,0,1,5,0,0,0x00
6,10,9,6,0,1,5,0,0,0x00
6,10,9,7,0,1,5,0,0,0x00
6,0,1,3,1,1,5,0,0,0x19
6,0,1,4,1,1,5,0,0,0x19
6,0,1,5,1,1,5,0,0,0x19
6,0,1,6,1,1,5,0,0,0x19
6,0,1,7,1,1,5,0,0,0x19
6,0,2,2,1,1,5,0,0,0x19
6,0,2,3,1,1,5,0,0,0x19
6,0,2,4,1,0,4,20,20,0x19
6,0,2,5,1,0,4,25,25,0x19
6,0,2,6,1,0,4,20,20,0x19
6,0,2,7,1,1,5,0,0,0x19
6,0,2,8,1,1,5,0,0,0x19
6,0,3,1,1,1,5,0,0,0x19
6,0,3,2,1,1,5,0,0,0x19
6,0,3,3,1,0,4,26,26,0x19
6,0,3,4,1,0,4,44,43,0x19
6,0,3,5,1,0,4,51,50,0x19
6,0,3,6,1,0,4,44,43,0x19
6,0,3,7,1,0,4,26,26,0x19
6,0,3,8,1,1,5,0,0,0x19
6,0,3,9,1,1,5,0,0,0x19
6,0,4,1,1,1,5,0,0,0x19
6,0,4,2,1,0,4,20,20,0x19
6,0,4,3,1,0,4,44,43,0x19
6,0,4,4,1,0,3,76,0,0x19
6,0,4,5,1,0,3,87,0,0x19
6,0,4,6,1,0,3,76,0,0x19
6,0,4,7,1,0,4,44,43,0x19
6,0,4,8,1,0,4,20,20,0x19
6,0,4,9,1,1,5,0,0,0x19
6,0,5,1,1,1,5,0,0,0x19
6,0,5,2,1,0,4,25,25,0x19
6,0,5,3,1,0,4,51,50,0x19
6,0,5,4,1,0,3,87,0,0x19
6,0,5,5,1,0,3,98,0,0x19
6,0,5,6,1,0,3,87,0,0x19
6,0,5,7,1,0,4,51,50,0x19
6,0,5,8,1,0,4,25,25,0x19
6,0,5,9,1,1,5,0,0,0x19
6,0,6,1,1,1,5,0,0,0x19
6,0,6,2,1,0,4,20,20,0x19
6,0,6,3,1,0,4,44,43,0x19
6,0,6,4,1,0,3,76,0,0x19
6,0,6,5,1,0,3,87,0,0x19
6,0,6,6,1,0,3,76,0,0x19
6,0,6,7,1,0,4,44,43,0x19
6,0,6,8,1,0,4,20,20,0x19
6,0,6,9,1,1,5,0,0,0x19
6,0,7,1,1,1,5,0,0,0x19
6,0,7,2,1,1,5,0,0,0x19
6,0,7,3,1,0,4,26,26,0x19
6,0,7,4,1,0,4,44,43,0x19
6,0,7,5,1,0,4,51,50,0x19
6,0,7,6,1,0,4,44,43,0x19
6,0,7,7,1,0,4,26,26,0x19
6,0,7,8,1,1,5,0,0,0x19
6,0,7,9,1,1,5,0,0,0x19
6,0,8,2,1,1,5,0,0,0x19
6,0,8,3,1,1,5,0,0,0x19
6,0,8,4,1,0,4,20,20,0x19
6,0,8,5,1,0,4,25,25,0x19
6,0,8,6,1,0,4,20,20,0x19
6,0,8,7,1,1,5,0,0,0x19
6,0,8,8,1,1,5,0,0,0x19
6,0,9,3,1,1,5,0,0,0x19
6,0,9,4,1,1,5,0,0,0x19
6,0,9,5,1,1,5,0,0,0x19
6,0,9,6,1,1,5,0,0,0x19
6,0,9,7,1,1,5,0,0,0x19
6,1,2,3,1,1,5,0,0,0x19
6,1,2,4,1,1,5,0,0,0x19
6,1,2,5,1,1,5,0,0,0x19
6,1,2,6,1,1,5,0,0,0x19
6,1,2,7,1,1,5,0,0,0x19
6,1,3,2,1,1,5,0,0,0x19
6,1,3,3,1,1,5,0,0,0x19
6,1,3,4,1,1,5,0,0,0x19
6,1,3,5,1,1,5,0,0,0x19
6,1,3,6,1,1,5,0,0,0x19
6,1,3,7,1,1,5,0,0,0x19
6,1,3,8,1,1,5,0,0,0x19
6,1,4,2,1,1,5,0,0,0x19
6,1,4,3,1,1,5,0,0,0x19
6,1,4,4,1,0,4,21,21,0x19
6,1,4,5,1,0,4,26,26,0x19
6,1,4,6,1,0,4,21,21,0x19
6,1,4,7,1,1,5,0,0,0x19
6,1,4,8,1,1,5,0,0,0x19
6,1,5,2,1,1,5,0,0,0x19
6,1,5,3,1,1,5,0,0,0x19
6,1,5,4,1,0,4,26,26,0x19
6,1,5,5,1,0,4,31,31,0x19
6,1,5,6,1,0,4,26,26,0x19
6,1,5,7,1,1,5,0,0,0x19
6,1,5,8,1,1,5,0,0,0x19
6,1,6,2,1,1,5,0,0,0x19
6,1,6,3,1,1,5,0,0,0x19
6,1,6,4,1,0,4,21,21,0x19
6,1,6,5,1,0,4,26,26,0x19
6,1,6,6,1,0,4,21,21,0x19
6,1,6,7,1,1,5,0,0,0x19
6,1,6,8,1,1,5,0,0,0x19
6,1,7,2,1,1,5,0,0,0x19
6,1,7,3,1,1,5,0,0,0x19
6,1,7,4,1,1,5,0,0,0x19
6,1,7,5,1,1,5,0,0,0x19
6,1,7,6,1,1,5,0,0,0x19
6,1,7,7,1,1,5,0,0,0x19
6,1,7,8,1,1,5,0,0,0x19
6,1,8,3,1,1,5,0,0,0x19
6,1,8,4,1,1,5,0,0,0x19
6,1,8,5,1,1,5,0,0,0x19
6,1,8,6,1,1,5,0,0,0x19
6,1,8,7,1,1,5,0,0,0x19
6,2,2,4,1,1,5,0,0,0x19
6,2,2,5,1,1,5,0,0,0x19
6,2,2,6,1,1,5,0,0,0x19
6,2,3,3,1,1,5,0,0,0x19
6,2,3,4,1,1,5,0,0,0x19
6,2,3,5,1,1,5,0,0,0x19
6,2,3,6,1,1,5,0,0,0x19
6,2,3,7,1,1,5,0,0,0x19
6,2,4,2,1,1,5,0,0,0x19
6,2,4,3,1,1,5,0,0,0x19
6,2,4,4,1,1,5,0,0,0x19
6,2,4,5,1,1,5,0,0,0x19
6,2,4,6,1,1,5,0,0,0x19
6,2,4,7,1,1,5,0,0,0x19
6,2,4,8,1,1,5,0,0,0x19
6,2,5,2,1,1,5,0,0,0x19
6,2,5,3,1,1,5,0,0,0x19
6,2,5,4,1,1,5,0,0,0x19
6,2,5,5,1,1,5,0,0,0x19
6,2,5,6,1,1,5,0,0,0x19
6,2,5,7,1,1,5,0,0,0x19
6,2,5,8,1,1,5,0,0,0x19
6,2,6,2,1,1,5,0,0,0x19
6,2,6,3,1,1,5,0,0,0x19
6,2,6,4,1,1,5,0,0,0x19
6,2,6,5,1,1,5,0,0,0x19
6,2,6,6,1,1,5,0,0,0x19
6,2,6,7,1,1,5,0,0,0x19
6,2,6,8,1,1,5,0,0,0x19
6,2,7,3,1,1,5,0,0,0x19
6,2,7,4,1,1,5,0,0,0x19
6,2,7,5,1,1,5,0,0,0x19
6,2,7,6,1,1,5,0,0,0x19
6,2,7,7,1,1,5,0,0,0x19
6,2,8,4,1,1,5,0,0,0x19
6,2,8,5,1,1,5,0,0,0x19
6,2,8,6,1,1,5,0,0,0x19
6,3,1,4,1,1,5,0,0,0x19
6,3,1,5,1,1,5,0,0,0x19
6,3,1,6,1,1,5,0,0,0x19
6,3,2,2,1,1,5,0,0,0x19
6,3,2,3,1,1,5,0,0,0x19
6,3,2,4,1,1,5,0,0,0x19
6,3,2,5,1,1,5,0,0,0x19
6,3,2,6,1,1,5,0,0,0x19
6,3,2,7,1,1,5,0,0,0x19
6,3,2,8,1,1,5,0,0,0x19
6,3,3,2,1,1,5,0,0,0x19
6,3,3,3,1,0,4,14,14,0x19
6,3,3,4,1,0,4,23,23,0x19
6,3,3,5,1,0,4,26,26,0x19
6,3,3,6,1,0,4,23,23,0x19
6,3,3,7,1,0,4,14,14,0x19
6,3,3,8,1,1,5,0,0,0x19
6,3,4,1,1,1,5,0,0,0x19
6,3,4,2,1,1,5,0,0,0x19
6,3,4,3,1,0,4,23,23,0x19
6,3,4,4,1,0,4,33,32,0x19
6,3,4,5,1,0,4,37,36,0x19
6,3,4,6,1,0,4,33,32,0x19
6,3,4,7,1,0,4,23,23,0x19
6,3,4,8,1,1,5,0,0,0x19
6,3,4,9,1,1,5,0,0,0x19
6,3,5,1,1,1,5,0,0,0x19
6,3,5,2,1,1,5,0,0,0x19
6,3,5,3,1,0,4,26,26,0x19
6,3,5,4,1,0,4,37,36,0x19
6,3,5,5,1,0,4,41,40,0x19
6,3,5,6,1,0,4,37,36,0x19
6,3,5,7,1,0,4,26,26,0x19
6,3,5,8,1,1,5,0,0,0x19
6,3,5,9,1,1,5,0,0,0x19
6,3,6,1,1,1,5,0,0,0x19
6,3,6,2,1,1,5,0,0,0x19
6,3,6,3,1,0,4,23,23,0x19
6,3,6,4,1,0,4,33,32,0x19
6,3,6,5,1,0,4,37,36,0x19
6,3,6,6,1,0,4,33,32,0x19
6,3,6,7,1,0,4,23,23,0x19
6,3,6,8,1,1,5,0,0,0x19
6,3,6,9,1,1,5,0,0,0x19
6,3,7,2,1,1,5,0,0,0x19
6,3,7,3,1,0,4,14,14,0x19
6,3,7,4,1,0,4,23,23,0x19
6,3,7,5,1,0,4,26,26,0x19
6,3,7,6,1,0,4,23,23,0x19
6,3,7,7,1,0,4,14,14,0x19
6,3,7,8,1,1,5,0,0,0x19
6,3,8,2,1,1,5,0,0,0x19
6,3,8,3,1,1,5,0,0,0x19
6,3,8,4,1,1,5,0,0,0x19
6,3,8,5,1,1,5,0,0,0x19
6,3,8,6,1,1,5,0,0,0x19
6,3,8,7,1,1,5,0,0,0x19
6,3,8,8,1,1,5,0,0,0x19
6,3,9,4,1,1,5,0,0,0x19
6,3,9,5,1,1,5,0,0,0x19
6,3,9,6,1,1,5,0,0,0x19
6,4,0,4,1,1,5,0,0,0x19
6,4,0,5,1,1,5,0,0,0x19
6,4,0,6,1,1,5,0,0,0x19
6,4,1,2,1,1,5,0,0,0x19
6,4,1,3,1,1,5,0,0,0x19
6,4,1,4,1,1,5,0,0,0x19
6,4,1,5,1,1,5,0,0,0x19
6,4,1,6,1,1,5,0,0,0x19
6,4,1,7,1,1,5,0,0,0x19
6,4,1,8,1,1,5,0,0,0x19
6,4,2,1,1,1,5,0,0,0x19
6,4,2,2,1,1,5,0,0,0x19
6,4,2,3,1,0,4,19,19,0x19
6,4,2,4,1,0,4,30,30,0x19
6,4,2,5,1,0,4,32,31,0x19
6,4,2,6,1,0,4,30,30,0x19
6,4,2,7,1,0,4,19,19,0x19
6,4,2,8,1,1,5,0,0,0x19
6,4,2,9,1,1,5,0,0,0x19
6,4,3,1,1,1,5,0,0,0x19
6,4,3,2,1,0,4,19,19,0x19
6,4,3,3,1,0,4,42,41,0x19
6,4,3,4,1,0,3,65,0,0x19
6,4,3,5,1,0,3,75,0,0x19
6,4,3,6,1,0,3,65,0,0x19
6,4,3,7,1,0,4,42,41,0x19
6,4,3,8,1,0,4,19,19,0x19
6,4,3,9,1,1,5,0,0,0x19
6,4,4,0,1,1,5,0,0,0x19
6,4,4,1,1,1,5,0,0,0x19
6,4,4,2,1,0,4,30,30,0x19
6,4,4,3,1,0,3,65,0,0x19
6,4,4,4,1,0,3,94,0,0x19
6,4,4,5,1,0,3,105,0,0x19
6,4,4,6,1,0,3,94,0,0x19
6,4,4,7,1,0,3,65,0,0x19
6,4,4,8,1,0,4,30,30,0x19
6,4,4,9,1,1,5,0,0,0x19
6,4,4,10,1,1,5,0,0,0x19
6,4,5,0,1,1,5,0,0,0x19
6,4,5,1,1,1,5,0,0,0x19
6,4,5,2,1,0,4,32,31,0x19
6,4,5,3,1,0,3,75,0,0x19
6,4,5,4,1,0,3,105,0,0x19
6,4,5,5,1,0,3,116,0,0x19
6,4,5,6,1,0,3,105,0,0x19
6,4,5,7,1,0,3,75,0,0x19
6,4,5,8,1,0,4,32,31,0x19
6,4,5,9,1,1,5,0,0,0x19
6,4,5,10,1,1,5,0,0,0x19
6,4,6,0,1,1,5,0,0,0x19
6,4,6,1,1,1,5,0,0,0x19
6,4,6,2,1,0,4,30,30,0x19
6,4,6,3,1,0,3,65,0,0x19
6,4,6,4,1,0,3,94,0,0x19
6,4,6,5,1,0,3,105,0,0x19
6,4,6,6,1,0,3,94,0,0x19
6,4,6,7,1,0,3,65,0,0x19
6,4,6,8,1,0,4,30,30,0x19
6,4,6,9,1,1,5,0,0,0x19
6,4,6,10,1,1,5,0,0,0x19
6,4,7,1,1,1,5,0,0,0x19
6,4,7,2,1,0,4,19,19,0x19
6,4,7,3,1,0,4,42,41,0x19
6,4,7,4,1,0,3,65,0,0x19
6,4,7,5,1,0,3,75,0,0x19
6,4,7,6,1,0,3,65,0,0x19
6,4,7,7,1,0,4,42,41,0x19
6,4,7,8,1,0,4,19,19,0x19
6,4,7,9,1,1,5,0,0,0x19
6,4,8,1,1,1,5,0,0,0x19
6,4,8,2,1,1,5,0,0,0x19
6,4,8,3,1,0,4,19,19,0x19
6,4,8,4,1,0,4,30,30,0x19
6,4,8,5,1,0,4,32,31,0x19
6,4,8,6,1,0,4,30,30,0x19
6,4,8,7,1,0,4,19,19,0x19
6,4,8,8,1,1,5,0,0,0x19
6,4,8,9,1,1,5,0,0,0x19
6,4,9,2,1,1,5,0,0,0x19
6,4,9,3,1,1,5,0,0,0x19
6,4,9,4,1,1,5,0,0,0x19
6,4,9,5,1,1,5,0,0,0x19
6,4,9,6,1,1,5,0,0,0x19
6,4,9,7,1,1,5,0,0,0x19
6,4,9,8,1,1,5,0,0,0x19
6,4,10,4,1,1,5,0,0,0x19
6,4,10,5,1,1,5,0,0,0x19
6,4,10,6,1,1,5,0,0,0x19
6,5,0,3,1,1,5,0,0,0x19
6,5,0,4,1,1,5,0,0,0x19
6,5,0,5,1,1,5,0,0,0x19
6,5,0,6,1,1,5,0,0,0x19
6,5,0,7,1,1,5,0,0,0x19
6,5,1,2,1,1,5,0,0,0x19
6,5,1,3,1,0,4,15,15,0x19
6,5,1,4,1,0,4,24,24,0x19
6,5,1,5,1,0,4,27,27,0x19
6,5,1,6,1,0,4,24,24,0x19
6,5,1,7,1,0,4,15,15,0x19
6,5,1,8,1,1,5,0,0,0x19
6,5,2,1,1,1,5,0,0,0x19
6,5,2,2,1,0,4,19,19,0x19
6,5,2,3,1,0,4,43,42,0x19
6,5,2,4,1,0,3,67,0,0x19
6,5,2,5,1,0,3,77,0,0x19
6,5,2,6,1,0,3,67,0,0x19
6,5,2,7,1,0,4,43,42,0x19
6,5,2,8,1,0,4,19,19,0x19
6,5,2,9,1,1,5,0,0,0x19
6,5,3,0,1,1,5,0,0,0x19
6,5,3,1,1,0,4,15,15,0x19
6,5,3,2,1,0,4,43,42,0x19
6,5,3,3,1,0,3,86,0,0x19
6,5,3,4,1,0,3,132,1,0x19
6,5,3,5,1,0,2,167,12,0x19
6,5,3,6,1,0,3,132,1,0x19
6,5,3,7,1,0,3,86,0,0x19
6,5,3,8,1,0,4,43,42,0x19
6,5,3,9,1,0,4,15,15,0x19
6,5,3,10,1,1,5,0,0,0x19
6,5,4,0,1,1,5,0,0,0x19
6,5,4,1,1,0,4,24,24,0x19
6,5,4,2,1,0,3,67,0,0x19
6,5,4,3,1,0,3,132,1,0x19
6,5,4,4,1,0,2,195,10,0x19
6,5,4,5,1,0,2,222,11,0x19
6,5,4,6,1,0,2,195,10,0x19
6,5,4,7,1,0,3,132,1,0x19
6,5,4,8,1,0,3,67,0,0x19
6,5,4,9,1,0,4,24,24,0x19
6,5,4,10,1,1,5,0,0,0x19
6,5,5,0,1,1,5,0,0,0x19
6,5,5,1,1,0,4,27,27,0x19
6,5,5,2,1,0,3,77,0,0x19
6,5,5,3,1,0,2,167,12,0x19
6,5,5,4,1,0,2,222,11,0x19
6,5,5,5,1,0,2,239,10,0x19
6,5,5,6,1,0,2,222,11,0x19
6,5,5,7,1,0,2,167,12,0x19
6,5,5,8,1,0,3,77,0,0x19
6,5,5,9,1,0,4,27,27,0x19
6,5,5,10,1,1,5,0,0,0x19
6,5,6,0,1,1,5,0,0,0x19
6,5,6,1,1,0,4,24,24,0x19
6,5,6,2,1,0,3,67,0,0x19
6,5,6,3,1,0,3,132,1,0x19
6,5,6,4,1,0,2,195,10,0x19
6,5,6,5,1,0,2,222,11,0x19
6,5,6,6,1,0,2,195,10,0x19
6,5,6,7,1,0,3,132,1,0x19
6,5,6,8,1,0,3,67,0,0x19
6,5,6,9,1,0,4,24,24,0x19
6,5,6,10,1,1,5,0,0,0x19
6,5,7,0,1,1,5,0,0,0x19
6,5,7,1,1,0,4,15,15,0x19
6,5,7,2,1,0,4,43,42,0x19
6,5,7,3,1,0,3,86,0,0x19
6,5,7,4,1,0,3,132,1,0x19
6,5,7,5,1,0,2,167,12,0x19
6,5,7,6,1,0,3,132,1,0x19
6,5,7,7,1,0,3,86,0,0x19
6,5,7,8,1,0,4,43,42,0x19
6,5,7,9,1,0,4,15,15,0x19
6,5,7,10,1,1,5,0,0,0x19
6,5,8,1,1,1,5,0,0,0x19
6,5,8,2,1,0,4,19,19,0x19
6,5,8,3,1,0,4,43,42,0x19
6,5,8,4,1,0,3,67,0,0x19
6,5,8,5,1,0,3,77,0,0x19
6,5,8,6,1,0,3,67,0,0x19
6,5,8,7,1,0,4,43,42,0x19
6,5,8,8,1,0,4,19,19,0x19
6,5,8,9,1,1,5,0,0,0x19
6,5,9,2,1,1,5,0,0,0x19
6,5,9,3,1,0,4,15,15,0x19
6,5,9,4,1,0,4,24,24,0x19
6,5,9,5,1,0,4,27,27,0x19
6,5,9,6,1,0,4,24,24,0x19
6,5,9,7,1,0,4,15,15,0x19
6,5,9,8,1,1,5,0,0,0x19
6,5,10,3,1,1,5,0,0,0x19
6,5,10,4,1,1,5,0,0,0x19
6,5,10,5,1,1,5,0,0,0x19
6,5,10,6,1,1,5,0,0,0x19
6,5,10,7,1,1,5,0,0,0x19
6,6,0,2,1,1,5,0,0,0x19
6,6,0,3,1,1,5,0,0,0x19
6,6,0,4,1,1,5,0,0,0x19
6,6,0,5,1,1,5,0,0,0x19
6,6,0,6,1,1,5,0,0,0x19
6,6,0,7,1,1,5,0,0,0x19
6,6,0,8,1,1,5,0,0,0x19
6,6,1,1,1,1,5,0,0,0x19
6,6,1,2,1,1,5,0,0,0x19
6,6,1,3,1,0,4,24,24,0x19
6,6,1,4,1,0,4,35,34,0x19
6,6,1,5,1,0,4,39,38,0x19
6,6,1,6,1,0,4,35,34,0x19
6,6,1,7,1,0,4,24,24,0x19
6,6,1,8,1,1,5,0,0,0x19
6,6,1,9,1,1,5,0,0,0x19
6,6,2,0,1,1,5,0,0,0x19
6,6,2,1,1,1,5,0,0,0x19
6,6,2,2,1,0,4,31,31,0x19
6,6,2,3,1,0,3,69,0,0x19
6,6,2,4,1,0,3,99,0,0x19
6,6,2,5,1,0,3,111,0,0x19
6,6,2,6,1,0,3,99,0,0x19
6,6,2,7,1,0,3,69,0,0x19
6,6,2,8,1,0,4,31,31,0x19
6,6,2,9,1,1,5,0,0,0x19
6,6,2,10,1,1,5,0,0,0x19
6,6,3,0,1,1,5,0,0,0x19
6,6,3,1,1,0,4,24,24,0x19
6,6,3,2,1,0,3,69,0,0x19
6,6,3,3,1,0,3,136,0,0x19
6,6,3,4,1,0,2,205,11,0x19
6,6,3,5,1,0,2,228,10,0x19
6,6,3,6,1,0,2,205,11,0x19
6,6,3,7,1,0,3,136,0,0x19
6,6,3,8,1,0,3,69,0,0x19
6,6,3,9,1,0,4,24,24,0x19
6,6,3,10,1,1,5,0,0,0x19
6,6,4,0,1,1,5,0,0,0x19
6,6,4,1,1,0,4,35,34,0x19
6,6,4,2,1,0,3,99,0,0x19
6,6,4,3,1,0,2,205,11,0x19
6,6,4,4,1,0,1,272,12,0x19
6,6,4,5,1,0,1,297,12,0x19
6,6,4,6,1,0,1,272,12,0x19
6,6,4,7,1,0,2,205,11,0x19
6,6,4,8,1,0,3,99,0,0x19
6,6,4,9,1,0,4,35,34,0x19
6,6,4,10,1,1,5,0,0,0x19
6,6,5,0,1,1,5,0,0,0x19
6,6,5,1,1,0,4,39,38,0x19
6,6,5,2,1,0,3,111,0,0x19
6,6,5,3,1,0,2,228,10,0x19
6,6,5,4,1,0,1,297,12,0x19
6,6,5,5,1,0,1,319,12,0x19
6,6,5,6,1,0,1,297,12,0x19
6,6,5,7,1,0,2,228,10,0x19
6,6,5,8,1,0,3,111,0,0x19
6,6,5,9,1,0,4,39,38,0x19
6,6,5,10,1,1,5,0,0,0x19
6,6,6,0,1,1,5,0,0,0x19
6,6,6,1,1,0,4,35,34,0x19
6,6,6,2,1,0,3,99,0,0x19
6,6,6,3,1,0,2,205,11,0x19
6,6,6,4,1,0,1,272,12,0x19
6,6,6,5,1,0,1,297,12,0x19
6,6,6,6,1,0,1,272,12,0x19
6,6,6,7,1,0,2,205,11,0x19
6,6,6,8,1,0,3,99,0,0x19
6,6,6,9,1,0,4,35,34,0x19
6,6,6,10,1,1,5,0,0,0x19
6,6,7,0,1,1,5,0,0,0x19
6,6,7,1,1,0,4,24,24,0x19
6,6,7,2,1,0,3,69,0,0x19
6,6,7,3,1,0,3,136,0,0x19
6,6,7,4,1,0,2,205,11,0x19
6,6,7,5,1,0,2,228,10,0x19
6,6,7,6,1,0,2,205,11,0x19
6,6,7,7,1,0,3,136,0,0x19
6,6,7,8,1,0,3,69,0,0x19
6,6,7,9,1,0,4,24,24,0x19
6,6,7,10,1,1,5,0,0,0x19
6,6,8,0,1,1,5,0,0,0x19
6,6,8,1,1,1,5,0,0,0x19
6,6,8,2,1,0,4,31,31,0x19
6,6,8,3,1,0,3,69,0,0x19
6,6,8,4,1,0,3,99,0,0x19
6,6,8,5,1,0,3,111,0,0x19
6,6,8,6,1,0,3,99,0,0x19
6,6,8,7,1,0,3,69,0,0x19
6,6,8,8,1,0,4,31,31,0x19
6,6,8,9,1,1,5,0,0,0x19
6,6,8,10,1,1,5,0,0,0x19
6,6,9,1,1,1,5,0,0,0x19
6,6,9,2,1,1,5,0,0,0x19
6,6,9,3,1,0,4,24,24,0x19
6,6,9,4,1,0,4,35,34,0x19
6,6,9,5,1,0,4,39,38,0x19
6,6,9,6,1,0,4,35,34,0x19
6,6,9,7,1,0,4,24,24,0x19
6,6,9,8,1,1,5,0,0,0x19
6,6,9,9,1,1,5,0,0,0x19
6,6,10,2,1,1,5,0,0,0x19
6,6,10,3,1,1,5,0,0,0x19
6,6,10,4,1,1,5,0,0,0x19
6,6,10,5,1,1,5,0,0,0x19
6,6,10,6,1,1,5,0,0,0x19
6,6,10,7,1,1,5,0,0,0x19
6,6,10,8,1,1,5,0,0,0x19
6,7,0,2,1,1,5,0,0,0x19
6,7,0,3,1,1,5,0,0,0x19
6,7,0,4,1,1,5,0,0,0x19
6,7,0,5,1,1,5,0,0,0x19
6,7,0,6,1,1,5,0,0,0x19
6,7,0,7,1,1,5,0,0,0x19
6,7,0,8,1,1,5,0,0,0x19
6,7,1,1,1,1,5,0,0,0x19
6,7,1,2,1,1,5,0,0,0x19
6,7,1,3,1,0,4,29,29,0x19
6,7,1,4,1,0,4,41,40,0x19
6,7,1,5,1,0,4,46,45,0x19
6,7,1,6,1,0,4,41,40,0x19
6,7,1,7,1,0,4,29,29,0x19
6,7,1,8,1,1,5,0,0,0x19
6,7,1,9,1,1,5,0,0,0x19
6,7,2,0,1,1,5,0,0,0x19
6,7,2,1,1,1,5,0,0,0x19
6,7,2,2,1,0,4,36,35,0x19
6,7,2,3,1,0,3,84,0,0x19
6,7,2,4,1,0,3,116,0,0x19
6,7,2,5,1,0,3,127,0,0x19
6,7,2,6,1,0,3,116,0,0x19
6,7,2,7,1,0,3,84,0,0x19
6,7,2,8,1,0,4,36,35,0x19
6,7,2,9,1,1,5,0,0,0x19
6,7,2,10,1,1,5,0,0,0x19
6,7,3,0,1,1,5,0,0,0x19
6,7,3,1,1,0,4,29,29,0x19
6,7,3,2,1,0,3,84,0,0x19
6,7,3,3,1,0,2,178,10,0x19
6,7,3,4,1,0,2,238,10,0x19
6,7,3,5,1,0,2,259,11,0x19
6,7,3,6,1,0,2,238,10,0x19
6,7,3,7,1,0,2,178,10,0x19
6,7,3,8,1,0,3,84,0,0x19
6,7,3,9,1,0,4,29,29,0x19
6,7,3,10,1,1,5,0,0,0x19
6,7,4,0,1,1,5,0,0,0x19
6,7,4,1,1,0,4,41,40,0x19
6,7,4,2,1,0,3,116,0,0x19
6,7,4,3,1,0,2,238,10,0x19
6,7,4,4,1,0,1,310,11,0x19
6,7,4,5,1,0,1,335,12,0x19
6,7,4,6,1,0,1,310,11,0x19
6,7,4,7,1,0,2,238,10,0x19
6,7,4,8,1,0,3,116,0,0x19
6,7,4,9,1,0,4,41,40,0x19
6,7,4,10,1,1,5,0,0,0x19
6,7,5,0,1,1,5,0,0,0x19
6,7,5,1,1,0,4,46,45,0x19
6,7,5,2,1,0,3,127,0,0x19
6,7,5,3,1,0,2,259,11,0x19
6,7,5,4,1,0,1,335,12,0x19
6,7,5,5,1,0,0,358,12,0x19
6,7,5,6,1,0,1,335,12,0x19
6,7,5,7,1,0,2,259,11,0x19
6,7,5,8,1,0,3,127,0,0x19
6,7,5,9,1,0,4,46,45,0x19
6,7,5,10,1,1,5,0,0,0x19
6,7,6,0,1,1,5,0,0,0x19
6,7,6,1,1,0,4,41,40,0x19
6,7,6,2,1,0,3,116,0,0x19
6,7,6,3,1,0,2,238,10,0x19
6,7,6,4,1,0,1,310,11,0x19
6,7,6,5,1,0,1,335,12,0x19
6,7,6,6,1,0,1,310,11,0x19
6,7,6,7,1,0,2,238,10,0x19
6,7,6,8,1,0,3,116,0,0x19
6,7,6,9,1,0,4,41,40,0x19
6,7,6,10,1,1,5,0,0,0x19
6,7,7,0,1,1,5,0,0,0x19
6,7,7,1,1,0,4,29,29,0x19
6,7,7,2,1,0,3,84,0,0x19
6,7,7,3,1,0,2,178,10,0x19
6,7,7,4,1,0,2,238,10,0x19
6,7,7,5,1,0,2,259,11,0x19
6,7,7,6,1,0,2,238,10,0x19
6,7,7,7,1,0,2,178,10,0x19
6,7,7,8,1,0,3,84,0,0x19
6,7,7,9,1,0,4,29,29,0x19
6,7,7,10,1,1,5,0,0,0x19
6,7,8,0,1,1,5,0,0,0x19
6,7,8,1,1,1,5,0,0,0x19
6,7,8,2,1,0,4,36,35,0x19
6,7,8,3,1,0,3,84,0,0x19
6,7,8,4,1,0,3,116,0,0x19
6,7,8,5,1,0,3,127,0,0x19
6,7,8,6,1,0,3,116,0,0x19
6,7,8,7,1,0,3,84,0,0x19
6,7,8,8,1,0,4,36,35,0x19
6,7,8,9,1,1,5,0,0,0x19
6,7,8,10,1,1,5,0,0,0x19
6,7,9,1,1,1,5,0,0,0x19
6,7,9,2,1,1,5,0,0,0x19
6,7,9,3,1,0,4,29,29,0x19
6,7,9,4,1,0,4,41,40,0x19
6,7,9,5,1,0,4,46,45,0x19
6,7,9,6,1,0,4,41,40,0x19
6,7,9,7,1,0,4,29,29,0x19
6,7,9,8,1,1,5,0,0,0x19
6,7,9,9,1,1,5,0,0,0x19
6,7,10,2,1,1,5,0,0,0x19
6,7,10,3,1,1,5,0,0,0x19
6,7,10,4,1,1,5,0,0,0x19
6,7,10,5,1,1,5,0,0,0x19
6,7,10,6,1,1,5,0,0,0x19
6,7,10,7,1,1,5,0,0,0x19
6,7,10,8,1,1,5,0,0,0x19
6,8,0,2,1,1,5,0,0,0x19
6,8,0,3,1,1,5,0,0,0x19
6,8,0,4,1,1,5,0,0,0x19
6,8,0,5,1,1,5,0,0,0x19
6,8,0,6,1,1,5,0,0,0x19
6,8,0,7,1,1,5,0,0,0x19
6,8,0,8,1,1,5,0,0,0x19
6,8,1,1,1,1,5,0,0,0x19
6,8,1,2,1,1,5,0,0,0x19
6,8,1,3,1,0,4,28,28,0x19
6,8,1,4,1,0,4,40,39,0x19
6,8,1,5,1,0,4,45,44,0x19
6,8,1,6,1,0,4,40,39,0x19
6,8,1,7,1,0,4,28,28,0x19
6,8,1,8,1,1,5,0,0,0x19
6,8,1,9,1,1,5,0,0,0x19
6,8,2,0,1,1,5,0,0,0x19
6,8,2,1,1,1,5,0,0,0x19
6,8,2,2,1,0,4,35,34,0x19
6,8,2,3,1,0,3,82,0,0x19
6,8,2,4,1,0,3,114,0,0x19
6,8,2,5,1,0,3,125,0,0x19
6,8,2,6,1,0,3,114,0,0x19
6,8,2,7,1,0,3,82,0,0x19
6,8,2,8,1,0,4,35,34,0x19
6,8,2,9,1,1,5,0,0,0x19
6,8,2,10,1,1,5,0,0,0x19
6,8,3,0,1,1,5,0,0,0x19
6,8,3,1,1,0,4,28,28,0x19
6,8,3,2,1,0,3,82,0,0x19
6,8,3,3,1,0,2,179,11,0x19
6,8,3,4,1,0,2,234,11,0x19
6,8,3,5,1,0,2,258,12,0x19
6,8,3,6,1,0,2,234,11,0x19
6,8,3,7,1,0,2,179,11,0x19
6,8,3,8,1,0,3,82,0,0x19
6,8,3,9,1,0,4,28,28,0x19
6,8,3,10,1,1,5,0,0,0x19
6,8,4,0,1,1,5,0,0,0x19
6,8,4,1,1,0,4,40,39,0x19
6,8,4,2,1,0,3,114,0,0x19
6,8,4,3,1,0,2,234,11,0x19
6,8,4,4,1,0,1,307,11,0x19
6,8,4,5,1,0,1,332,11,0x19
6,8,4,6,1,0,1,307,11,0x19
6,8,4,7,1,0,2,234,11,0x19
6,8,4,8,1,0,3,114,0,0x19
6,8,4,9,1,0,4,40,39,0x19
6,8,4,10,1,1,5,0,0,0x19
6,8,5,0,1,1,5,0,0,0x19
6,8,5,1,1,0,4,45,44,0x19
6,8,5,2,1,0,3,125,0,0x19
6,8,5,3,1,0,2,258,12,0x19
6,8,5,4,1,0,1,332,11,0x19
6,8,5,5,1,0,0,355,12,0x3F
6,8,5,6,1,0,1,332,11,0x19
6,8,5,7,1,0,2,258,12,0x19
6,8,5,8,1,0,3,125,0,0x19
6,8,5,9,1,0,4,45,44,0x19
6,8,5,10,1,1,5,0,0,0x19
6,8,6,0,1,1,5,0,0,0x19
6,8,6,1,1,0,4,40,39,0x19
6,8,6,2,1,0,3,114,0,0x19
6,8,6,3,1,0,2,234,11,0x19
6,8,6,4,1,0,1,307,11,0x19
6,8,6,5,1,0,1,332,11,0x19
6,8,6,6,1,0,1,307,11,0x19
6,8,6,7,1,0,2,234,11,0x19
6,8,6,8,1,0,3,114,0,0x19
6,8,6,9,1,0,4,40,39,0x19
6,8,6,10,1,1,5,0,0,0x19
6,8,7,0,1,1,5,0,0,0x19
6,8,7,1,1,0,4,28,28,0x19
6,8,7,2,1,0,3,82,0,0x19
6,8,7,3,1,0,2,179,11,0x19
6,8,7,4,1,0,2,234,11,0x19
6,8,7,5,1,0,2,258,12,0x19
6,8,7,6,1,0,2,234,11,0x19
6,8,7,7,1,0,2,179,11,0x19
6,8,7,8,1,0,3,82,0,0x19
6,8,7,9,1,0,4,28,28,0x19
6,8,7,10,1,1,5,0,0,0x19
6,8,8,0,1,1,5,0,0,0x19
6,8,8,1,1,1,5,0,0,0x19
6,8,8,2,1,0,4,35,34,0x19
6,8,8,3,1,0,3,82,0,0x19
6,8,8,4,1,0,3,114,0,0x19
6,8,8,5,1,0,3,125,0,0x19
6,8,8,6,1,0,3,114,0,0x19
6,8,8,7,1,0,3,82,0,0x19
6,8,8,8,1,0,4,35,34,0x19
6,8,8,9,1,1,5,0,0,0x19
6,8,8,10,1,1,5,0,0,0x19
6,8,9,1,1,1,5,0,0,0x19
6,8,9,2,1,1,5,0,0,0x19
6,8,9,3,1,0,4,28,28,0x19
6,8,9,4,1,0,4,40,39,0x19
6,8,9,5,1,0,4,45,44,0x19
6,8,9,6,1,0,4,40,39,0x19
6,8,9,7,1,0,4,28,28,0x19
6,8,9,8,1,1,5,0,0,0x19
6,8,9,9,1,1,5,0,0,0x19
6,8,10,2,1,1,5,0,0,0x19
6,8,10,3,1,1,5,0,0,0x19
6,8,10,4,1,1,5,0,0,0x19
6,8,10,5,1,1,5,0,0,0x19
6,8,10,6,1,1,5,0,0,0x19
6,8,10,7,1,1,5,0,0,0x19
6,8,10,8,1,1,5,0,0,0x19
6,9,0,2,1,1,5,0,0,0x19
6,9,0,3,1,1,5,0,0,0x19
6,9,0,4,1,1,5,0,0,0x19
6,9,0,5,1,1,5,0,0,0x19
6,9,0,6,1,1,5,0,0,0x19
6,9,0,7,1,1,5,0,0,0x19
6,9,0,8,1,1,5,0,0,0x19
6,9,1,1,1,1,5,0,0,0x19
6,9,1,2,1,1,5,0,0,0x19
6,9,1,3,1,0,4,20,20,0x19
6,9,1,4,1,0,4,31,31,0x19
6,9,1,5,1,0,4,35,34,0x19
6,9,1,6,1,0,4,31,31,0x19
6,9,1,7,1,0,4,20,20,0x19
6,9,1,8,1,1,5,0,0,0x19
6,9,1,9,1,1,5,0,0,0x19
6,9,2,0,1,1,5,0,0,0x19
6,9,2,1,1,1,5,0,0,0x19
6,9,2,2,1,0,4,29,29,0x19
6,9,2,3,1,0,3,63,0,0x19
6,9,2,4,1,0,3,92,0,0x19
6,9,2,5,1,0,3,102,0,0x19
6,9,2,6,1,0,3,92,0,0x19
6,9,2,7,1,0,3,63,0,0x19
6,9,2,8,1,0,4,29,29,0x19
6,9,2,9,1,1,5,0,0,0x19
6,9,2,10,1,1,5,0,0,0x19
6,9,3,0,1,1,5,0,0,0x19
6,9,3,1,1,0,4,20,20,0x19
6,9,3,2,1,0,3,63,0,0x19
6,9,3,3,1,0,3,128,0,0x19
6,9,3,4,1,0,2,196,12,0x19
6,9,3,5,1,0,2,214,12,0x19
6,9,3,6,1,0,2,196,12,0x19
6,9,3,7,1,0,3,128,0,0x19
6,9,3,8,1,0,3,63,0,0x19
6,9,3,9,1,0,4,20,20,0x19
6,9,3,10,1,1,5,0,0,0x19
6,9,4,0,1,1,5,0,0,0x19
6,9,4,1,1,0,4,31,31,0x19
6,9,4,2,1,0,3,92,0,0x19
6,9,4,3,1,0,2,196,12,0x19
6,9,4,4,1,0,1,266,13,0x19
6,9,4,5,1,0,1,289,11,0x19
6,9,4,6,1,0,1,266,13,0x19
6,9,4,7,1,0,2,196,12,0x19
6,9,4,8,1,0,3,92,0,0x19
6,9,4,9,1,0,4,31,31,0x19
6,9,4,10,1,1,5,0,0,0x19
6,9,5,0,1,1,5,0,0,0x19
6,9,5,1,1,0,4,35,34,0x19
6,9,5,2,1,0,3,102,0,0x19
6,9,5,3,1,0,2,214,12,0x19
6,9,5,4,1,0,1,289,11,0x19
6,9,5,5,1,0,1,315,12,0x19
6,9,5,6,1,0,1,289,11,0x19
6,9,5,7,1,0,2,214,12,0x19
6,9,5,8,1,0,3,102,0,0x19
6,9,5,9,1,0,4,35,34,0x19
6,9,5,10,1,1,5,0,0,0x19
6,9,6,0,1,1,5,0,0,0x19
6,9,6,1,1,0,4,31,31,0x19
6,9,6,2,1,0,3,92,0,0x19
6,9,6,3,1,0,2,196,12,0x19
6,9,6,4,1,0,1,266,13,0x19
6,9,6,5,1,0,1,289,11,0x19
6,9,6,6,1,0,1,266,13,0x19
6,9,6,7,1,0,2,196,12,0x19
6,9,6,8,1,0,3,92,0,0x19
6,9,6,9,1,0,4,31,31,0x19
6,9,6,10,1,1,5,0,0,0x19
6,9,7,0,1,1,5,0,0,0x19
6,9,7,1,1,0,4,20,20,0x19
6,9,7,2,1,0,3,63,0,0x19
6,9,7,3,1,0,3,128,0,0x19
6,9,7,4,1,0,2,196,12,0x19
6,9,7,5,1,0,2,214,12,0x19
6,9,7,6,1,0,2,196,12,0x19
6,9,7,7,1,0,3,128,0,0x19
6,9,7,8,1,0,3,63,0,0x19
6,9,7,9,1,0,4,20,20,0x19
6,9,7,10,1,1,5,0,0,0x19
6,9,8,0,1,1,5,0,0,0x19
6,9,8,1,1,1,5,0,0,0x19
6,9,8,2,1,0,4,29,29,0x19
6,9,8,3,1,0,3,63,0,0x19
6,9,8,4,1,0,3,92,0,0x19
6,9,8,5,1,0,3,102,0,0x19
6,9,8,6,1,0,3,92,0,0x19
6,9,8,7,1,0,3,63,0,0x19
6,9,8,8,1,0,4,29,29,0x19
6,9,8,9,1,1,5,0,0,0x19
6,9,8,10,1,1,5,0,0,0x19
6,9,9,1,1,1,5,0,0,0x19
6,9,9,2,1,1,5,0,0,0x19
6,9,9,3,1,0,4,20,20,0x19
6,9,9,4,1,0,4,31,31,0x19
6,9,9,5,1,0,4,35,34,0x19
6,9,9,6,1,0,4,31,31,0x19
6,9,9,7,1,0,4,20,20,0x19
6,9,9,8,1,1,5,0,0,0x19
6,9,9,9,1,1,5,0,0,0x19
6,9,10,2,1,1,5,0,0,0x19
6,9,10,3,1,1,5,0,0,0x19
6,9,10,4,1,1,5,0,0,0x19
6,9,10,5,1,1,5,0,0,0x19
6,9,10,6,1,1,5,0,0,0x19
6,9,10,7,1,1,5,0,0,0x19
6,9,10,8,1,1,5,0,0,0x19
6,10,0,3,1,1,5,0,0,0x19
6,10,0,4,1,1,5,0,0,0x19
6,10,0,5,1,1,5,0,0,0x19
6,10,0,6,1,1,5,0,0,0x19
6,10,0,7,1,1,5,0,0,0x19
6,10,1,2,1,1,5,0,0,0x19
6,10,1,3,1,1,5,0,0,0x19
6,10,1,4,1,0,4,17,17,0x19
6,10,1,5,1,0,4,21,21,0x19
6,10,1,6,1,0,4,17,17,0x19
6,10,1,7,1,1,5,0,0,0x19
6,10,1,8,1,1,5,0,0,0x19
6,10,2,1,1,1,5,0,0,0x19
6,10,2,2,1,0,4,15,15,0x19
6,10,2,3,1,0,4,31,31,0x19
6,10,2,4,1,0,4,52,51,0x19
6,10,2,5,1,0,3,62,0,0x19
6,10,2,6,1,0,4,52,51,0x19
6,10,2,7,1,0,4,31,31,0x19
6,10,2,8,1,0,4,15,15,0x19
6,10,2,9,1,1,5,0,0,0x19
6,10,3,0,1,1,5,0,0,0x19
6,10,3,1,1,1,5,0,0,0x19
6,10,3,2,1,0,4,31,31,0x19
6,10,3,3,1,0,3,71,0,0x19
6,10,3,4,1,0,3,110,0,0x19
6,10,3,5,1,0,3,124,0,0x19
6,10,3,6,1,0,3,110,0,0x19
6,10,3,7,1,0,3,71,0,0x19
6,10,3,8,1,0,4,31,31,0x19
6,10,3,9,1,1,5,0,0,0x19
6,10,3,10,1,1,5,0,0,0x19
6,10,4,0,1,1,5,0,0,0x19
6,10,4,1,1,0,4,17,17,0x19
6,10,4,2,1,0,4,52,51,0x19
6,10,4,3,1,0,3,110,0,0x19
6,10,4,4,1,0,2,182,11,0x19
6,10,4,5,1,0,2,204,11,0x19
6,10,4,6,1,0,2,182,11,0x19
6,10,4,7,1,0,3,110,0,0x19
6,10,4,8,1,0,4,52,51,0x19
6,10,4,9,1,0,4,17,17,0x19
6,10,4,10,1,1,5,0,0,0x19
6,10,5,0,1,1,5,0,0,0x19
6,10,5,1,1,0,4,21,21,0x19
6,10,5,2,1,0,3,62,0,0x19
6,10,5,3,1,0,3,124,0,0x19
6,10,5,4,1,0,2,204,11,0x19
6,10,5,5,1,0,2,226,11,0x19
6,10,5,6,1,0,2,204,11,0x19
6,10,5,7,1,0,3,124,0,0x19
6,10,5,8,1,0,3,62,0,0x19
6,10,5,9,1,0,4,21,21,0x19
6,10,5,10,1,1,5,0,0,0x19
6,10,6,0,1,1,5,0,0,0x19
6,10,6,1,1,0,4,17,17,0x19
6,10,6,2,1,0,4,52,51,0x19
6,10,6,3,1,0,3,110,0,0x19
6,10,6,4,1,0,2,182,11,0x19
6,10,6,5,1,0,2,204,11,0x19
6,10,6,6,1,0,2,182,11,0x19
6,10,6,7,1,0,3,110,0,0x19
6,10,6,8,1,0,4,52,51,0x19
6,10,6,9,1,0,4,17,17,0x19
6,10,6,10,1,1,5,0,0,0x19
6,10,7,0,1,1,5,0,0,0x19
6,10,7,1,1,1,5,0,0,0x19
6,10,7,2,1,0,4,31,31,0x19
6,10,7,3,1,0,3,71,0,0x19
6,10,7,4,1,0,3,110,0,0x19
6,10,7,5,1,0,3,124,0,0x19
6,10,7,6,1,0,3,110,0,0x19
6,10,7,7,1,0,3,71,0,0x19
6,10,7,8,1,0,4,31,31,0x19
6,10,7,9,1,1,5,0,0,0x19
6,10,7,10,1,1,5,0,0,0x19
6,10,8,1,1,1,5,0,0,0x19
6,10,8,2,1,0,4,15,15,0x19
6,10,8,3,1,0,4,31,31,0x19
6,10,8,4,1,0,4,52,51,0x19
6,10,8,5,1,0,3,62,0,0x19
6,10,8,6,1,0,4,52,51,0x19
6,10,8,7,1,0,4,31,31,0x19
6,10,8,8,1,0,4,15,15,0x19
6,10,8,9,1,1,5,0,0,0x19
6,10,9,2,1,1,5,0,0,0x19
6,10,9,3,1,1,5,0,0,0x19
6,10,9,4,1,0,4,17,17,0x19
6,10,9,5,1,0,4,21,21,0x19
6,10,9,6,1,0,4,17,17,0x19
6,10,9,7,1,1,5,0,0,0x19
6,10,9,8,1,1,5,0,0,0x19
6,10,10,3,1,1,5,0,0,0x19
6,10,10,4,1,1,5,0,0,0x19
6,10,10,5,1,1,5,0,0,0x19
6,10,10,6,1,1,5,0,0,0x19
6,10,10,7,1,1,5,0,0,0x19
7,0,1,4,0,1,4,17,17,0x00
7,0,1,5,0,1,4,21,21,0x00
7,0,1,6,0,1,4,17,17,0x00
7,0,2,2,0,1,4,15,15,0x00
7,0,2,3,0,1,4,31,31,0x00
7,0,2,4,0,1,4,52,51,0x00
7,0,2,5,0,0,3,62,0,0x00
7,0,2,6,0,1,4,52,51,0x00
7,0,2,7,0,1,4,31,31,0x00
7,0,2,8,0,1,4,15,15,0x00
7,0,3,2,0,1,4,31,31,0x00
7,0,3,3,0,0,3,71,0,0x00
7,0,3,4,0,0,3,109,0,0x00
7,0,3,5,0,0,3,123,0,0x00
7,0,3,6,0,0,3,109,0,0x00
7,0,3,7,0,0,3,71,0,0x00
7,0,3,8,0,1,4,31,31,0x00
7,0,4,1,0,1,4,17,17,0x00
7,0,4,2,0,1,4,52,51,0x00
7,0,4,3,0,0,3,109,0,0x00
7,0,4,4,0,0,2,180,11,0x00
7,0,4,5,0,0,2,201,11,0x00
7,0,4,6,0,0,2,180,11,0x00
7,0,4,7,0,0,3,109,0,0x00
7,0,4,8,0,1,4,52,51,0x00
7,0,4,9,0,1,4,17,17,0x00
7,0,5,1,0,1,4,21,21,0x00
7,0,5,2,0,0,3,62,0,0x00
7,0,5,3,0,0,3,123,0,0x00
7,0,5,4,0,0,2,201,11,0x00
7,0,5,5,0,0,2,224,11,0x00
7,0,5,6,0,0,2,201,11,0x00
7,0,5,7,0,0,3,123,0,0x00
7,0,5,8,0,0,3,62,0,0x00
7,0,5,9,0,1,4,21,21,0x00
7,0,6,1,0,1,4,17,17,0x00
7,0,6,2,0,1,4,52,51,0x00
7,0,6,3,0,0,3,109,0,0x00
7,0,6,4,0,0,2,180,11,0x00
7,0,6,5,0,0,2,201,11,0x00
7,0,6,6,0,0,2,180,11,0x00
7,0,6,7,0,0,3,109,0,0x00
7,0,6,8,0,1,4,52,51,0x00
7,0,6,9,0,1,4,17,17,0x00
7,0,7,2,0,1,4,31,31,0x00
7,0,7,3,0,0,3,71,0,0x00
7,0,7,4,0,0,3,109,0,0x00
7,0,7,5,0,0,3,123,0,0x00
7,0,7,6,0,0,3,109,0,0x00
7,0,7,7,0,0,3,71,0,0x00
7,0,7,8,0,1,4,31,31,0x00
7,0,8,2,0,1,4,15,15,0x00
7,0,8,3,0,1,4,31,31,0x00
7,0,8,4,0,1,4,52,51,0x00
7,0,8,5,0,0,3,62,0,0x00
7,0,8,6,0,1,4,52,51,0x00
7,0,8,7,0,1,4,31,31,0x00
7,0,8,8,0,1,4,15,15,0x00
7,0,9,4,0,1,4,17,17,0x00
7,0,9,5,0,1,4,21,21,0x00
7,0,9,6,0,1,4,17,17,0x00
7,1,1,3,0,1,4,20,20,0x00
7,1,1,4,0,1,4,31,31,0x00
7,1,1,5,0,1,4,35,34,0x00
7,1,1,6,0,1,4,31,31,0x00
7,1,1,7,0,1,4,20,20,0x00
7,1,2,2,0,1,4,29,29,0x00
7,1,2,3,0,0,3,63,0,0x00
7,1,2,4,0,0,3,91,0,0x00
7,1,2,5,0,0,3,101,0,0x00
7,1,2,6,0,0,3,91,0,0x00
7,1,2,7,0,0,3,63,0,0x00
7,1,2,8,0,1,4,29,29,0x00
7,1,3,1,0,1,4,20,20,0x00
7,1,3,2,0,0,3,63,0,0x00
7,1,3,3,0,0,3,128,0,0x00
7,1,3,4,0,0,2,192,12,0x00
7,1,3,5,0,0,2,207,11,0x00
7,1,3,6,0,0,2,192,12,0x00
7,1,3,7,0,0,3,128,0,0x00
7,1,3,8,0,0,3,63,0,0x00
7,1,3,9,0,1,4,20,20,0x00
7,1,4,1,0,1,4,31,31,0x00
7,1,4,2,0,0,3,91,0,0x00
7,1,4,3,0,0,2,192,12,0x00
7,1,4,4,0,0,1,262,11,0x00
7,1,4,5,0,0,1,283,11,0x00
7,1,4,6,0,0,1,262,11,0x00
7,1,4,7,0,0,2,192,12,0x00
7,1,4,8,0,0,3,91,0,0x00
7,1,4,9,0,1,4,31,31,0x00
7,1,5,1,0,1,4,35,34,0x00
7,1,5,2,0,0,3,101,0,0x00
7,1,5,3,0,0,2,207,11,0x00
7,1,5,4,0,0,1,283,11,0x00
7,1,5,5,0,0,1,311,12,0x00
7,1,5,6,0,0,1,283,11,0x00
7,1,5,7,0,0,2,207,11,0x00
7,1,5,8,0,0,3,101,0,0x00
7,1,5,9,0,1,4,35,34,0x00
7,1,6,1,0,1,4,31,31,0x00
7,1,6,2,0,0,3,91,0,0x00
7,1,6,3,0,0,2,192,12,0x00
7,1,6,4,0,0,1,262,11,0x00
7,1,6,5,0,0,1,283,11,0x00
7,1,6,6,0,0,1,262,11,0x00
7,1,6,7,0,0,2,192,12,0x00
7,1,6,8,0,0,3,91,0,0x00
7,1,6,9,0,1,4,31,31,0x00
7,1,7,1,0,1,4,20,20,0x00
7,1,7,2,0,0,3,63,0,0x00
7,1,7,3,0,0,3,128,0,0x00
7,1,7,4,0,0,2,192,12,0x00
7,1,7,5,0,0,2,207,11,0x00
7,1,7,6,0,0,2,192,12,0x00
7,1,7,7,0,0,3,128,0,0x00
7,1,7,8,0,0,3,63,0,0x00
7,1,7,9,0,1,4,20,20,0x00
7,1,8,2,0,1,4,29,29,0x00
7,1,8,3,0,0,3,63,0,0x00
7,1,8,4,0,0,3,91,0,0x00
7,1,8,5,0,0,3,101,0,0x00
7,1,8,6,0,0,3,91,0,0x00
7,1,8,7,0,0,3,63,0,0x00
7,1,8,8,0,1,4,29,29,0x00
7,1,9,3,0,1,4,20,20,0x00
7,1,9,4,0,1,4,31,31,0x00
7,1,9,5,0,1,4,35,34,0x00
7,1,9,6,0,1,4,31,31,0x00
7,1,9,7,0,1,4,20,20,0x00
7,2,1,3,0,1,4,28,28,0x00
7,2,1,4,0,1,4,40,39,0x00
7,2,1,5,0,1,4,44,43,0x00
7,2,1,6,0,1,4,40,39,0x00
7,2,1,7,0,1,4,28,28,0x00
7,2,2,2,0,1,4,35,34,0x00
7,2,2,3,0,0,3,82,0,0x00
7,2,2,4,0,0,3,114,0,0x00
7,2,2,5,0,0,3,124,0,0x00
7,2,2,6,0,0,3,114,0,0x00
7,2,2,7,0,0,3,82,0,0x00
7,2,2,8,0,1,4,35,34,0x00
7,2,3,1,0,1,4,28,28,0x00
7,2,3,2,0,0,3,82,0,0x00
7,2,3,3,0,0,2,180,11,0x00
7,2,3,4,0,0,2,239,11,0x00
7,2,3,5,0,0,2,254,11,0x00
7,2,3,6,0,0,2,239,11,0x00
7,2,3,7,0,0,2,180,11,0x00
7,2,3,8,0,0,3,82,0,0x00
7,2,3,9,0,1,4,28,28,0x00
7,2,4,1,0,1,4,40,39,0x00
7,2,4,2,0,0,3,114,0,0x00
7,2,4,3,0,0,2,239,11,0x00
7,2,4,4,0,0,1,306,11,0x00
7,2,4,5,0,0,1,330,11,0x00
7,2,4,6,0,0,1,306,11,0x00
7,2,4,7,0,0,2,239,11,0x00
7,2,4,8,0,0,3,114,0,0x00
7,2,4,9,0,1,4,40,39,0x00
7,2,5,1,0,1,4,44,43,0x00
7,2,5,2,0,0,3,124,0,0x00
7,2,5,3,0,0,2,254,11,0x00
7,2,5,4,0,0,1,330,11,0x00
7,2,5,5,0,0,0,358,12,0x00
7,2,5,6,0,0,1,330,11,0x00
7,2,5,7,0,0,2,254,11,0x00
7,2,5,8,0,0,3,124,0,0x00
7,2,5,9,0,1,4,44,43,0x00
7,2,6,1,0,1,4,40,39,0x00
7,2,6,2,0,0,3,114,0,0x00
7,2,6,3,0,0,2,239,11,0x00
7,2,6,4,0,0,1,306,11,0x00
7,2,6,5,0,0,1,330,11,0x00
7,2,6,6,0,0,1,306,11,0x00
7,2,6,7,0,0,2,239,11,0x00
7,2,6,8,0,0,3,114,0,0x00
7,2,6,9,0,1,4,40,39,0x00
7,2,7,1,0,1,4,28,28,0x00
7,2,7,2,0,0,3,82,0,0x00
7,2,7,3,0,0,2,180,11,0x00
7,2,7,4,0,0,2,239,11,0x00
7,2,7,5,0,0,2,254,11,0x00
7,2,7,6,0,0,2,239,11,0x00
7,2,7,7,0,0,2,180,11,0x00
7,2,7,8,0,0,3,82,0,0x00
7,2,7,9,0,1,4,28,28,0x00
7,2,8,2,0,1,4,35,34,0x00
7,2,8,3,0,0,3,82,0,0x00
7,2,8,4,0,0,3,114,0,0x00
7,2,8,5,0,0,3,124,0,0x00
7,2,8,6,0,0,3,114,0,0x00
7,2,8,7,0,0,3,82,0,0x00
7,2,8,8,0,1,4,35,34,0x00
7,2,9,3,0,1,4,28,28,0x00
7,2,9,4,0,1,4,40,39,0x00
7,2,9,5,0,1,4,44,43,0x00
7,2,9,6,0,1,4,40,39,0x00
7,2,9,7,0,1,4,28,28,0x00
7,3,1,3,0,1,4,29,29,0x00
7,3,1,4,0,1,4,41,40,0x00
7,3,1,5,0,1,4,46,45,0x00
7,3,1,6,0,1,4,41,40,0x00
7,3,1,7,0,1,4,29,29,0x00
7,3,2,2,0,1,4,36,35,0x00
7,3,2,3,0,0,3,84,0,0x00
7,3,2,4,0,0,3,116,0,0x00
7,3,2,5,0,0,3,127,0,0x00
7,3,2,6,0,0,3,116,0,0x00
7,3,2,7,0,0,3,84,0,0x00
7,3,2,8,0,1,4,36,35,0x00
7,3,3,1,0,1,4,29,29,0x00
7,3,3,2,0,0,3,84,0,0x00
7,3,3,3,0,0,2,180,10,0x00
7,3,3,4,0,0,2,242,12,0x00
7,3,3,5,0,0,2,259,12,0x00
7,3,3,6,0,0,2,242,12,0x00
7,3,3,7,0,0,2,180,10,0x00
7,3,3,8,0,0,3,84,0,0x00
7,3,3,9,0,1,4,29,29,0x00
7,3,4,1,0,1,4,41,40,0x00
7,3,4,2,0,0,3,116,0,0x00
7,3,4,3,0,0,2,242,12,0x00
7,3,4,4,0,0,1,311,11,0x00
7,3,4,5,0,0,1,336,12,0x00
7,3,4,6,0,0,1,311,11,0x00
7,3,4,7,0,0,2,242,12,0x00
7,3,4,8,0,0,3,116,0,0x00
7,3,4,9,0,1,4,41,40,0x00
7,3,5,1,0,1,4,46,45,0x00
7,3,5,2,0,0,3,127,0,0x00
7,3,5,3,0,0,2,259,12,0x00
7,3,5,4,0,0,1,336,12,0x00
7,3,5,5,0,0,0,361,11,0x00
7,3,5,6,0,0,1,336,12,0x00
7,3,5,7,0,0,2,259,12,0x00
7,3,5,8,0,0,3,127,0,0x00
7,3,5,9,0,1,4,46,45,0x00
7,3,6,1,0,1,4,41,40,0x00
7,3,6,2,0,0,3,116,0,0x00
7,3,6,3,0,0,2,242,12,0x00
7,3,6,4,0,0,1,311,11,0x00
7,3,6,5,0,0,1,336,12,0x00
7,3,6,6,0,0,1,311,11,0x00
7,3,6,7,0,0,2,242,12,0x00
7,3,6,8,0,0,3,116,0,0x00
7,3,6,9,0,1,4,41,40,0x00
7,3,7,1,0,1,4,29,29,0x00
7,3,7,2,0,0,3,84,0,0x00
7,3,7,3,0,0,2,180,10,0x00
7,3,7,4,0,0,2,242,12,0x00
7,3,7,5,0,0,2,259,12,0x00
7,3,7,6,0,0,2,242,12,0x00
7,3,7,7,0,0,2,180,10,0x00
7,3,7,8,0,0,3,84,0,0x00
7,3,7,9,0,1,4,29,29,0x00
7,3,8,2,0,1,4,36,35,0x00
7,3,8,3,0,0,3,84,0,0x00
7,3,8,4,0,0,3,116,0,0x00
7,3,8,5,0,0,3,127,0,0x00
7,3,8,6,0,0,3,116,0,0x00
7,3,8,7,0,0,3,84,0,0x00
7,3,8,8,0,1,4,36,35,0x00
7,3,9,3,0,1,4,29,29,0x00
7,3,9,4,0,1,4,41,40,0x00
7,3,9,5,0,1,4,46,45,0x00
7,3,9,6,0,1,4,41,40,0x00
7,3,9,7,0,1,4,29,29,0x00
7,4,1,3,0,1,4,24,24,0x00
7,4,1,4,0,1,4,35,34,0x00
7,4,1,5,0,1,4,39,38,0x00
7,4,1,6,0,1,4,35,34,0x00
7,4,1,7,0,1,4,24,24,0x00
7,4,2,2,0,1,4,31,31,0x00
7,4,2,3,0,0,3,69,0,0x00
7,4,2,4,0,0,3,99,0,0x00
7,4,2,5,0,0,3,110,0,0x00
7,4,2,6,0,0,3,99,0,0x00
7,4,2,7,0,0,3,69,0,0x00
7,4,2,8,0,1,4,31,31,0x00
7,4,3,1,0,1,4,24,24,0x00
7,4,3,2,0,0,3,69,0,0x00
7,4,3,3,0,0,3,137,0,0x00
7,4,3,4,0,0,2,205,11,0x00
7,4,3,5,0,0,2,226,11,0x00
7,4,3,6,0,0,2,205,11,0x00
7,4,3,7,0,0,3,137,0,0x00
7,4,3,8,0,0,3,69,0,0x00
7,4,3,9,0,1,4,24,24,0x00
7,4,4,1,0,1,4,35,34,0x00
7,4,4,2,0,0,3,99,0,0x00
7,4,4,3,0,0,2,205,11,0x00
7,4,4,4,0,0,1,276,11,0x00
7,4,4,5,0,0,1,299,12,0x00
7,4,4,6,0,0,1,276,11,0x00
7,4,4,7,0,0,2,205,11,0x00
7,4,4,8,0,0,3,99,0,0x00
7,4,4,9,0,1,4,35,34,0x00
7,4,5,1,0,1,4,39,38,0x00
7,4,5,2,0,0,3,110,0,0x00
7,4,5,3,0,0,2,226,11,0x00
7,4,5,4,0,0,1,299,12,0x00
7,4,5,5,0,0,1,324,11,0x00
7,4,5,6,0,0,1,299,12,0x00
7,4,5,7,0,0,2,226,11,0x00
7,4,5,8,0,0,3,110,0,0x00
7,4,5,9,0,1,4,39,38,0x00
7,4,6,1,0,1,4,35,34,0x00
7,4,6,2,0,0,3,99,0,0x00
7,4,6,3,0,0,2,205,11,0x00
7,4,6,4,0,0,1,276,11,0x00
7,4,6,5,0,0,1,299,12,0x00
7,4,6,6,0,0,1,276,11,0x00
7,4,6,7,0,0,2,205,11,0x00
7,4,6,8,0,0,3,99,0,0x00
7,4,6,9,0,1,4,35,34,0x00
7,4,7,1,0,1,4,24,24,0x00
7,4,7,2,0,0,3,69,0,0x00
7,4,7,3,0,0,3,137,0,0x00
7,4,7,4,0,0,2,205,11,0x00
7,4,7,5,0,0,2,226,11,0x00
7,4,7,6,0,0,2,205,11,0x00
7,4,7,7,0,0,3,137,0,0x00
7,4,7,8,0,0,3,69,0,0x00
7,4,7,9,0,1,4,24,24,0x00
7,4,8,2,0,1,4,31,31,0x00
7,4,8,3,0,0,3,69,0,0x00
7,4,8,4,0,0,3,99,0,0x00
7,4,8,5,0,0,3,110,0,0x00
7,4,8,6,0,0,3,99,0,0x00
7,4,8,7,0,0,3,69,0,0x00
7,4,8,8,0,1,4,31,31,0x00
7,4,9,3,0,1,4,24,24,0x00
7,4,9,4,0,1,4,35,34,0x00
7,4,9,5,0,1,4,39,38,0x00
7,4,9,6,0,1,4,35,34,0x00
7,4,9,7,0,1,4,24,24,0x00
7,5,1,3,0,1,4,15,15,0x00
7,5,1,4,0,1,4,24,24,0x00
7,5,1,5,0,1,4,27,27,0x00
7,5,1,6,0,1,4,24,24,0x00
7,5,1,7,0,1,4,15,15,0x00
7,5,2,2,0,1,4,19,19,0x00
7,5,2,3,0,1,4,43,42,0x00
7,5,2,4,0,0,3,67,0,0x00
7,5,2,5,0,0,3,77,0,0x00
7,5,2,6,0,0,3,67,0,0x00
7,5,2,7,0,1,4,43,42,0x00
7,5,2,8,0,1,4,19,19,0x00
7,5,3,1,0,1,4,15,15,0x00
7,5,3,2,0,1,4,43,42,0x00
7,5,3,3,0,0,3,86,0,0x00
7,5,3,4,0,0,3,130,0,0x00
7,5,3,5,0,0,2,163,11,0x00
7,5,3,6,0,0,3,130,0,0x00
7,5,3,7,0,0,3,86,0,0x00
7,5,3,8,0,1,4,43,42,0x00
7,5,3,9,0,1,4,15,15,0x00
7,5,4,1,0,1,4,24,24,0x00
7,5,4,2,0,0,3,67,0,0x00
7,5,4,3,0,0,3,130,0,0x00
7,5,4,4,0,0,2,198,11,0x00
7,5,4,5,0,0,2,222,12,0x00
7,5,4,6,0,0,2,198,11,0x00
7,5,4,7,0,0,3,130,0,0x00
7,5,4,8,0,0,3,67,0,0x00
7,5,4,9,0,1,4,24,24,0x00
7,5,5,1,0,1,4,27,27,0x00
7,5,5,2,0,0,3,77,0,0x00
7,5,5,3,0,0,2,163,11,0x00
7,5,5,4,0,0,2,222,12,0x00
7,5,5,5,0,0,2,235,12,0x00
7,5,5,6,0,0,2,222,12,0x00
7,5,5,7,0,0,2,163,11,0x00
7,5,5,8,0,0,3,77,0,0x00
7,5,5,9,0,1,4,27,27,0x00
7,5,6,1,0,1,4,24,24,0x00
7,5,6,2,0,0,3,67,0,0x00
7,5,6,3,0,0,3,130,0,0x00
7,5,6,4,0,0,2,198,11,0x00
7,5,6,5,0,0,2,222,12,0x00
7,5,6,6,0,0,2,198,11,0x00
7,5,6,7,0,0,3,130,0,0x00
7,5,6,8,0,0,3,67,0,0x00
7,5,6,9,0,1,4,24,24,0x00
7,5,7,1,0,1,4,15,15,0x00
7,5,7,2,0,1,4,43,42,0x00
7,5,7,3,0,0,3,86,0,0x00
7,5,7,4,0,0,3,130,0,0x00
7,5,7,5,0,0,2,163,11,0x00
7,5,7,6,0,0,3,130,0,0x00
7,5,7,7,0,0,3,86,0,0x00
7,5,7,8,0,1,4,43,42,0x00
7,5,7,9,0,1,4,15,15,0x00
7,5,8,2,0,1,4,19,19,0x00
7,5,8,3,0,1,4,43,42,0x00
7,5,8,4,0,0,3,67,0,0x00
7,5,8,5,0,0,3,77,0,0x00
7,5,8,6,0,0,3,67,0,0x00
7,5,8,7,0,1,4,43,42,0x00
7,5,8,8,0,1,4,19,19,0x00
7,5,9,3,0,1,4,15,15,0x00
7,5,9,4,0,1,4,24,24,0x00
7,5,9,5,0,1,4,27,27,0x00
7,5,9,6,0,1,4,24,24,0x00
7,5,9,7,0,1,4,15,15,0x00
7,6,2,3,0,1,4,19,19,0x00
7,6,2,4,0,1,4,30,30,0x00
7,6,2,5,0,1,4,32,31,0x00
7,6,2,6,0,1,4,30,30,0x00
7,6,2,7,0,1,4,19,19,0x00
7,6,3,2,0,1,4,19,19,0x00
7,6,3,3,0,1,4,42,41,0x00
7,6,3,4,0,0,3,65,0,0x00
7,6,3,5,0,0,3,75,0,0x00
7,6,3,6,0,0,3,65,0,0x00
7,6,3,7,0,1,4,42,41,0x00
7,6,3,8,0,1,4,19,19,0x00
7,6,4,2,0,1,4,30,30,0x00
7,6,4,3,0,0,3,65,0,0x00
7,6,4,4,0,0,3,94,0,0x00
7,6,4,5,0,0,3,105,0,0x00
7,6,4,6,0,0,3,94,0,0x00
7,6,4,7,0,0,3,65,0,0x00
7,6,4,8,0,1,4,30,30,0x00
7,6,5,2,0,1,4,32,31,0x00
7,6,5,3,0,0,3,75,0,0x00
7,6,5,4,0,0,3,105,0,0x00
7,6,5,5,0,0,3,116,0,0x00
7,6,5,6,0,0,3,105,0,0x00
7,6,5,7,0,0,3,75,0,0x00
7,6,5,8,0,1,4,32,31,0x00
7,6,6,2,0,1,4,30,30,0x00
7,6,6,3,0,0,3,65,0,0x00
7,6,6,4,0,0,3,94,0,0x00
7,6,6,5,0,0,3,105,0,0x00
7,6,6,6,0,0,3,94,0,0x00
7,6,6,7,0,0,3,65,0,0x00
7,6,6,8,0,1,4,30,30,0x00
7,6,7,2,0,1,4,19,19,0x00
7,6,7,3,0,1,4,42,41,0x00
7,6,7,4,0,0,3,65,0,0x00
7,6,7,5,0,0,3,75,0,0x00
7,6,7,6,0,0,3,65,0,0x00
7,6,7,7,0,1,4,42,41,0x00
7,6,7,8,0,1,4,19,19,0x00
7,6,8,3,0,1,4,19,19,0x00
7,6,8,4,0,1,4,30,30,0x00
7,6,8,5,0,1,4,32,31,0x00
7,6,8,6,0,1,4,30,30,0x00
7,6,8,7,0,1,4,19,19,0x00
7,7,3,3,0,1,4,14,14,0x00
7,7,3,4,0,1,4,23,23,0x00
7,7,3,5,0,1,4,26,26,0x00
7,7,3,6,0,1,4,23,23,0x00
7,7,3,7,0,1,4,14,14,0x00
7,7,4,3,0,1,4,23,23,0x00
7,7,4,4,0,1,4,33,32,0x00
7,7,4,5,0,1,4,37,36,0x00
7,7,4,6,0,1,4,33,32,0x00
7,7,4,7,0,1,4,23,23,0x00
7,7,5,3,0,1,4,26,26,0x00
7,7,5,4,0,1,4,37,36,0x00
7,7,5,5,0,1,4,41,40,0x00
7,7,5,6,0,1,4,37,36,0x00
7,7,5,7,0,1,4,26,26,0x00
7,7,6,3,0,1,4,23,23,0x00
7,7,6,4,0,1,4,33,32,0x00
7,7,6,5,0,1,4,37,36,0x00
7,7,6,6,0,1,4,33,32,0x00
7,7,6,7,0,1,4,23,23,0x00
7,7,7,3,0,1,4,14,14,0x00
7,7,7,4,0,1,4,23,23,0x00
7,7,7,5,0,1,4,26,26,0x00
7,7,7,6,0,1,4,23,23,0x00
7,7,7,7,0,1,4,14,14,0x00
7,9,4,4,0,1,4,21,21,0x00
7,9,4,5,0,1,4,26,26,0x00
7,9,4,6,0,1,4,21,21,0x00
7,9,5,4,0,1,4,26,26,0x00
7,9,5,5,0,1,4,31,31,0x00
7,9,5,6,0,1,4,26,26,0x00
7,9,6,4,0,1,4,21,21,0x00
7,9,6,5,0,1,4,26,26,0x00
7,9,6,6,0,1,4,21,21,0x00
7,10,2,4,0,1,4,20,20,0x00
7,10,2,5,0,1,4,25,25,0x00
7,10,2,6,0,1,4,20,20,0x00
7,10,3,3,0,1,4,26,26,0x00
7,10,3,4,0,1,4,44,43,0x00
7,10,3,5,0,1,4,51,50,0x00
7,10,3,6,0,1,4,44,43,0x00
7,10,3,7,0,1,4,26,26,0x00
7,10,4,2,0,1,4,20,20,0x00
7,10,4,3,0,1,4,44,43,0x00
7,10,4,4,0,0,3,76,0,0x00
7,10,4,5,0,0,3,87,0,0x00
7,10,4,6,0,0,3,76,0,0x00
7,10,4,7,0,1,4,44,43,0x00
7,10,4,8,0,1,4,20,20,0x00
7,10,5,2,0,1,4,25,25,0x00
7,10,5,3,0,1,4,51,50,0x00
7,10,5,4,0,0,3,87,0,0x00
7,10,5,5,0,0,3,98,0,0x00
7,10,5,6,0,0,3,87,0,0x00
7,10,5,7,0,1,4,51,50,0x00
7,10,5,8,0,1,4,25,25,0x00
7,10,6,2,0,1,4,20,20,0x00
7,10,6,3,0,1,4,44,43,0x00
7,10,6,4,0,0,3,76,0,0x00
7,10,6,5,0,0,3,87,0,0x00
7,10,6,6,0,0,3,76,0,0x00
7,10,6,7,0,1,4,44,43,0x00
7,10,6,8,0,1,4,20,20,0x00
7,10,7,3,0,1,4,26,26,0x00
7,10,7,4,0,1,4,44,43,0x00
7,10,7,5,0,1,4,51,50,0x00
7,10,7,6,0,1,4,44,43,0x00
7,10,7,7,0,1,4,26,26,0x00
7,10,8,4,0,1,4,20,20,0x00
7,10,8,5,0,1,4,25,25,0x00
7,10,8,6,0,1,4,20,20,0x00
7,0,2,4,1,1,4,20,20,0x19
7,0,2,5,1,1,4,25,25,0x19
7,0,2,6,1,1,4,20,20,0x19
7,0,3,3,1,1,4,26,26,0x19
7,0,3,4,1,1,4,44,43,0x19
7,0,3,5,1,1,4,51,50,0x19
7,0,3,6,1,1,4,44,43,0x19
7,0,3,7,1,1,4,26,26,0x19
7,0,4,2,1,1,4,20,20,0x19
7,0,4,3,1,1,4,44,43,0x19
7,0,4,4,1,0,3,76,0,0x19
7,0,4,5,1,0,3,87,0,0x19
7,0,4,6,1,0,3,76,0,0x19
7,0,4,7,1,1,4,44,43,0x19
7,0,4,8,1,1,4,20,20,0x19
7,0,5,2,1,1,4,25,25,0x19
7,0,5,3,1,1,4,51,50,0x19
7,0,5,4,1,0,3,87,0,0x19
7,0,5,5,1,0,3,98,0,0x19
7,0,5,6,1,0,3,87,0,0x19
7,0,5,7,1,1,4,51,50,0x19
7,0,5,8,1,1,4,25,25,0x19
7,0,6,2,1,1,4,20,20,0x19
7,0,6,3,1,1,4,44,43,0x19
7,0,6,4,1,0,3,76,0,0x19
7,0,6,5,1,0,3,87,0,0x19
7,0,6,6,1,0,3,76,0,0x19
7,0,6,7,1,1,4,44,43,0x19
7,0,6,8,1,1,4,20,20,0x19
7,0,7,3,1,1,4,26,26,0x19
7,0,7,4,1,1,4,44,43,0x19
7,0,7,5,1,1,4,51,50,0x19
7,0,7,6,1,1,4,44,43,0x19
7,0,7,7,1,1,4,26,26,0x19
7,0,8,4,1,1,4,20,20,0x19
7,0,8,5,1,1,4,25,25,0x19
7,0,8,6,1,1,4,20,20,0x19
7,1,4,4,1,1,4,21,21,0x19
7,1,4,5,1,1,4,26,26,0x19
7,1,4,6,1,1,4,21,21,0x19
7,1,5,4,1,1,4,26,26,0x19
7,1,5,5,1,1,4,31,31,0x19
7,1,5,6,1,1,4,26,26,0x19
7,1,6,4,1,1,4,21,21,0x19
7,1,6,5,1,1,4,26,26,0x19
7,1,6,6,1,1,4,21,21,0x19
7,3,3,3,1,1,4,14,14,0x19
7,3,3,4,1,1,4,23,23,0x19
7,3,3,5,1,1,4,26,26,0x19
7,3,3,6,1,1,4,23,23,0x19
7,3,3,7,1,1,4,14,14,0x19
7,3,4,3,1,1,4,23,23,0x19
7,3,4,4,1,1,4,33,32,0x19
7,3,4,5,1,1,4,37,36,0x19
7,3,4,6,1,1,4,33,32,0x19
7,3,4,7,1,1,4,23,23,0x19
7,3,5,3,1,1,4,26,26,0x19
7,3,5,4,1,1,4,37,36,0x19
7,3,5,5,1,1,4,41,40,0x19
7,3,5,6,1,1,4,37,36,0x19
7,3,5,7,1,1,4,26,26,0x19
7,3,6,3,1,1,4,23,23,0x19
7,3,6,4,1,1,4,33,32,0x19
7,3,6,5,1,1,4,37,36,0x19
7,3,6,6,1,1,4,33,32,0x19
7,3,6,7,1,1,4,23,23,0x19
7,3,7,3,1,1,4,14,14,0x19
7,3,7,4,1,1,4,23,23,0x19
7,3,7,5,1,1,4,26,26,0x19
7,3,7,6,1,1,4,23,23,0x19
7,3,7,7,1,1,4,14,14,0x19
7,4,2,3,1,1,4,19,19,0x19
7,4,2,4,1,1,4,30,30,0x19
7,4,2,5,1,1,4,32,31,0x19
7,4,2,6,1,1,4,30,30,0x19
7,4,2,7,1,1,4,19,19,0x19
7,4,3,2,1,1,4,19,19,0x19
7,4,3,3,1,1,4,42,41,0x19
7,4,3,4,1,0,3,65,0,0x19
7,4,3,5,1,0,3,75,0,0x19
7,4,3,6,1,0,3,65,0,0x19
7,4,3,7,1,1,4,42,41,0x19
7,4,3,8,1,1,4,19,19,0x19
7,4,4,2,1,1,4,30,30,0x19
7,4,4,3,1,0,3,65,0,0x19
7,4,4,4,1,0,3,94,0,0x19
7,4,4,5,1,0,3,105,0,0x19
7,4,4,6,1,0,3,94,0,0x19
7,4,4,7,1,0,3,65,0,0x19
7,4,4,8,1,1,4,30,30,0x19
7,4,5,2,1,1,4,32,31,0x19
7,4,5,3,1,0,3,75,0,0x19
7,4,5,4,1,0,3,105,0,0x19
7,4,5,5,1,0,3,116,0,0x19
7,4,5,6,1,0,3,105,0,0x19
7,4,5,7,1,0,3,75,0,0x19
7,4,5,8,1,1,4,32,31,0x19
7,4,6,2,1,1,4,30,30,0x19
7,4,6,3,1,0,3,65,0,0x19
7,4,6,4,1,0,3,94,0,0x19
7,4,6,5,1,0,3,105,0,0x19
7,4,6,6,1,0,3,94,0,0x19
7,4,6,7,1,0,3,65,0,0x19
7,4,6,8,1,1,4,30,30,0x19
7,4,7,2,1,1,4,19,19,0x19
7,4,7,3,1,1,4,42,41,0x19
7,4,7,4,1,0,3,65,0,0x19
7,4,7,5,1,0,3,75,0,0x19
7,4,7,6,1,0,3,65,0,0x19
7,4,7,7,1,1,4,42,41,0x19
7,4,7,8,1,1,4,19,19,0x19
7,4,8,3,1,1,4,19,19,0x19
7,4,8,4,1,1,4,30,30,0x19
7,4,8,5,1,1,4,32,31,0x19
7,4,8,6,1,1,4,30,30,0x19
7,4,8,7,1,1,4,19,19,0x19
7,5,1,3,1,1,4,15,15,0x19
7,5,1,4,1,1,4,24,24,0x19
7,5,1,5,1,1,4,27,27,0x19
7,5,1,6,1,1,4,24,24,0x19
7,5,1,7,1,1,4,15,15,0x19
7,5,2,2,1,1,4,19,19,0x19
7,5,2,3,1,1,4,43,42,0x19
7,5,2,4,1,0,3,67,0,0x19
7,5,2,5,1,0,3,77,0,0x19
7,5,2,6,1,0,3,67,0,0x19
7,5,2,7,1,1,4,43,42,0x19
7,5,2,8,1,1,4,19,19,0x19
7,5,3,1,1,1,4,15,15,0x19
7,5,3,2,1,1,4,43,42,0x19
7,5,3,3,1,0,3,86,0,0x19
7,5,3,4,1,0,3,130,0,0x19
7,5,3,5,1,0,2,163,11,0x19
7,5,3,6,1,0,3,130,0,0x19
7,5,3,7,1,0,3,86,0,0x19
7,5,3,8,1,1,4,43,42,0x19
7,5,3,9,1,1,4,15,15,0x19
7,5,4,1,1,1,4,24,24,0x19
7,5,4,2,1,0,3,67,0,0x19
7,5,4,3,1,0,3,130,0,0x19
7,5,4,4,1,0,2,198,11,0x19
7,5,4,5,1,0,2,222,12,0x19
7,5,4,6,1,0,2,198,11,0x19
7,5,4,7,1,0,3,130,0,0x19
7,5,4,8,1,0,3,67,0,0x19
7,5,4,9,1,1,4,24,24,0x19
7,5,5,1,1,1,4,27,27,0x19
7,5,5,2,1,0,3,77,0,0x19
7,5,5,3,1,0,2,163,11,0x19
7,5,5,4,1,0,2,222,12,0x19
7,5,5,5,1,0,2,235,12,0x19
7,5,5,6,1,0,2,222,12,0x19
7,5,5,7,1,0,2,163,11,0x19
7,5,5,8,1,0,3,77,0,0x19
7,5,5,9,1,1,4,27,27,0x19
7,5,6,1,1,1,4,24,24,0x19
7,5,6,2,1,0,3,67,0,0x19
7,5,6,3,1,0,3,130,0,0x19
7,5,6,4,1,0,2,198,11,0x19
7,5,6,5,1,0,2,222,12,0x19
7,5,6,6,1,0,2,198,11,0x19
7,5,6,7,1,0,3,130,0,0x19
7,5,6,8,1,0,3,67,0,0x19
7,5,6,9,1,1,4,24,24,0x19
7,5,7,1,1,1,4,15,15,0x19
7,5,7,2,1,1,4,43,42,0x19
7,5,7,3,1,0,3,86,0,0x19
7,5,7,4,1,0,3,130,0,0x19
7,5,7,5,1,0,2,163,11,0x19
7,5,7,6,1,0,3,130,0,0x19
7,5,7,7,1,0,3,86,0,0x19
7,5,7,8,1,1,4,43,42,0x19
7,5,7,9,1,1,4,15,15,0x19
7,5,8,2,1,1,4,19,19,0x19
7,5,8,3,1,1,4,43,42,0x19
7,5,8,4,1,0,3,67,0,0x19
7,5,8,5,1,0,3,77,0,0x19
7,5,8,6,1,0,3,67,0,0x19
7,5,8,7,1,1,4,43,42,0x19
7,5,8,8,1,1,4,19,19,0x19
7,5,9,3,1,1,4,15,15,0x19
7,5,9,4,1,1,4,24,24,0x19
7,5,9,5,1,1,4,27,27,0x19
7,5,9,6,1,1,4,24,24,0x19
7,5,9,7,1,1,4,15,15,0x19
7,6,1,3,1,1,4,24,24,0x19
7,6,1,4,1,1,4,35,34,0x19
7,6,1,5,1,1,4,39,38,0x19
7,6,1,6,1,1,4,35,34,0x19
7,6,1,7,1,1,4,24,24,0x19
7,6,2,2,1,1,4,31,31,0x19
7,6,2,3,1,0,3,69,0,0x19
7,6,2,4,1,0,3,99,0,0x19
7,6,2,5,1,0,3,110,0,0x19
7,6,2,6,1,0,3,99,0,0x19
7,6,2,7,1,0,3,69,0,0x19
7,6,2,8,1,1,4,31,31,0x19
7,6,3,1,1,1,4,24,24,0x19
7,6,3,2,1,0,3,69,0,0x19
7,6,3,3,1,0,3,137,0,0x19
7,6,3,4,1,0,2,205,11,0x19
7,6,3,5,1,0,2,226,11,0x19
7,6,3,6,1,0,2,205,11,0x19
7,6,3,7,1,0,3,137,0,0x19
7,6,3,8,1,0,3,69,0,0x19
7,6,3,9,1,1,4,24,24,0x19
7,6,4,1,1,1,4,35,34,0x19
7,6,4,2,1,0,3,99,0,0x19
7,6,4,3,1,0,2,205,11,0x19
7,6,4,4,1,0,1,276,11,0x19
7,6,4,5,1,0,1,299,12,0x19
7,6,4,6,1,0,1,276,11,0x19
7,6,4,7,1,0,2,205,11,0x19
7,6,4,8,1,0,3,99,0,0x19
7,6,4,9,1,1,4,35,34,0x19
7,6,5,1,1,1,4,39,38,0x19
7,6,5,2,1,0,3,110,0,0x19
7,6,5,3,1,0,2,226,11,0x19
7,6,5,4,1,0,1,299,12,0x19
7,6,5,5,1,0,1,324,11,0x19
7,6,5,6,1,0,1,299,12,0x19
7,6,5,7,1,0,2,226,11,0x19
7,6,5,8,1,0,3,110,0,0x19
7,6,5,9,1,1,4,39,38,0x19
7,6,6,1,1,1,4,35,34,0x19
7,6,6,2,1,0,3,99,0,0x19
7,6,6,3,1,0,2,205,11,0x19
7,6,6,4,1,0,1,276,11,0x19
7,6,6,5,1,0,1,299,12,0x19
7,6,6,6,1,0,1,276,11,0x19
7,6,6,7,1,0,2,205,11,0x19
7,6,6,8,1,0,3,99,0,0x19
7,6,6,9,1,1,4,35,34,0x19
7,6,7,1,1,1,4,24,24,0x19
7,6,7,2,1,0,3,69,0,0x19
7,6,7,3,1,0,3,137,0,0x19
7,6,7,4,1,0,2,205,11,0x19
7,6,7,5,1,0,2,226,11,0x19
7,6,7,6,1,0,2,205,11,0x19
7,6,7,7,1,0,3,137,0,0x19
7,6,7,8,1,0,3,69,0,0x19
7,6,7,9,1,1,4,24,24,0x19
7,6,8,2,1,1,4,31,31,0x19
7,6,8,3,1,0,3,69,0,0x19
7,6,8,4,1,0,3,99,0,0x19
7,6,8,5,1,0,3,110,0,0x19
7,6,8,6,1,0,3,99,0,0x19
7,6,8,7,1,0,3,69,0,0x19
7,6,8,8,1,1,4,31,31,0x19
7,6,9,3,1,1,4,24,24,0x19
7,6,9,4,1,1,4,35,34,0x19
7,6,9,5,1,1,4,39,38,0x19
7,6,9,6,1,1,4,35,34,0x19
7,6,9,7,1,1,4,24,24,0x19
7,7,1,3,1,1,4,29,29,0x19
7,7,1,4,1,1,4,41,40,0x19
7,7,1,5,1,1,4,46,45,0x19
7,7,1,6,1,1,4,41,40,0x19
7,7,1,7,1,1,4,29,29,0x19
7,7,2,2,1,1,4,36,35,0x19
7,7,2,3,1,0,3,84,0,0x19
7,7,2,4,1,0,3,116,0,0x19
7,7,2,5,1,0,3,127,0,0x19
7,7,2,6,1,0,3,116,0,0x19
7,7,2,7,1,0,3,84,0,0x19
7,7,2,8,1,1,4,36,35,0x19
7,7,3,1,1,1,4,29,29,0x19
7,7,3,2,1,0,3,84,0,0x19
7,7,3,3,1,0,2,180,10,0x19
7,7,3,4,1,0,2,242,12,0x19
7,7,3,5,1,0,2,259,12,0x19
7,7,3,6,1,0,2,242,12,0x19
7,7,3,7,1,0,2,180,10,0x19
7,7,3,8,1,0,3,84,0,0x19
7,7,3,9,1,1,4,29,29,0x19
7,7,4,1,1,1,4,41,40,0x19
7,7,4,2,1,0,3,116,0,0x19
7,7,4,3,1,0,2,242,12,0x19
7,7,4,4,1,0,1,311,11,0x19
7,7,4,5,1,0,1,336,12,0x19
7,7,4,6,1,0,1,311,11,0x19
7,7,4,7,1,0,2,242,12,0x19
7,7,4,8,1,0,3,116,0,0x19
7,7,4,9,1,1,4,41,40,0x19
7,7,5,1,1,1,4,46,45,0x19
7,7,5,2,1,0,3,127,0,0x19
7,7,5,3,1,0,2,259,12,0x19
7,7,5,4,1,0,1,336,12,0x19
7,7,5,5,1,0,0,361,11,0x19
7,7,5,6,1,0,1,336,12,0x19
7,7,5,7,1,0,2,259,12,0x19
7,7,5,8,1,0,3,127,0,0x19
7,7,5,9,1,1,4,46,45,0x19
7,7,6,1,1,1,4,41,40,0x19
7,7,6,2,1,0,3,116,0,0x19
7,7,6,3,1,0,2,242,12,0x19
7,7,6,4,1,0,1,311,11,0x19
7,7,6,5,1,0,1,336,12,0x19
7,7,6,6,1,0,1,311,11,0x19
7,7,6,7,1,0,2,242,12,0x19
7,7,6,8,1,0,3,116,0,0x19
7,7,6,9,1,1,4,41,40,0x19
7,7,7,1,1,1,4,29,29,0x19
7,7,7,2,1,0,3,84,0,0x19
7,7,7,3,1,0,2,180,10,0x19
7,7,7,4,1,0,2,242,12,0x19
7,7,7,5,1,0,2,259,12,0x19
7,7,7,6,1,0,2,242,12,0x19
7,7,7,7,1,0,2,180,10,0x19
7,7,7,8,1,0,3,84,0,0x19
7,7,7,9,1,1,4,29,29,0x19
7,7,8,2,1,1,4,36,35,0x19
7,7,8,3,1,0,3,84,0,0x19
7,7,8,4,1,0,3,116,0,0x19
7,7,8,5,1,0,3,127,0,0x19
7,7,8,6,1,0,3,116,0,0x19
7,7,8,7,1,0,3,84,0,0x19
7,7,8,8,1,1,4,36,35,0x19
7,7,9,3,1,1,4,29,29,0x19
7,7,9,4,1,1,4,41,40,0x19
7,7,9,5,1,1,4,46,45,0x19
7,7,9,6,1,1,4,41,40,0x19
7,7,9,7,1,1,4,29,29,0x19
7,8,1,3,1,1,4,28,28,0x19
7,8,1,4,1,1,4,40,39,0x19
7,8,1,5,1,1,4,44,43,0x19
7,8,1,6,1,1,4,40,39,0x19
7,8,1,7,1,1,4,28,28,0x19
7,8,2,2,1,1,4,35,34,0x19
7,8,2,3,1,0,3,82,0,0x19
7,8,2,4,1,0,3,114,0,0x19
7,8,2,5,1,0,3,124,0,0x19
7,8,2,6,1,0,3,114,0,0x19
7,8,2,7,1,0,3,82,0,0x19
7,8,2,8,1,1,4,35,34,0x19
7,8,3,1,1,1,4,28,28,0x19
7,8,3,2,1,0,3,82,0,0x19
7,8,3,3,1,0,2,180,11,0x19
7,8,3,4,1,0,2,239,11,0x19
7,8,3,5,1,0,2,254,11,0x19
7,8,3,6,1,0,2,239,11,0x19
7,8,3,7,1,0,2,180,11,0x19
7,8,3,8,1,0,3,82,0,0x19
7,8,3,9,1,1,4,28,28,0x19
7,8,4,1,1,1,4,40,39,0x19
7,8,4,2,1,0,3,114,0,0x19
7,8,4,3,1,0,2,239,11,0x19
7,8,4,4,1,0,1,306,11,0x19
7,8,4,5,1,0,1,330,11,0x19
7,8,4,6,1,0,1,306,11,0x19
7,8,4,7,1,0,2,239,11,0x19
7,8,4,8,1,0,3,114,0,0x19
7,8,4,9,1,1,4,40,39,0x19
7,8,5,1,1,1,4,44,43,0x19
7,8,5,2,1,0,3,124,0,0x19
7,8,5,3,1,0,2,254,11,0x19
7,8,5,4,1,0,1,330,11,0x19
7,8,5,5,1,0,0,358,12,0x3F
7,8,5,6,1,0,1,330,11,0x19
7,8,5,7,1,0,2,254,11,0x19
7,8,5,8,1,0,3,124,0,0x19
7,8,5,9,1,1,4,44,43,0x19
7,8,6,1,1,1,4,40,39,0x19
7,8,6,2,1,0,3,114,0,0x19
7,8,6,3,1,0,2,239,11,0x19
7,8,6,4,1,0,1,306,11,0x19
7,8,6,5,1,0,1,330,11,0x19
7,8,6,6,1,0,1,306,11,0x19
7,8,6,7,1,0,2,239,11,0x19
7,8,6,8,1,0,3,114,0,0x19
7,8,6,9,1,1,4,40,39,0x19
7,8,7,1,1,1,4,28,28,0x19
7,8,7,2,1,0,3,82,0,0x19
7,8,7,3,1,0,2,180,11,0x19
7,8,7,4,1,0,2,239,11,0x19
7,8,7,5,1,0,2,254,11,0x19
7,8,7,6,1,0,2,239,11,0x19
7,8,7,7,1,0,2,180,11,0x19
7,8,7,8,1,0,3,82,0,0x19
7,8,7,9,1,1,4,28,28,0x19
7,8,8,2,1,1,4,35,34,0x19
7,8,8,3,1,0,3,82,0,0x19
7,8,8,4,1,0,3,114,0,0x19
7,8,8,5,1,0,3,124,0,0x19
7,8,8,6,1,0,3,114,0,0x19
7,8,8,7,1,0,3,82,0,0x19
7,8,8,8,1,1,4,35,34,0x19
7,8,9,3,1,1,4,28,28,0x19
7,8,9,4,1,1,4,40,39,0x19
7,8,9,5,1,1,4,44,43,0x19
7,8,9,6,1,1,4,40,39,0x19
7,8,9,7,1,1,4,28,28,0x19
7,9,1,3,1,1,4,20,20,0x19
7,9,1,4,1,1,4,31,31,0x19
7,9,1,5,1,1,4,35,34,0x19
7,9,1,6,1,1,4,31,31,0x19
7,9,1,7,1,1,4,20,20,0x19
7,9,2,2,1,1,4,29,29,0x19
7,9,2,3,1,0,3,63,0,0x19
7,9,2,4,1,0,3,91,0,0x19
7,9,2,5,1,0,3,101,0,0x19
7,9,2,6,1,0,3,91,0,0x19
7,9,2,7,1,0,3,63,0,0x19
7,9,2,8,1,1,4,29,29,0x19
7,9,3,1,1,1,4,20,20,0x19
7,9,3,2,1,0,3,63,0,0x19
7,9,3,3,1,0,3,128,0,0x19
7,9,3,4,1,0,2,192,12,0x19
7,9,3,5,1,0,2,207,11,0x19
7,9,3,6,1,0,2,192,12,0x19
7,9,3,7,1,0,3,128,0,0x19
7,9,3,8,1,0,3,63,0,0x19
7,9,3,9,1,1,4,20,20,0x19
7,9,4,1,1,1,4,31,31,0x19
7,9,4,2,1,0,3,91,0,0x19
7,9,4,3,1,0,2,192,12,0x19
7,9,4,4,1,0,1,262,11,0x19
7,9,4,5,1,0,1,283,11,0x19
7,9,4,6,1,0,1,262,11,0x19
7,9,4,7,1,0,2,192,12,0x19
7,9,4,8,1,0,3,91,0,0x19
7,9,4,9,1,1,4,31,31,0x19
7,9,5,1,1,1,4,35,34,0x19
7,9,5,2,1,0,3,101,0,0x19
7,9,5,3,1,0,2,207,11,0x19
7,9,5,4,1,0,1,283,11,0x19
7,9,5,5,1,0,1,311,12,0x19
7,9,5,6,1,0,1,283,11,0x19
7,9,5,7,1,0,2,207,11,0x19
7,9,5,8,1,0,3,101,0,0x19
7,9,5,9,1,1,4,35,34,0x19
7,9,6,1,1,1,4,31,31,0x19
7,9,6,2,1,0,3,91,0,0x19
7,9,6,3,1,0,2,192,12,0x19
7,9,6,4,1,0,1,262,11,0x19
7,9,6,5,1,0,1,283,11,0x19
7,9,6,6,1,0,1,262,11,0x19
7,9,6,7,1,0,2,192,12,0x19
7,9,6,8,1,0,3,91,0,0x19
7,9,6,9,1,1,4,31,31,0x19
7,9,7,1,1,1,4,20,20,0x19
7,9,7,2,1,0,3,63,0,0x19
7,9,7,3,1,0,3,128,0,0x19
7,9,7,4,1,0,2,192,12,0x19
7,9,7,5,1,0,2,207,11,0x19
7,9,7,6,1,0,2,192,12,0x19
7,9,7,7,1,0,3,128,0,0x19
7,9,7,8,1,0,3,63,0,0x19
7,9,7,9,1,1,4,20,20,0x19
7,9,8,2,1,1,4,29,29,0x19
7,9,8,3,1,0,3,63,0,0x19
7,9,8,4,1,0,3,91,0,0x19
7,9,8,5,1,0,3,101,0,0x19
7,9,8,6,1,0,3,91,0,0x19
7,9,8,7,1,0,3,63,0,0x19
7,9,8,8,1,1,4,29,29,0x19
7,9,9,3,1,1,4,20,20,0x19
7,9,9,4,1,1,4,31,31,0x19
7,9,9,5,1,1,4,35,34,0x19
7,9,9,6,1,1,4,31,31,0x19
7,9,9,7,1,1,4,20,20,0x19
7,10,1,4,1,1,4,17,17,0x19
7,10,1,5,1,1,4,21,21,0x19
7,10,1,6,1,1,4,17,17,0x19
7,10,2,2,1,1,4,15,15,0x19
7,10,2,3,1,1,4,31,31,0x19
7,10,2,4,1,1,4,52,51,0x19
7,10,2,5,1,0,3,62,0,0x19
7,10,2,6,1,1,4,52,51,0x19
7,10,2,7,1,1,4,31,31,0x19
7,10,2,8,1,1,4,15,15,0x19
7,10,3,2,1,1,4,31,31,0x19
7,10,3,3,1,0,3,71,0,0x19
7,10,3,4,1,0,3,109,0,0x19
7,10,3,5,1,0,3,123,0,0x19
7,10,3,6,1,0,3,109,0,0x19
7,10,3,7,1,0,3,71,0,0x19
7,10,3,8,1,1,4,31,31,0x19
7,10,4,1,1,1,4,17,17,0x19
7,10,4,2,1,1,4,52,51,0x19
7,10,4,3,1,0,3,109,0,0x19
7,10,4,4,1,0,2,180,11,0x19
7,10,4,5,1,0,2,201,11,0x19
7,10,4,6,1,0,2,180,11,0x19
7,10,4,7,1,0,3,109,0,0x19
7,10,4,8,1,1,4,52,51,0x19
7,10,4,9,1,1,4,17,17,0x19
7,10,5,1,1,1,4,21,21,0x19
7,10,5,2,1,0,3,62,0,0x19
7,10,5,3,1,0,3,123,0,0x19
7,10,5,4,1,0,2,201,11,0x19
7,10,5,5,1,0,2,224,11,0x19
7,10,5,6,1,0,2,201,11,0x19
7,10,5,7,1,0,3,123,0,0x19
7,10,5,8,1,0,3,62,0,0x19
7,10,5,9,1,1,4,21,21,0x19
7,10,6,1,1,1,4,17,17,0x19
7,10,6,2,1,1,4,52,51,0x19
7,10,6,3,1,0,3,109,0,0x19
7,10,6,4,1,0,2,180,11,0x19
7,10,6,5,1,0,2,201,11,0x19
7,10,6,6,1,0,2,180,11,0x19
7,10,6,7,1,0,3,109,0,0x19
7,10,6,8,1,1,4,52,51,0x19
7,10,6,9,1,1,4,17,17,0x19
7,10,7,2,1,1,4,31,31,0x19
7,10,7,3,1,0,3,71,0,0x19
7,10,7,4,1,0,3,109,0,0x19
7,10,7,5,1,0,3,123,0,0x19
7,10,7,6,1,0,3,109,0,0x19
7,10,7,7,1,0,3,71,0,0x19
7,10,7,8,1,1,4,31,31,0x19
7,10,8,2,1,1,4,15,15,0x19
7,10,8,3,1,1,4,31,31,0x19
7,10,8,4,1,1,4,52,51,0x19
7,10,8,5,1,0,3,62,0,0x19
7,10,8,6,1,1,4,52,51,0x19
7,10,8,7,1,1,4,31,31,0x19
7,10,8,8,1,1,4,15,15,0x19
7,10,9,4,1,1,4,17,17,0x19
7,10,9,5,1,1,4,21,21,0x19
7,10,9,6,1,1,4,17,17,0x19
8,0,1,4,0,0,4,17,17,0x00
8,0,1,5,0,0,4,21,21,0x00
8,0,1,6,0,0,4,17,17,0x00
8,0,2,2,0,0,4,15,15,0x00
8,0,2,3,0,0,4,31,31,0x00
8,0,2,4,0,0,4,52,51,0x00
8,0,2,5,0,1,3,62,0,0x00
8,0,2,6,0,0,4,52,51,0x00
8,0,2,7,0,0,4,31,31,0x00
8,0,2,8,0,0,4,15,15,0x00
8,0,3,2,0,0,4,31,31,0x00
8,0,3,3,0,1,3,71,0,0x00
8,0,3,4,0,1,3,110,0,0x00
8,0,3,5,0,1,3,125,1,0x00
8,0,3,6,0,1,3,110,0,0x00
8,0,3,7,0,1,3,71,0,0x00
8,0,3,8,0,0,4,31,31,0x00
8,0,4,1,0,0,4,17,17,0x00
8,0,4,2,0,0,4,52,51,0x00
8,0,4,3,0,1,3,110,0,0x00
8,0,4,4,0,0,2,185,11,0x00
8,0,4,5,0,0,2,205,12,0x00
8,0,4,6,0,0,2,185,11,0x00
8,0,4,7,0,1,3,110,0,0x00
8,0,4,8,0,0,4,52,51,0x00
8,0,4,9,0,0,4,17,17,0x00
8,0,5,1,0,0,4,21,21,0x00
8,0,5,2,0,1,3,62,0,0x00
8,0,5,3,0,1,3,125,1,0x00
8,0,5,4,0,0,2,205,12,0x00
8,0,5,5,0,0,2,228,12,0x00
8,0,5,6,0,0,2,205,12,0x00
8,0,5,7,0,1,3,125,1,0x00
8,0,5,8,0,1,3,62,0,0x00
8,0,5,9,0,0,4,21,21,0x00
8,0,6,1,0,0,4,17,17,0x00
8,0,6,2,0,0,4,52,51,0x00
8,0,6,3,0,1,3,110,0,0x00
8,0,6,4,0,0,2,185,11,0x00
8,0,6,5,0,0,2,205,12,0x00
8,0,6,6,0,0,2,185,11,0x00
8,0,6,7,0,1,3,110,0,0x00
8,0,6,8,0,0,4,52,51,0x00
8,0,6,9,0,0,4,17,17,0x00
8,0,7,2,0,0,4,31,31,0x00
8,0,7,3,0,1,3,71,0,0x00
8,0,7,4,0,1,3,110,0,0x00
8,0,7,5,0,1,3,125,1,0x00
8,0,7,6,0,1,3,110,0,0x00
8,0,7,7,0,1,3,71,0,0x00
8,0,7,8,0,0,4,31,31,0x00
8,0,8,2,0,0,4,15,15,0x00
8,0,8,3,0,0,4,31,31,0x00
8,0,8,4,0,0,4,52,51,0x00
8,0,8,5,0,1,3,62,0,0x00
8,0,8,6,0,0,4,52,51,0x00
8,0,8,7,0,0,4,31,31,0x00
8,0,8,8,0,0,4,15,15,0x00
8,0,9,4,0,0,4,17,17,0x00
8,0,9,5,0,0,4,21,21,0x00
8,0,9,6,0,0,4,17,17,0x00
8,1,1,3,0,0,4,20,20,0x00
8,1,1,4,0,0,4,31,31,0x00
8,1,1,5,0,0,4,35,34,0x00
8,1,1,6,0,0,4,31,31,0x00
8,1,1,7,0,0,4,20,20,0x00
8,1,2,2,0,0,4,29,29,0x00
8,1,2,3,0,1,3,63,0,0x00
8,1,2,4,0,1,3,91,0,0x00
8,1,2,5,0,1,3,101,0,0x00
8,1,2,6,0,1,3,91,0,0x00
8,1,2,7,0,1,3,63,0,0x00
8,1,2,8,0,0,4,29,29,0x00
8,1,3,1,0,0,4,20,20,0x00
8,1,3,2,0,1,3,63,0,0x00
8,1,3,3,0,1,3,128,0,0x00
8,1,3,4,0,0,2,192,11,0x00
8,1,3,5,0,0,2,212,9,0x00
8,1,3,6,0,0,2,192,11,0x00
8,1,3,7,0,1,3,128,0,0x00
8,1,3,8,0,1,3,63,0,0x00
8,1,3,9,0,0,4,20,20,0x00
8,1,4,1,0,0,4,31,31,0x00
8,1,4,2,0,1,3,91,0,0x00
8,1,4,3,0,0,2,192,11,0x00
8,1,4,4,0,0,1,264,12,0x00
8,1,4,5,0,0,1,288,11,0x00
8,1,4,6,0,0,1,264,12,0x00
8,1,4,7,0,0,2,192,11,0x00
8,1,4,8,0,1,3,91,0,0x00
8,1,4,9,0,0,4,31,31,0x00
8,1,5,1,0,0,4,35,34,0x00
8,1,5,2,0,1,3,101,0,0x00
8,1,5,3,0,0,2,212,9,0x00
8,1,5,4,0,0,1,288,11,0x00
8,1,5,5,0,0,1,315,12,0x00
8,1,5,6,0,0,1,288,11,0x00
8,1,5,7,0,0,2,212,9,0x00
8,1,5,8,0,1,3,101,0,0x00
8,1,5,9,0,0,4,35,34,0x00
8,1,6,1,0,0,4,31,31,0x00
8,1,6,2,0,1,3,91,0,0x00
8,1,6,3,0,0,2,192,11,0x00
8,1,6,4,0,0,1,264,12,0x00
8,1,6,5,0,0,1,288,11,0x00
8,1,6,6,0,0,1,264,12,0x00
8,1,6,7,0,0,2,192,11,0x00
8,1,6,8,0,1,3,91,0,0x00
8,1,6,9,0,0,4,31,31,0x00
8,1,7,1,0,0,4,20,20,0x00
8,1,7,2,0,1,3,63,0,0x00
8,1,7,3,0,1,3,128,0,0x00
8,1,7,4,0,0,2,192,11,0x00
8,1,7,5,0,0,2,212,9,0x00
8,1,7,6,0,0,2,192,11,0x00
8,1,7,7,0,1,3,128,0,0x00
8,1,7,8,0,1,3,63,0,0x00
8,1,7,9,0,0,4,20,20,0x00
8,1,8,2,0,0,4,29,29,0x00
8,1,8,3,0,1,3,63,0,0x00
8,1,8,4,0,1,3,91,0,0x00
8,1,8,5,0,1,3,101,0,0x00
8,1,8,6,0,1,3,91,0,0x00
8,1,8,7,0,1,3,63,0,0x00
8,1,8,8,0,0,4,29,29,0x00
8,1,9,3,0,0,4,20,20,0x00
8,1,9,4,0,0,4,31,31,0x00
8,1,9,5,0,0,4,35,34,0x00
8,1,9,6,0,0,4,31,31,0x00
8,1,9,7,0,0,4,20,20,0x00
8,2,1,3,0,0,4,28,28,0x00
8,2,1,4,0,0,4,40,39,0x00
8,2,1,5,0,0,4,44,43,0x00
8,2,1,6,0,0,4,40,39,0x00
8,2,1,7,0,0,4,28,28,0x00
8,2,2,2,0,0,4,35,34,0x00
8,2,2,3,0,1,3,82,0,0x00
8,2,2,4,0,1,3,114,0,0x00
8,2,2,5,0,1,3,124,0,0x00
8,2,2,6,0,1,3,114,0,0x00
8,2,2,7,0,1,3,82,0,0x00
8,2,2,8,0,0,4,35,34,0x00
8,2,3,1,0,0,4,28,28,0x00
8,2,3,2,0,1,3,82,0,0x00
8,2,3,3,0,0,2,183,11,0x00
8,2,3,4,0,0,2,238,10,0x00
8,2,3,5,0,0,2,256,13,0x00
8,2,3,6,0,0,2,238,10,0x00
8,2,3,7,0,0,2,183,11,0x00
8,2,3,8,0,1,3,82,0,0x00
8,2,3,9,0,0,4,28,28,0x00
8,2,4,1,0,0,4,40,39,0x00
8,2,4,2,0,1,3,114,0,0x00
8,2,4,3,0,0,2,238,10,0x00
8,2,4,4,0,0,1,312,12,0x00
8,2,4,5,0,0,1,330,12,0x00
8,2,4,6,0,0,1,312,12,0x00
8,2,4,7,0,0,2,238,10,0x00
8,2,4,8,0,1,3,114,0,0x00
8,2,4,9,0,0,4,40,39,0x00
8,2,5,1,0,0,4,44,43,0x00
8,2,5,2,0,1,3,124,0,0x00
8,2,5,3,0,0,2,256,13,0x00
8,2,5,4,0,0,1,330,12,0x00
8,2,5,5,0,0,0,353,11,0x00
8,2,5,6,0,0,1,330,12,0x00
8,2,5,7,0,0,2,256,13,0x00
8,2,5,8,0,1,3,124,0,0x00
8,2,5,9,0,0,4,44,43,0x00
8,2,6,1,0,0,4,40,39,0x00
8,2,6,2,0,1,3,114,0,0x00
8,2,6,3,0,0,2,238,10,0x00
8,2,6,4,0,0,1,312,12,0x00
8,2,6,5,0,0,1,330,12,0x00
8,2,6,6,0,0,1,312,12,0x00
8,2,6,7,0,0,2,238,10,0x00
8,2,6,8,0,1,3,114,0,0x00
8,2,6,9,0,0,4,40,39,0x00
8,2,7,1,0,0,4,28,28,0x00
8,2,7,2,0,1,3,82,0,0x00
8,2,7,3,0,0,2,183,11,0x00
8,2,7,4,0,0,2,238,10,0x00
8,2,7,5,0,0,2,256,13,0x00
8,2,7,6,0,0,2,238,10,0x00
8,2,7,7,0,0,2,183,11,0x00
8,2,7,8,0,1,3,82,0,0x00
8,2,7,9,0,0,4,28,28,0x00
8,2,8,2,0,0,4,35,34,0x00
8,2,8,3,0,1,3,82,0,0x00
8,2,8,4,0,1,3,114,0,0x00
8,2,8,5,0,1,3,124,0,0x00
8,2,8,6,0,1,3,114,0,0x00
8,2,8,7,0,1,3,82,0,0x00
8,2,8,8,0,0,4,35,34,0x00
8,2,9,3,0,0,4,28,28,0x00
8,2,9,4,0,0,4,40,39,0x00
8,2,9,5,0,0,4,44,43,0x00
8,2,9,6,0,0,4,40,39,0x00
8,2,9,7,0,0,4,28,28,0x00
8,3,1,3,0,0,4,29,29,0x00
8,3,1,4,0,0,4,41,40,0x00
8,3,1,5,0,0,4,46,45,0x00
8,3,1,6,0,0,4,41,40,0x00
8,3,1,7,0,0,4,29,29,0x00
8,3,2,2,0,0,4,36,35,0x00
8,3,2,3,0,1,3,84,0,0x00
8,3,2,4,0,1,3,116,0,0x00
8,3,2,5,0,1,3,127,0,0x00
8,3,2,6,0,1,3,116,0,0x00
8,3,2,7,0,1,3,84,0,0x00
8,3,2,8,0,0,4,36,35,0x00
8,3,3,1,0,0,4,29,29,0x00
8,3,3,2,0,1,3,84,0,0x00
8,3,3,3,0,0,2,181,11,0x00
8,3,3,4,0,0,2,240,11,0x00
8,3,3,5,0,0,2,260,12,0x00
8,3,3,6,0,0,2,240,11,0x00
8,3,3,7,0,0,2,181,11,0x00
8,3,3,8,0,1,3,84,0,0x00
8,3,3,9,0,0,4,29,29,0x00
8,3,4,1,0,0,4,41,40,0x00
8,3,4,2,0,1,3,116,0,0x00
8,3,4,3,0,0,2,240,11,0x00
8,3,4,4,0,0,1,312,11,0x00
8,3,4,5,0,0,1,333,11,0x00
8,3,4,6,0,0,1,312,11,0x00
8,3,4,7,0,0,2,240,11,0x00
8,3,4,8,0,1,3,116,0,0x00
8,3,4,9,0,0,4,41,40,0x00
8,3,5,1,0,0,4,46,45,0x00
8,3,5,2,0,1,3,127,0,0x00
8,3,5,3,0,0,2,260,12,0x00
8,3,5,4,0,0,1,333,11,0x00
8,3,5,5,0,0,0,356,12,0x00
8,3,5,6,0,0,1,333,11,0x00
8,3,5,7,0,0,2,260,12,0x00
8,3,5,8,0,1,3,127,0,0x00
8,3,5,9,0,0,4,46,45,0x00
8,3,6,1,0,0,4,41,40,0x00
8,3,6,2,0,1,3,116,0,0x00
8,3,6,3,0,0,2,240,11,0x00
8,3,6,4,0,0,1,312,11,0x00
8,3,6,5,0,0,1,333,11,0x00
8,3,6,6,0,0,1,312,11,0x00
8,3,6,7,0,0,2,240,11,0x00
8,3,6,8,0,1,3,116,0,0x00
8,3,6,9,0,0,4,41,40,0x00
8,3,7,1,0,0,4,29,29,0x00
8,3,7,2,0,1,3,84,0,0x00
8,3,7,3,0,0,2,181,11,0x00
8,3,7,4,0,0,2,240,11,0x00
8,3,7,5,0,0,2,260,12,0x00
8,3,7,6,0,0,2,240,11,0x00
8,3,7,7,0,0,2,181,11,0x00
8,3,7,8,0,1,3,84,0,0x00
8,3,7,9,0,0,4,29,29,0x00
8,3,8,2,0,0,4,36,35,0x00
8,3,8,3,0,1,3,84,0,0x00
8,3,8,4,0,1,3,116,0,0x00
8,3,8,5,0,1,3,127,0,0x00
8,3,8,6,0,1,3,116,0,0x00
8,3,8,7,0,1,3,84,0,0x00
8,3,8,8,0,0,4,36,35,0x00
8,3,9,3,0,0,4,29,29,0x00
8,3,9,4,0,0,4,41,40,0x00
8,3,9,5,0,0,4,46,45,0x00
8,3,9,6,0,0,4,41,40,0x00
8,3,9,7,0,0,4,29,29,0x00
8,4,1,3,0,0,4,24,24,0x00
8,4,1,4,0,0,4,35,34,0x00
8,4,1,5,0,0,4,39,38,0x00
8,4,1,6,0,0,4,35,34,0x00
8,4,1,7,0,0,4,24,24,0x00
8,4,2,2,0,0,4,31,31,0x00
8,4,2,3,0,1,3,69,0,0x00
8,4,2,4,0,1,3,99,0,0x00
8,4,2,5,0,1,3,110,0,0x00
8,4,2,6,0,1,3,99,0,0x00
8,4,2,7,0,1,3,69,0,0x00
8,4,2,8,0,0,4,31,31,0x00
8,4,3,1,0,0,4,24,24,0x00
8,4,3,2,0,1,3,69,0,0x00
8,4,3,3,0,1,3,136,0,0x00
8,4,3,4,0,0,2,203,10,0x00
8,4,3,5,0,0,2,230,12,0x00
8,4,3,6,0,0,2,203,10,0x00
8,4,3,7,0,1,3,136,0,0x00
8,4,3,8,0,1,3,69,0,0x00
8,4,3,9,0,0,4,24,24,0x00
8,4,4,1,0,0,4,35,34,0x00
8,4,4,2,0,1,3,99,0,0x00
8,4,4,3,0,0,2,203,10,0x00
8,4,4,4,0,0,1,277,11,0x00
8,4,4,5,0,0,1,300,12,0x00
8,4,4,6,0,0,1,277,11,0x00
8,4,4,7,0,0,2,203,10,0x00
8,4,4,8,0,1,3,99,0,0x00
8,4,4,9,0,0,4,35,34,0x00
8,4,5,1,0,0,4,39,38,0x00
8,4,5,2,0,1,3,110,0,0x00
8,4,5,3,0,0,2,230,12,0x00
8,4,5,4,0,0,1,300,12,0x00
8,4,5,5,0,0,1,323,9,0x00
8,4,5,6,0,0,1,300,12,0x00
8,4,5,7,0,0,2,230,12,0x00
8,4,5,8,0,1,3,110,0,0x00
8,4,5,9,0,0,4,39,38,0x00
8,4,6,1,0,0,4,35,34,0x00
8,4,6,2,0,1,3,99,0,0x00
8,4,6,3,0,0,2,203,10,0x00
8,4,6,4,0,0,1,277,11,0x00
8,4,6,5,0,0,1,300,12,0x00
8,4,6,6,0,0,1,277,11,0x00
8,4,6,7,0,0,2,203,10,0x00
8,4,6,8,0,1,3,99,0,0x00
8,4,6,9,0,0,4,35,34,0x00
8,4,7,1,0,0,4,24,24,0x00
8,4,7,2,0,1,3,69,0,0x00
8,4,7,3,0,1,3,136,0,0x00
8,4,7,4,0,0,2,203,10,0x00
8,4,7,5,0,0,2,230,12,0x00
8,4,7,6,0,0,2,203,10,0x00
8,4,7,7,0,1,3,136,0,0x00
8,4,7,8,0,1,3,69,0,0x00
8,4,7,9,0,0,4,24,24,0x00
8,4,8,2,0,0,4,31,31,0x00
8,4,8,3,0,1,3,69,0,0x00
8,4,8,4,0,1,3,99,0,0x00
8,4,8,5,0,1,3,110,0,0x00
8,4,8,6,0,1,3,99,0,0x00
8,4,8,7,0,1,3,69,0,0x00
8,4,8,8,0,0,4,31,31,0x00
8,4,9,3,0,0,4,24,24,0x00
8,4,9,4,0,0,4,35,34,0x00
8,4,9,5,0,0,4,39,38,0x00
8,4,9,6,0,0,4,35,34,0x00
8,4,9,7,0,0,4,24,24,0x00
8,5,1,3,0,0,4,15,15,0x00
8,5,1,4,0,0,4,23,23,0x00
8,5,1,5,0,0,4,26,26,0x00
8,5,1,6,0,0,4,23,23,0x00
8,5,1,7,0,0,4,15,15,0x00
8,5,2,2,0,0,4,19,19,0x00
8,5,2,3,0,0,4,43,42,0x00
8,5,2,4,0,1,3,66,0,0x00
8,5,2,5,0,1,3,76,0,0x00
8,5,2,6,0,1,3,66,0,0x00
8,5,2,7,0,0,4,43,42,0x00
8,5,2,8,0,0,4,19,19,0x00
8,5,3,1,0,0,4,15,15,0x00
8,5,3,2,0,0,4,43,42,0x00
8,5,3,3,0,1,3,86,0,0x00
8,5,3,4,0,1,3,131,0,0x00
8,5,3,5,0,0,2,163,10,0x00
8,5,3,6,0,1,3,131,0,0x00
8,5,3,7,0,1,3,86,0,0x00
8,5,3,8,0,0,4,43,42,0x00
8,5,3,9,0,0,4,15,15,0x00
8,5,4,1,0,0,4,23,23,0x00
8,5,4,2,0,1,3,66,0,0x00
8,5,4,3,0,1,3,131,0,0x00
8,5,4,4,0,0,2,203,12,0x00
8,5,4,5,0,0,2,226,12,0x00
8,5,4,6,0,0,2,203,12,0x00
8,5,4,7,0,1,3,131,0,0x00
8,5,4,8,0,1,3,66,0,0x00
8,5,4,9,0,0,4,23,23,0x00
8,5,5,1,0,0,4,26,26,0x00
8,5,5,2,0,1,3,76,0,0x00
8,5,5,3,0,0,2,163,10,0x00
8,5,5,4,0,0,2,226,12,0x00
8,5,5,5,0,0,2,245,10,0x00
8,5,5,6,0,0,2,226,12,0x00
8,5,5,7,0,0,2,163,10,0x00
8,5,5,8,0,1,3,76,0,0x00
8,5,5,9,0,0,4,26,26,0x00
8,5,6,1,0,0,4,23,23,0x00
8,5,6,2,0,1,3,66,0,0x00
8,5,6,3,0,1,3,131,0,0x00
8,5,6,4,0,0,2,203,12,0x00
8,5,6,5,0,0,2,226,12,0x00
8,5,6,6,0,0,2,203,12,0x00
8,5,6,7,0,1,3,131,0,0x00
8,5,6,8,0,1,3,66,0,0x00
8,5,6,9,0,0,4,23,23,0x00
8,5,7,1,0,0,4,15,15,0x00
8,5,7,2,0,0,4,43,42,0x00
8,5,7,3,0,1,3,86,0,0x00
8,5,7,4,0,1,3,131,0,0x00
8,5,7,5,0,0,2,163,10,0x00
8,5,7,6,0,1,3,131,0,0x00
8,5,7,7,0,1,3,86,0,0x00
8,5,7,8,0,0,4,43,42,0x00
8,5,7,9,0,0,4,15,15,0x00
8,5,8,2,0,0,4,19,19,0x00
8,5,8,3,0,0,4,43,42,0x00
8,5,8,4,0,1,3,66,0,0x00
8,5,8,5,0,1,3,76,0,0x00
8,5,8,6,0,1,3,66,0,0x00
8,5,8,7,0,0,4,43,42,0x00
8,5,8,8,0,0,4,19,19,0x00
8,5,9,3,0,0,4,15,15,0x00
8,5,9,4,0,0,4,23,23,0x00
8,5,9,5,0,0,4,26,26,0x00
8,5,9,6,0,0,4,23,23,0x00
8,5,9,7,0,0,4,15,15,0x00
8,6,2,3,0,0,4,19,19,0x00
8,6,2,4,0,0,4,30,30,0x00
8,6,2,5,0,0,4,32,31,0x00
8,6,2,6,0,0,4,30,30,0x00
8,6,2,7,0,0,4,19,19,0x00
8,6,3,2,0,0,4,19,19,0x00
8,6,3,3,0,0,4,42,41,0x00
8,6,3,4,0,1,3,65,0,0x00
8,6,3,5,0,1,3,74,0,0x00
8,6,3,6,0,1,3,65,0,0x00
8,6,3,7,0,0,4,42,41,0x00
8,6,3,8,0,0,4,19,19,0x00
8,6,4,2,0,0,4,30,30,0x00
8,6,4,3,0,1,3,65,0,0x00
8,6,4,4,0,1,3,94,0,0x00
8,6,4,5,0,1,3,105,0,0x00
8,6,4,6,0,1,3,94,0,0x00
8,6,4,7,0,1,3,65,0,0x00
8,6,4,8,0,0,4,30,30,0x00
8,6,5,2,0,0,4,32,31,0x00
8,6,5,3,0,1,3,74,0,0x00
8,6,5,4,0,1,3,105,0,0x00
8,6,5,5,0,1,3,116,0,0x00
8,6,5,6,0,1,3,105,0,0x00
8,6,5,7,0,1,3,74,0,0x00
8,6,5,8,0,0,4,32,31,0x00
8,6,6,2,0,0,4,30,30,0x00
8,6,6,3,0,1,3,65,0,0x00
8,6,6,4,0,1,3,94,0,0x00
8,6,6,5,0,1,3,105,0,0x00
8,6,6,6,0,1,3,94,0,0x00
8,6,6,7,0,1,3,65,0,0x00
8,6,6,8,0,0,4,30,30,0x00
8,6,7,2,0,0,4,19,19,0x00
8,6,7,3,0,0,4,42,41,0x00
8,6,7,4,0,1,3,65,0,0x00
8,6,7,5,0,1,3,74,0,0x00
8,6,7,6,0,1,3,65,0,0x00
8,6,7,7,0,0,4,42,41,0x00
8,6,7,8,0,0,4,19,19,0x00
8,6,8,3,0,0,4,19,19,0x00
8,6,8,4,0,0,4,30,30,0x00
8,6,8,5,0,0,4,32,31,0x00
8,6,8,6,0,0,4,30,30,0x00
8,6,8,7,0,0,4,19,19,0x00
8,7,3,3,0,0,4,14,14,0x00
8,7,3,4,0,0,4,23,23,0x00
8,7,3,5,0,0,4,26,26,0x00
8,7,3,6,0,0,4,23,23,0x00
8,7,3,7,0,0,4,14,14,0x00
8,7,4,3,0,0,4,23,23,0x00
8,7,4,4,0,0,4,33,32,0x00
8,7,4,5,0,0,4,37,36,0x00
8,7,4,6,0,0,4,33,32,0x00
8,7,4,7,0,0,4,23,23,0x00
8,7,5,3,0,0,4,26,26,0x00
8,7,5,4,0,0,4,37,36,0x00
8,7,5,5,0,0,4,41,40,0x00
8,7,5,6,0,0,4,37,36,0x00
8,7,5,7,0,0,4,26,26,0x00
8,7,6,3,0,0,4,23,23,0x00
8,7,6,4,0,0,4,33,32,0x00
8,7,6,5,0,0,4,37,36,0x00
8,7,6,6,0,0,4,33,32,0x00
8,7,6,7,0,0,4,23,23,0x00
8,7,7,3,0,0,4,14,14,0x00
8,7,7,4,0,0,4,23,23,0x00
8,7,7,5,0,0,4,26,26,0x00
8,7,7,6,0,0,4,23,23,0x00
8,7,7,7,0,0,4,14,14,0x00
8,9,4,4,0,0,4,21,21,0x00
8,9,4,5,0,0,4,26,26,0x00
8,9,4,6,0,0,4,21,21,0x00
8,9,5,4,0,0,4,26,26,0x00
8,9,5,5,0,0,4,31,31,0x00
8,9,5,6,0,0,4,26,26,0x00
8,9,6,4,0,0,4,21,21,0x00
8,9,6,5,0,0,4,26,26,0x00
8,9,6,6,0,0,4,21,21,0x00
8,10,2,4,0,0,4,20,20,0x00
8,10,2,5,0,0,4,25,25,0x00
8,10,2,6,0,0,4,20,20,0x00
8,10,3,3,0,0,4,26,26,0x00
8,10,3,4,0,0,4,44,43,0x00
8,10,3,5,0,0,4,51,50,0x00
8,10,3,6,0,0,4,44,43,0x00
8,10,3,7,0,0,4,26,26,0x00
8,10,4,2,0,0,4,20,20,0x00
8,10,4,3,0,0,4,44,43,0x00
8,10,4,4,0,1,3,76,0,0x00
8,10,4,5,0,1,3,87,0,0x00
8,10,4,6,0,1,3,76,0,0x00
8,10,4,7,0,0,4,44,43,0x00
8,10,4,8,0,0,4,20,20,0x00
8,10,5,2,0,0,4,25,25,0x00
8,10,5,3,0,0,4,51,50,0x00
8,10,5,4,0,1,3,87,0,0x00
8,10,5,5,0,1,3,98,0,0x00
8,10,5,6,0,1,3,87,0,0x00
8,10,5,7,0,0,4,51,50,0x00
8,10,5,8,0,0,4,25,25,0x00
8,10,6,2,0,0,4,20,20,0x00
8,10,6,3,0,0,4,44,43,0x00
8,10,6,4,0,1,3,76,0,0x00
8,10,6,5,0,1,3,87,0,0x00
8,10,6,6,0,1,3,76,0,0x00
8,10,6,7,0,0,4,44,43,0x00
8,10,6,8,0,0,4,20,20,0x00
8,10,7,3,0,0,4,26,26,0x00
8,10,7,4,0,0,4,44,43,0x00
8,10,7,5,0,0,4,51,50,0x00
8,10,7,6,0,0,4,44,43,0x00
8,10,7,7,0,0,4,26,26,0x00
8,10,8,4,0,0,4,20,20,0x00
8,10,8,5,0,0,4,25,25,0x00
8,10,8,6,0,0,4,20,20,0x00
8,0,2,4,1,0,4,20,20,0x19
8,0,2,5,1,0,4,25,25,0x19
8,0,2,6,1,0,4,20,20,0x19
8,0,3,3,1,0,4,26,26,0x19
8,0,3,4,1,0,4,44,43,0x19
8,0,3,5,1,0,4,51,50,0x19
8,0,3,6,1,0,4,44,43,0x19
8,0,3,7,1,0,4,26,26,0x19
8,0,4,2,1,0,4,20,20,0x19
8,0,4,3,1,0,4,44,43,0x19
8,0,4,4,1,1,3,76,0,0x19
8,0,4,5,1,1,3,87,0,0x19
8,0,4,6,1,1,3,76,0,0x19
8,0,4,7,1,0,4,44,43,0x19
8,0,4,8,1,0,4,20,20,0x19
8,0,5,2,1,0,4,25,25,0x19
8,0,5,3,1,0,4,51,50,0x19
8,0,5,4,1,1,3,87,0,0x19
8,0,5,5,1,1,3,98,0,0x19
8,0,5,6,1,1,3,87,0,0x19
8,0,5,7,1,0,4,51,50,0x19
8,0,5,8,1,0,4,25,25,0x19
8,0,6,2,1,0,4,20,20,0x19
8,0,6,3,1,0,4,44,43,0x19
8,0,6,4,1,1,3,76,0,0x19
8,0,6,5,1,1,3,87,0,0x19
8,0,6,6,1,1,3,76,0,0x19
8,0,6,7,1,0,4,44,43,0x19
8,0,6,8,1,0,4,20,20,0x19
8,0,7,3,1,0,4,26,26,0x19
8,0,7,4,1,0,4,44,43,0x19
8,0,7,5,1,0,4,51,50,0x19
8,0,7,6,1,0,4,44,43,0x19
8,0,7,7,1,0,4,26,26,0x19
8,0,8,4,1,0,4,20,20,0x19
8,0,8,5,1,0,4,25,25,0x19
8,0,8,6,1,0,4,20,20,0x19
8,1,4,4,1,0,4,21,21,0x19
8,1,4,5,1,0,4,26,26,0x19
8,1,4,6,1,0,4,21,21,0x19
8,1,5,4,1,0,4,26,26,0x19
8,1,5,5,1,0,4,31,31,0x19
8,1,5,6,1,0,4,26,26,0x19
8,1,6,4,1,0,4,21,21,0x19
8,1,6,5,1,0,4,26,26,0x19
8,1,6,6,1,0,4,21,21,0x19
8,3,3,3,1,0,4,14,14,0x19
8,3,3,4,1,0,4,23,23,0x19
8,3,3,5,1,0,4,26,26,0x19
8,3,3,6,1,0,4,23,23,0x19
8,3,3,7,1,0,4,14,14,0x19
8,3,4,3,1,0,4,23,23,0x19
8,3,4,4,1,0,4,33,32,0x19
8,3,4,5,1,0,4,37,36,0x19
8,3,4,6,1,0,4,33,32,0x19
8,3,4,7,1,0,4,23,23,0x19
8,3,5,3,1,0,4,26,26,0x19
8,3,5,4,1,0,4,37,36,0x19
8,3,5,5,1,0,4,41,40,0x19
8,3,5,6,1,0,4,37,36,0x19
8,3,5,7,1,0,4,26,26,0x19
8,3,6,3,1,0,4,23,23,0x19
8,3,6,4,1,0,4,33,32,0x19
8,3,6,5,1,0,4,37,36,0x19
8,3,6,6,1,0,4,33,32,0x19
8,3,6,7,1,0,4,23,23,0x19
8,3,7,3,1,0,4,14,14,0x19
8,3,7,4,1,0,4,23,23,0x19
8,3,7,5,1,0,4,26,26,0x19
8,3,7,6,1,0,4,23,23,0x19
8,3,7,7,1,0,4,14,14,0x19
8,4,2,3,1,0,4,19,19,0x19
8,4,2,4,1,0,4,30,30,0x19
8,4,2,5,1,0,4,32,31,0x19
8,4,2,6,1,0,4,30,30,0x19
8,4,2,7,1,0,4,19,19,0x19
8,4,3,2,1,0,4,19,19,0x19
8,4,3,3,1,0,4,42,41,0x19
8,4,3,4,1,1,3,65,0,0x19
8,4,3,5,1,1,3,74,0,0x19
8,4,3,6,1,1,3,65,0,0x19
8,4,3,7,1,0,4,42,41,0x19
8,4,3,8,1,0,4,19,19,0x19
8,4,4,2,1,0,4,30,30,0x19
8,4,4,3,1,1,3,65,0,0x19
8,4,4,4,1,1,3,94,0,0x19
8,4,4,5,1,1,3,105,0,0x19
8,4,4,6,1,1,3,94,0,0x19
8,4,4,7,1,1,3,65,0,0x19
8,4,4,8,1,0,4,30,30,0x19
8,4,5,2,1,0,4,32,31,0x19
8,4,5,3,1,1,3,74,0,0x19
8,4,5,4,1,1,3,105,0,0x19
8,4,5,5,1,1,3,116,0,0x19
8,4,5,6,1,1,3,105,0,0x19
8,4,5,7,1,1,3,74,0,0x19
8,4,5,8,1,0,4,32,31,0x19
8,4,6,2,1,0,4,30,30,0x19
8,4,6,3,1,1,3,65,0,0x19
8,4,6,4,1,1,3,94,0,0x19
8,4,6,5,1,1,3,105,0,0x19
8,4,6,6,1,1,3,94,0,0x19
8,4,6,7,1,1,3,65,0,0x19
8,4,6,8,1,0,4,30,30,0x19
8,4,7,2,1,0,4,19,19,0x19
8,4,7,3,1,0,4,42,41,0x19
8,4,7,4,1,1,3,65,0,0x19
8,4,7,5,1,1,3,74,0,0x19
8,4,7,6,1,1,3,65,0,0x19
8,4,7,7,1,0,4,42,41,0x19
8,4,7,8,1,0,4,19,19,0x19
8,4,8,3,1,0,4,19,19,0x19
8,4,8,4,1,0,4,30,30,0x19
8,4,8,5,1,0,4,32,31,0x19
8,4,8,6,1,0,4,30,30,0x19
8,4,8,7,1,0,4,19,19,0x19
8,5,1,3,1,0,4,15,15,0x19
8,5,1,4,1,0,4,23,23,0x19
8,5,1,5,1,0,4,26,26,0x19
8,5,1,6,1,0,4,23,23,0x19
8,5,1,7,1,0,4,15,15,0x19
8,5,2,2,1,0,4,19,19,0x19
8,5,2,3,1,0,4,43,42,0x19
8,5,2,4,1,1,3,66,0,0x19
8,5,2,5,1,1,3,76,0,0x19
8,5,2,6,1,1,3,66,0,0x19
8,5,2,7,1,0,4,43,42,0x19
8,5,2,8,1,0,4,19,19,0x19
8,5,3,1,1,0,4,15,15,0x19
8,5,3,2,1,0,4,43,42,0x19
8,5,3,3,1,1,3,86,0,0x19
8,5,3,4,1,1,3,131,0,0x19
8,5,3,5,1,0,2,163,10,0x19
8,5,3,6,1,1,3,131,0,0x19
8,5,3,7,1,1,3,86,0,0x19
8,5,3,8,1,0,4,43,42,0x19
8,5,3,9,1,0,4,15,15,0x19
8,5,4,1,1,0,4,23,23,0x19
8,5,4,2,1,1,3,66,0,0x19
8,5,4,3,1,1,3,131,0,0x19
8,5,4,4,1,0,2,203,12,0x19
8,5,4,5,1,0,2,226,12,0x19
8,5,4,6,1,0,2,203,12,0x19
8,5,4,7,1,1,3,131,0,0x19
8,5,4,8,1,1,3,66,0,0x19
8,5,4,9,1,0,4,23,23,0x19
8,5,5,1,1,0,4,26,26,0x19
8,5,5,2,1,1,3,76,0,0x19
8,5,5,3,1,0,2,163,10,0x19
8,5,5,4,1,0,2,226,12,0x19
8,5,5,5,1,0,2,245,10,0x19
8,5,5,6,1,0,2,226,12,0x19
8,5,5,7,1,0,2,163,10,0x19
8,5,5,8,1,1,3,76,0,0x19
8,5,5,9,1,0,4,26,26,0x19
8,5,6,1,1,0,4,23,23,0x19
8,5,6,2,1,1,3,66,0,0x19
8,5,6,3,1,1,3,131,0,0x19
8,5,6,4,1,0,2,203,12,0x19
8,5,6,5,1,0,2,226,12,0x19
8,5,6,6,1,0,2,203,12,0x19
8,5,6,7,1,1,3,131,0,0x19
8,5,6,8,1,1,3,66,0,0x19
8,5,6,9,1,0,4,23,23,0x19
8,5,7,1,1,0,4,15,15,0x19
8,5,7,2,1,0,4,43,42,0x19
8,5,7,3,1,1,3,86,0,0x19
8,5,7,4,1,1,3,131,0,0x19
8,5,7,5,1,0,2,163,10,0x19
8,5,7,6,1,1,3,131,0,0x19
8,5,7,7,1,1,3,86,0,0x19
8,5,7,8,1,0,4,43,42,0x19
8,5,7,9,1,0,4,15,15,0x19
8,5,8,2,1,0,4,19,19,0x19
8,5,8,3,1,0,4,43,42,0x19
8,5,8,4,1,1,3,66,0,0x19
8,5,8,5,1,1,3,76,0,0x19
8,5,8,6,1,1,3,66,0,0x19
8,5,8,7,1,0,4,43,42,0x19
8,5,8,8,1,0,4,19,19,0x19
8,5,9,3,1,0,4,15,15,0x19
8,5,9,4,1,0,4,23,23,0x19
8,5,9,5,1,0,4,26,26,0x19
8,5,9,6,1,0,4,23,23,0x19
8,5,9,7,1,0,4,15,15,0x19
8,6,1,3,1,0,4,24,24,0x19
8,6,1,4,1,0,4,35,34,0x19
8,6,1,5,1,0,4,39,38,0x19
8,6,1,6,1,0,4,35,34,0x19
8,6,1,7,1,0,4,24,24,0x19
8,6,2,2,1,0,4,31,31,0x19
8,6,2,3,1,1,3,69,0,0x19
8,6,2,4,1,1,3,99,0,0x19
8,6,2,5,1,1,3,110,0,0x19
8,6,2,6,1,1,3,99,0,0x19
8,6,2,7,1,1,3,69,0,0x19
8,6,2,8,1,0,4,31,31,0x19
8,6,3,1,1,0,4,24,24,0x19
8,6,3,2,1,1,3,69,0,0x19
8,6,3,3,1,1,3,136,0,0x19
8,6,3,4,1,0,2,203,10,0x19
8,6,3,5,1,0,2,230,12,0x19
8,6,3,6,1,0,2,203,10,0x19
8,6,3,7,1,1,3,136,0,0x19
8,6,3,8,1,1,3,69,0,0x19
8,6,3,9,1,0,4,24,24,0x19
8,6,4,1,1,0,4,35,34,0x19
8,6,4,2,1,1,3,99,0,0x19
8,6,4,3,1,0,2,203,10,0x19
8,6,4,4,1,0,1,277,11,0x19
8,6,4,5,1,0,1,300,12,0x19
8,6,4,6,1,0,1,277,11,0x19
8,6,4,7,1,0,2,203,10,0x19
8,6,4,8,1,1,3,99,0,0x19
8,6,4,9,1,0,4,35,34,0x19
8,6,5,1,1,0,4,39,38,0x19
8,6,5,2,1,1,3,110,0,0x19
8,6,5,3,1,0,2,230,12,0x19
8,6,5,4,1,0,1,300,12,0x19
8,6,5,5,1,0,1,323,9,0x19
8,6,5,6,1,0,1,300,12,0x19
8,6,5,7,1,0,2,230,12,0x19
8,6,5,8,1,1,3,110,0,0x19
8,6,5,9,1,0,4,39,38,0x19
8,6,6,1,1,0,4,35,34,0x19
8,6,6,2,1,1,3,99,0,0x19
8,6,6,3,1,0,2,203,10,0x19
8,6,6,4,1,0,1,277,11,0x19
8,6,6,5,1,0,1,300,12,0x19
8,6,6,6,1,0,1,277,11,0x19
8,6,6,7,1,0,2,203,10,0x19
8,6,6,8,1,1,3,99,0,0x19
8,6,6,9,1,0,4,35,34,0x19
8,6,7,1,1,0,4,24,24,0x19
8,6,7,2,1,1,3,69,0,0x19
8,6,7,3,1,1,3,136,0,0x19
8,6,7,4,1,0,2,203,10,0x19
8,6,7,5,1,0,2,230,12,0x19
8,6,7,6,1,0,2,203,10,0x19
8,6,7,7,1,1,3,136,0,0x19
8,6,7,8,1,1,3,69,0,0x19
8,6,7,9,1,0,4,24,24,0x19
8,6,8,2,1,0,4,31,31,0x19
8,6,8,3,1,1,3,69,0,0x19
8,6,8,4,1,1,3,99,0,0x19
8,6,8,5,1,1,3,110,0,0x19
8,6,8,6,1,1,3,99,0,0x19
8,6,8,7,1,1,3,69,0,0x19
8,6,8,8,1,0,4,31,31,0x19
8,6,9,3,1,0,4,24,24,0x19
8,6,9,4,1,0,4,35,34,0x19
8,6,9,5,1,0,4,39,38,0x19
8,6,9,6,1,0,4,35,34,0x19
8,6,9,7,1,0,4,24,24,0x19
8,7,1,3,1,0,4,29,29,0x19
8,7,1,4,1,0,4,41,40,0x19
8,7,1,5,1,0,4,46,45,0x19
8,7,1,6,1,0,4,41,40,0x19
8,7,1,7,1,0,4,29,29,0x19
8,7,2,2,1,0,4,36,35,0x19
8,7,2,3,1,1,3,84,0,0x19
8,7,2,4,1,1,3,116,0,0x19
8,7,2,5,1,1,3,127,0,0x19
8,7,2,6,1,1,3,116,0,0x19
8,7,2,7,1,1,3,84,0,0x19
8,7,2,8,1,0,4,36,35,0x19
8,7,3,1,1,0,4,29,29,0x19
8,7,3,2,1,1,3,84,0,0x19
8,7,3,3,1,0,2,181,11,0x19
8,7,3,4,1,0,2,240,11,0x19
8,7,3,5,1,0,2,260,12,0x19
8,7,3,6,1,0,2,240,11,0x19
8,7,3,7,1,0,2,181,11,0x19
8,7,3,8,1,1,3,84,0,0x19
8,7,3,9,1,0,4,29,29,0x19
8,7,4,1,1,0,4,41,40,0x19
8,7,4,2,1,1,3,116,0,0x19
8,7,4,3,1,0,2,240,11,0x19
8,7,4,4,1,0,1,312,11,0x19
8,7,4,5,1,0,1,333,11,0x19
8,7,4,6,1,0,1,312,11,0x19
8,7,4,7,1,0,2,240,11,0x19
8,7,4,8,1,1,3,116,0,0x19
8,7,4,9,1,0,4,41,40,0x19
8,7,5,1,1,0,4,46,45,0x19
8,7,5,2,1,1,3,127,0,0x19
8,7,5,3,1,0,2,260,12,0x19
8,7,5,4,1,0,1,333,11,0x19
8,7,5,5,1,0,0,356,12,0x19
8,7,5,6,1,0,1,333,11,0x19
8,7,5,7,1,0,2,260,12,0x19
8,7,5,8,1,1,3,127,0,0x19
8,7,5,9,1,0,4,46,45,0x19
8,7,6,1,1,0,4,41,40,0x19
8,7,6,2,1,1,3,116,0,0x19
8,7,6,3,1,0,2,240,11,0x19
8,7,6,4,1,0,1,312,11,0x19
8,7,6,5,1,0,1,333,11,0x19
8,7,6,6,1,0,1,312,11,0x19
8,7,6,7,1,0,2,240,11,0x19
8,7,6,8,1,1,3,116,0,0x19
8,7,6,9,1,0,4,41,40,0x19
8,7,7,1,1,0,4,29,29,0x19
8,7,7,2,1,1,3,84,0,0x19
8,7,7,3,1,0,2,181,11,0x19
8,7,7,4,1,0,2,240,11,0x19
8,7,7,5,1,0,2,260,12,0x19
8,7,7,6,1,0,2,240,11,0x19
8,7,7,7,1,0,2,181,11,0x19
8,7,7,8,1,1,3,84,0,0x19
8,7,7,9,1,0,4,29,29,0x19
8,7,8,2,1,0,4,36,35,0x19
8,7,8,3,1,1,3,84,0,0x19
8,7,8,4,1,1,3,116,0,0x19
8,7,8,5,1,1,3,127,0,0x19
8,7,8,6,1,1,3,116,0,0x19
8,7,8,7,1,1,3,84,0,0x19
8,7,8,8,1,0,4,36,35,0x19
8,7,9,3,1,0,4,29,29,0x19
8,7,9,4,1,0,4,41,40,0x19
8,7,9,5,1,0,4,46,45,0x19
8,7,9,6,1,0,4,41,40,0x19
8,7,9,7,1,0,4,29,29,0x19
8,8,1,3,1,0,4,28,28,0x19
8,8,1,4,1,0,4,40,39,0x19
8,8,1,5,1,0,4,44,43,0x19
8,8,1,6,1,0,4,40,39,0x19
8,8,1,7,1,0,4,28,28,0x19
8,8,2,2,1,0,4,35,34,0x19
8,8,2,3,1,1,3,82,0,0x19
8,8,2,4,1,1,3,114,0,0x19
8,8,2,5,1,1,3,124,0,0x19
8,8,2,6,1,1,3,114,0,0x19
8,8,2,7,1,1,3,82,0,0x19
8,8,2,8,1,0,4,35,34,0x19
8,8,3,1,1,0,4,28,28,0x19
8,8,3,2,1,1,3,82,0,0x19
8,8,3,3,1,0,2,183,11,0x19
8,8,3,4,1,0,2,238,10,0x19
8,8,3,5,1,0,2,256,13,0x19
8,8,3,6,1,0,2,238,10,0x19
8,8,3,7,1,0,2,183,11,0x19
8,8,3,8,1,1,3,82,0,0x19
8,8,3,9,1,0,4,28,28,0x19
8,8,4,1,1,0,4,40,39,0x19
8,8,4,2,1,1,3,114,0,0x19
8,8,4,3,1,0,2,238,10,0x19
8,8,4,4,1,0,1,312,12,0x19
8,8,4,5,1,0,1,330,12,0x19
8,8,4,6,1,0,1,312,12,0x19
8,8,4,7,1,0,2,238,10,0x19
8,8,4,8,1,1,3,114,0,0x19
8,8,4,9,1,0,4,40,39,0x19
8,8,5,1,1,0,4,44,43,0x19
8,8,5,2,1,1,3,124,0,0x19
8,8,5,3,1,0,2,256,13,0x19
8,8,5,4,1,0,1,330,12,0x19
8,8,5,5,1,0,0,353,11,0x3F
8,8,5,6,1,0,1,330,12,0x19
8,8,5,7,1,0,2,256,13,0x19
8,8,5,8,1,1,3,124,0,0x19
8,8,5,9,1,0,4,44,43,0x19
8,8,6,1,1,0,4,40,39,0x19
8,8,6,2,1,1,3,114,0,0x19
8,8,6,3,1,0,2,238,10,0x19
8,8,6,4,1,0,1,312,12,0x19
8,8,6,5,1,0,1,330,12,0x19
8,8,6,6,1,0,1,312,12,0x19
8,8,6,7,1,0,2,238,10,0x19
8,8,6,8,1,1,3,114,0,0x19
8,8,6,9,1,0,4,40,39,0x19
8,8,7,1,1,0,4,28,28,0x19
8,8,7,2,1,1,3,82,0,0x19
8,8,7,3,1,0,2,183,11,0x19
8,8,7,4,1,0,2,238,10,0x19
8,8,7,5,1,0,2,256,13,0x19
8,8,7,6,1,0,2,238,10,0x19
8,8,7,7,1,0,2,183,11,0x19
8,8,7,8,1,1,3,82,0,0x19
8,8,7,9,1,0,4,28,28,0x19
8,8,8,2,1,0,4,35,34,0x19
8,8,8,3,1,1,3,82,0,0x19
8,8,8,4,1,1,3,114,0,0x19
8,8,8,5,1,1,3,124,0,0x19
8,8,8,6,1,1,3,114,0,0x19
8,8,8,7,1,1,3,82,0,0x19
8,8,8,8,1,0,4,35,34,0x19
8,8,9,3,1,0,4,28,28,0x19
8,8,9,4,1,0,4,40,39,0x19
8,8,9,5,1,0,4,44,43,0x19
8,8,9,6,1,0,4,40,39,0x19
8,8,9,7,1,0,4,28,28,0x19
8,9,1,3,1,0,4,20,20,0x19
8,9,1,4,1,0,4,31,31,0x19
8,9,1,5,1,0,4,35,34,0x19
8,9,1,6,1,0,4,31,31,0x19
8,9,1,7,1,0,4,20,20,0x19
8,9,2,2,1,0,4,29,29,0x19
8,9,2,3,1,1,3,63,0,0x19
8,9,2,4,1,1,3,91,0,0x19
8,9,2,5,1,1,3,101,0,0x19
8,9,2,6,1,1,3,91,0,0x19
8,9,2,7,1,1,3,63,0,0x19
8,9,2,8,1,0,4,29,29,0x19
8,9,3,1,1,0,4,20,20,0x19
8,9,3,2,1,1,3,63,0,0x19
8,9,3,3,1,1,3,128,0,0x19
8,9,3,4,1,0,2,192,11,0x19
8,9,3,5,1,0,2,212,9,0x19
8,9,3,6,1,0,2,192,11,0x19
8,9,3,7,1,1,3,128,0,0x19
8,9,3,8,1,1,3,63,0,0x19
8,9,3,9,1,0,4,20,20,0x19
8,9,4,1,1,0,4,31,31,0x19
8,9,4,2,1,1,3,91,0,0x19
8,9,4,3,1,0,2,192,11,0x19
8,9,4,4,1,0,1,264,12,0x19
8,9,4,5,1,0,1,288,11,0x19
8,9,4,6,1,0,1,264,12,0x19
8,9,4,7,1,0,2,192,11,0x19
8,9,4,8,1,1,3,91,0,0x19
8,9,4,9,1,0,4,31,31,0x19
8,9,5,1,1,0,4,35,34,0x19
8,9,5,2,1,1,3,101,0,0x19
8,9,5,3,1,0,2,212,9,0x19
8,9,5,4,1,0,1,288,11,0x19
8,9,5,5,1,0,1,315,12,0x19
8,9,5,6,1,0,1,288,11,0x19
8,9,5,7,1,0,2,212,9,0x19
8,9,5,8,1,1,3,101,0,0x19
8,9,5,9,1,0,4,35,34,0x19
8,9,6,1,1,0,4,31,31,0x19
8,9,6,2,1,1,3,91,0,0x19
8,9,6,3,1,0,2,192,11,0x19
8,9,6,4,1,0,1,264,12,0x19
8,9,6,5,1,0,1,288,11,0x19
8,9,6,6,1,0,1,264,12,0x19
8,9,6,7,1,0,2,192,11,0x19
8,9,6,8,1,1,3,91,0,0x19
8,9,6,9,1,0,4,31,31,0x19
8,9,7,1,1,0,4,20,20,0x19
8,9,7,2,1,1,3,63,0,0x19
8,9,7,3,1,1,3,128,0,0x19
8,9,7,4,1,0,2,192,11,0x19
8,9,7,5,1,0,2,212,9,0x19
8,9,7,6,1,0,2,192,11,0x19
8,9,7,7,1,1,3,128,0,0x19
8,9,7,8,1,1,3,63,0,0x19
8,9,7,9,1,0,4,20,20,0x19
8,9,8,2,1,0,4,29,29,0x19
8,9,8,3,1,1,3,63,0,0x19
8,9,8,4,1,1,3,91,0,0x19
8,9,8,5,1,1,3,101,0,0x19
8,9,8,6,1,1,3,91,0,0x19
8,9,8,7,1,1,3,63,0,0x19
8,9,8,8,1,0,4,29,29,0x19
8,9,9,3,1,0,4,20,20,0x19
8,9,9,4,1,0,4,31,31,0x19
8,9,9,5,1,0,4,35,34,0x19
8,9,9,6,1,0,4,31,31,0x19
8,9,9,7,1,0,4,20,20,0x19
8,10,1,4,1,0,4,17,17,0x19
8,10,1,5,1,0,4,21,21,0x19
8,10,1,6,1,0,4,17,17,0x19
8,10,2,2,1,0,4,15,15,0x19
8,10,2,3,1,0,4,31,31,0x19
8,10,2,4,1,0,4,52,51,0x19
8,10,2,5,1,1,3,62,0,0x19
8,10,2,6,1,0,4,52,51,0x19
8,10,2,7,1,0,4,31,31,0x19
8,10,2,8,1,0,4,15,15,0x19
8,10,3,2,1,0,4,31,31,0x19
8,10,3,3,1,1,3,71,0,0x19
8,10,3,4,1,1,3,110,0,0x19
8,10,3,5,1,1,3,125,1,0x19
8,10,3,6,1,1,3,110,0,0x19
8,10,3,7,1,1,3,71,0,0x19
8,10,3,8,1,0,4,31,31,0x19
8,10,4,1,1,0,4,17,17,0x19
8,10,4,2,1,0,4,52,51,0x19
8,10,4,3,1,1,3,110,0,0x19
8,10,4,4,1,0,2,185,11,0x19
8,10,4,5,1,0,2,205,12,0x19
8,10,4,6,1,0,2,185,11,0x19
8,10,4,7,1,1,3,110,0,0x19
8,10,4,8,1,0,4,52,51,0x19
8,10,4,9,1,0,4,17,17,0x19
8,10,5,1,1,0,4,21,21,0x19
8,10,5,2,1,1,3,62,0,0x19
8,10,5,3,1,1,3,125,1,0x19
8,10,5,4,1,0,2,205,12,0x19
8,10,5,5,1,0,2,228,12,0x19
8,10,5,6,1,0,2,205,12,0x19
8,10,5,7,1,1,3,125,1,0x19
8,10,5,8,1,1,3,62,0,0x19
8,10,5,9,1,0,4,21,21,0x19
8,10,6,1,1,0,4,17,17,0x19
8,10,6,2,1,0,4,52,51,0x19
8,10,6,3,1,1,3,110,0,0x19
8,10,6,4,1,0,2,185,11,0x19
8,10,6,5,1,0,2,205,12,0x19
8,10,6,6,1,0,2,185,11,0x19
8,10,6,7,1,1,3,110,0,0x19
8,10,6,8,1,0,4,52,51,0x19
8,10,6,9,1,0,4,17,17,0x19
8,10,7,2,1,0,4,31,31,0x19
8,10,7,3,1,1,3,71,0,0x19
8,10,7,4,1,1,3,110,0,0x19
8,10,7,5,1,1,3,125,1,0x19
8,10,7,6,1,1,3,110,0,0x19
8,10,7,7,1,1,3,71,0,0x19
8,10,7,8,1,0,4,31,31,0x19
8,10,8,2,1,0,4,15,15,0x19
8,10,8,3,1,0,4,31,31,0x19
8,10,8,4,1,0,4,52,51,0x19
8,10,8,5,1,1,3,62,0,0x19
8,10,8,6,1,0,4,52,51,0x19
8,10,8,7,1,0,4,31,31,0x19
8,10,8,8,1,0,4,15,15,0x19
8,10,9,4,1,0,4,17,17,0x19
8,10,9,5,1,0,4,21,21,0x19
8,10,9,6,1,0,4,17,17,0x19
9,0,1,4,0,0,4,17,17,0x00
9,0,1,5,0,0,4,21,21,0x00
9,0,1,6,0,0,4,17,17,0x00
9,0,2,2,0,0,4,15,15,0x00
9,0,2,3,0,0,4,31,31,0x00
9,0,2,4,0,0,4,52,51,0x00
9,0,2,5,0,0,3,62,0,0x00
9,0,2,6,0,0,4,52,51,0x00
9,0,2,7,0,0,4,31,31,0x00
9,0,2,8,0,0,4,15,15,0x00
9,0,3,2,0,0,4,31,31,0x00
9,0,3,3,0,0,3,71,0,0x00
9,0,3,4,0,0,3,109,0,0x00
9,0,3,5,0,0,3,123,0,0x00
9,0,3,6,0,0,3,109,0,0x00
9,0,3,7,0,0,3,71,0,0x00
9,0,3,8,0,0,4,31,31,0x00
9,0,4,1,0,0,4,17,17,0x00
9,0,4,2,0,0,4,52,51,0x00
9,0,4,3,0,0,3,109,0,0x00
9,0,4,4,0,1,2,178,12,0x00
9,0,4,5,0,1,2,200,11,0x00
9,0,4,6,0,1,2,178,12,0x00
9,0,4,7,0,0,3,109,0,0x00
9,0,4,8,0,0,4,52,51,0x00
9,0,4,9,0,0,4,17,17,0x00
9,0,5,1,0,0,4,21,21,0x00
9,0,5,2,0,0,3,62,0,0x00
9,0,5,3,0,0,3,123,0,0x00
9,0,5,4,0,1,2,200,11,0x00
9,0,5,5,0,1,2,226,11,0x00
9,0,5,6,0,1,2,200,11,0x00
9,0,5,7,0,0,3,123,0,0x00
9,0,5,8,0,0,3,62,0,0x00
9,0,5,9,0,0,4,21,21,0x00
9,0,6,1,0,0,4,17,17,0x00
9,0,6,2,0,0,4,52,51,0x00
9,0,6,3,0,0,3,109,0,0x00
9,0,6,4,0,1,2,178,12,0x00
9,0,6,5,0,1,2,200,11,0x00
9,0,6,6,0,1,2,178,12,0x00
9,0,6,7,0,0,3,109,0,0x00
9,0,6,8,0,0,4,52,51,0x00
9,0,6,9,0,0,4,17,17,0x00
9,0,7,2,0,0,4,31,31,0x00
9,0,7,3,0,0,3,71,0,0x00
9,0,7,4,0,0,3,109,0,0x00
9,0,7,5,0,0,3,123,0,0x00
9,0,7,6,0,0,3,109,0,0x00
9,0,7,7,0,0,3,71,0,0x00
9,0,7,8,0,0,4,31,31,0x00
9,0,8,2,0,0,4,15,15,0x00
9,0,8,3,0,0,4,31,31,0x00
9,0,8,4,0,0,4,52,51,0x00
9,0,8,5,0,0,3,62,0,0x00
9,0,8,6,0,0,4,52,51,0x00
9,0,8,7,0,0,4,31,31,0x00
9,0,8,8,0,0,4,15,15,0x00
9,0,9,4,0,0,4,17,17,0x00
9,0,9,5,0,0,4,21,21,0x00
9,0,9,6,0,0,4,17,17,0x00
9,1,1,3,0,0,4,20,20,0x00
9,1,1,4,0,0,4,31,31,0x00
9,1,1,5,0,0,4,35,34,0x00
9,1,1,6,0,0,4,31,31,0x00
9,1,1,7,0,0,4,20,20,0x00
9,1,2,2,0,0,4,29,29,0x00
9,1,2,3,0,0,3,63,0,0x00
9,1,2,4,0,0,3,91,0,0x00
9,1,2,5,0,0,3,101,0,0x00
9,1,2,6,0,0,3,91,0,0x00
9,1,2,7,0,0,3,63,0,0x00
9,1,2,8,0,0,4,29,29,0x00
9,1,3,1,0,0,4,20,20,0x00
9,1,3,2,0,0,3,63,0,0x00
9,1,3,3,0,0,3,127,0,0x00
9,1,3,4,0,1,2,194,11,0x00
9,1,3,5,0,1,2,218,11,0x00
9,1,3,6,0,1,2,194,11,0x00
9,1,3,7,0,0,3,127,0,0x00
9,1,3,8,0,0,3,63,0,0x00
9,1,3,9,0,0,4,20,20,0x00
9,1,4,1,0,0,4,31,31,0x00
9,1,4,2,0,0,3,91,0,0x00
9,1,4,3,0,1,2,194,11,0x00
9,1,4,4,0,0,1,266,11,0x00
9,1,4,5,0,0,1,290,12,0x00
9,1,4,6,0,0,1,266,11,0x00
9,1,4,7,0,1,2,194,11,0x00
9,1,4,8,0,0,3,91,0,0x00
9,1,4,9,0,0,4,31,31,0x00
9,1,5,1,0,0,4,35,34,0x00
9,1,5,2,0,0,3,101,0,0x00
9,1,5,3,0,1,2,218,11,0x00
9,1,5,4,0,0,1,290,12,0x00
9,1,5,5,0,0,1,311,13,0x00
9,1,5,6,0,0,1,290,12,0x00
9,1,5,7,0,1,2,218,11,0x00
9,1,5,8,0,0,3,101,0,0x00
9,1,5,9,0,0,4,35,34,0x00
9,1,6,1,0,0,4,31,31,0x00
9,1,6,2,0,0,3,91,0,0x00
9,1,6,3,0,1,2,194,11,0x00
9,1,6,4,0,0,1,266,11,0x00
9,1,6,5,0,0,1,290,12,0x00
9,1,6,6,0,0,1,266,11,0x00
9,1,6,7,0,1,2,194,11,0x00
9,1,6,8,0,0,3,91,0,0x00
9,1,6,9,0,0,4,31,31,0x00
9,1,7,1,0,0,4,20,20,0x00
9,1,7,2,0,0,3,63,0,0x00
9,1,7,3,0,0,3,127,0,0x00
9,1,7,4,0,1,2,194,11,0x00
9,1,7,5,0,1,2,218,11,0x00
9,1,7,6,0,1,2,194,11,0x00
9,1,7,7,0,0,3,127,0,0x00
9,1,7,8,0,0,3,63,0,0x00
9,1,7,9,0,0,4,20,20,0x00
9,1,8,2,0,0,4,29,29,0x00
9,1,8,3,0,0,3,63,0,0x00
9,1,8,4,0,0,3,91,0,0x00
9,1,8,5,0,0,3,101,0,0x00
9,1,8,6,0,0,3,91,0,0x00
9,1,8,7,0,0,3,63,0,0x00
9,1,8,8,0,0,4,29,29,0x00
9,1,9,3,0,0,4,20,20,0x00
9,1,9,4,0,0,4,31,31,0x00
9,1,9,5,0,0,4,35,34,0x00
9,1,9,6,0,0,4,31,31,0x00
9,1,9,7,0,0,4,20,20,0x00
9,2,1,3,0,0,4,28,28,0x00
9,2,1,4,0,0,4,40,39,0x00
9,2,1,5,0,0,4,44,43,0x00
9,2,1,6,0,0,4,40,39,0x00
9,2,1,7,0,0,4,28,28,0x00
9,2,2,2,0,0,4,35,34,0x00
9,2,2,3,0,0,3,82,0,0x00
9,2,2,4,0,0,3,114,0,0x00
9,2,2,5,0,0,3,124,0,0x00
9,2,2,6,0,0,3,114,0,0x00
9,2,2,7,0,0,3,82,0,0x00
9,2,2,8,0,0,4,35,34,0x00
9,2,3,1,0,0,4,28,28,0x00
9,2,3,2,0,0,3,82,0,0x00
9,2,3,3,0,1,2,174,11,0x00
9,2,3,4,0,1,2,236,12,0x00
9,2,3,5,0,1,2,253,12,0x00
9,2,3,6,0,1,2,236,12,0x00
9,2,3,7,0,1,2,174,11,0x00
9,2,3,8,0,0,3,82,0,0x00
9,2,3,9,0,0,4,28,28,0x00
9,2,4,1,0,0,4,40,39,0x00
9,2,4,2,0,0,3,114,0,0x00
9,2,4,3,0,1,2,236,12,0x00
9,2,4,4,0,0,1,306,10,0x00
9,2,4,5,0,0,1,330,11,0x00
9,2,4,6,0,0,1,306,10,0x00
9,2,4,7,0,1,2,236,12,0x00
9,2,4,8,0,0,3,114,0,0x00
9,2,4,9,0,0,4,40,39,0x00
9,2,5,1,0,0,4,44,43,0x00
9,2,5,2,0,0,3,124,0,0x00
9,2,5,3,0,1,2,253,12,0x00
9,2,5,4,0,0,1,330,11,0x00
9,2,5,5,0,0,0,357,11,0x00
9,2,5,6,0,0,1,330,11,0x00
9,2,5,7,0,1,2,253,12,0x00
9,2,5,8,0,0,3,124,0,0x00
9,2,5,9,0,0,4,44,43,0x00
9,2,6,1,0,0,4,40,39,0x00
9,2,6,2,0,0,3,114,0,0x00
9,2,6,3,0,1,2,236,12,0x00
9,2,6,4,0,0,1,306,10,0x00
9,2,6,5,0,0,1,330,11,0x00
9,2,6,6,0,0,1,306,10,0x00
9,2,6,7,0,1,2,236,12,0x00
9,2,6,8,0,0,3,114,0,0x00
9,2,6,9,0,0,4,40,39,0x00
9,2,7,1,0,0,4,28,28,0x00
9,2,7,2,0,0,3,82,0,0x00
9,2,7,3,0,1,2,174,11,0x00
9,2,7,4,0,1,2,236,12,0x00
9,2,7,5,0,1,2,253,12,0x00
9,2,7,6,0,1,2,236,12,0x00
9,2,7,7,0,1,2,174,11,0x00
9,2,7,8,0,0,3,82,0,0x00
9,2,7,9,0,0,4,28,28,0x00
9,2,8,2,0,0,4,35,34,0x00
9,2,8,3,0,0,3,82,0,0x00
9,2,8,4,0,0,3,114,0,0x00
9,2,8,5,0,0,3,124,0,0x00
9,2,8,6,0,0,3,114,0,0x00
9,2,8,7,0,0,3,82,0,0x00
9,2,8,8,0,0,4,35,34,0x00
9,2,9,3,0,0,4,28,28,0x00
9,2,9,4,0,0,4,40,39,0x00
9,2,9,5,0,0,4,44,43,0x00
9,2,9,6,0,0,4,40,39,0x00
9,2,9,7,0,0,4,28,28,0x00
9,3,1,3,0,0,4,29,29,0x00
9,3,1,4,0,0,4,41,40,0x00
9,3,1,5,0,0,4,46,45,0x00
9,3,1,6,0,0,4,41,40,0x00
9,3,1,7,0,0,4,29,29,0x00
9,3,2,2,0,0,4,36,35,0x00
9,3,2,3,0,0,3,84,0,0x00
9,3,2,4,0,0,3,116,0,0x00
9,3,2,5,0,0,3,127,0,0x00
9,3,2,6,0,0,3,116,0,0x00
9,3,2,7,0,0,3,84,0,0x00
9,3,2,8,0,0,4,36,35,0x00
9,3,3,1,0,0,4,29,29,0x00
9,3,3,2,0,0,3,84,0,0x00
9,3,3,3,0,1,2,180,12,0x00
9,3,3,4,0,1,2,239,12,0x00
9,3,3,5,0,1,2,263,12,0x00
9,3,3,6,0,1,2,239,12,0x00
9,3,3,7,0,1,2,180,12,0x00
9,3,3,8,0,0,3,84,0,0x00
9,3,3,9,0,0,4,29,29,0x00
9,3,4,1,0,0,4,41,40,0x00
9,3,4,2,0,0,3,116,0,0x00
9,3,4,3,0,1,2,239,12,0x00
9,3,4,4,0,0,1,311,12,0x00
9,3,4,5,0,0,1,333,10,0x00
9,3,4,6,0,0,1,311,12,0x00
9,3,4,7,0,1,2,239,12,0x00
9,3,4,8,0,0,3,116,0,0x00
9,3,4,9,0,0,4,41,40,0x00
9,3,5,1,0,0,4,46,45,0x00
9,3,5,2,0,0,3,127,0,0x00
9,3,5,3,0,1,2,263,12,0x00
9,3,5,4,0,0,1,333,10,0x00
9,3,5,5,0,0,0,362,11,0x00
9,3,5,6,0,0,1,333,10,0x00
9,3,5,7,0,1,2,263,12,0x00
9,3,5,8,0,0,3,127,0,0x00
9,3,5,9,0,0,4,46,45,0x00
9,3,6,1,0,0,4,41,40,0x00
9,3,6,2,0,0,3,116,0,0x00
9,3,6,3,0,1,2,239,12,0x00
9,3,6,4,0,0,1,311,12,0x00
9,3,6,5,0,0,1,333,10,0x00
9,3,6,6,0,0,1,311,12,0x00
9,3,6,7,0,1,2,239,12,0x00
9,3,6,8,0,0,3,116,0,0x00
9,3,6,9,0,0,4,41,40,0x00
9,3,7,1,0,0,4,29,29,0x00
9,3,7,2,0,0,3,84,0,0x00
9,3,7,3,0,1,2,180,12,0x00
9,3,7,4,0,1,2,239,12,0x00
9,3,7,5,0,1,2,263,12,0x00
9,3,7,6,0,1,2,239,12,0x00
9,3,7,7,0,1,2,180,12,0x00
9,3,7,8,0,0,3,84,0,0x00
9,3,7,9,0,0,4,29,29,0x00
9,3,8,2,0,0,4,36,35,0x00
9,3,8,3,0,0,3,84,0,0x00
9,3,8,4,0,0,3,116,0,0x00
9,3,8,5,0,0,3,127,0,0x00
9,3,8,6,0,0,3,116,0,0x00
9,3,8,7,0,0,3,84,0,0x00
9,3,8,8,0,0,4,36,35,0x00
9,3,9,3,0,0,4,29,29,0x00
9,3,9,4,0,0,4,41,40,0x00
9,3,9,5,0,0,4,46,45,0x00
9,3,9,6,0,0,4,41,40,0x00
9,3,9,7,0,0,4,29,29,0x00
9,4,1,3,0,0,4,24,24,0x00
9,4,1,4,0,0,4,35,34,0x00
9,4,1,5,0,0,4,39,38,0x00
9,4,1,6,0,0,4,35,34,0x00
9,4,1,7,0,0,4,24,24,0x00
9,4,2,2,0,0,4,31,31,0x00
9,4,2,3,0,0,3,69,0,0x00
9,4,2,4,0,0,3,99,0,0x00
9,4,2,5,0,0,3,110,0,0x00
9,4,2,6,0,0,3,99,0,0x00
9,4,2,7,0,0,3,69,0,0x00
9,4,2,8,0,0,4,31,31,0x00
9,4,3,1,0,0,4,24,24,0x00
9,4,3,2,0,0,3,69,0,0x00
9,4,3,3,0,0,3,136,0,0x00
9,4,3,4,0,1,2,203,10,0x00
9,4,3,5,0,1,2,229,10,0x00
9,4,3,6,0,1,2,203,10,0x00
9,4,3,7,0,0,3,136,0,0x00
9,4,3,8,0,0,3,69,0,0x00
9,4,3,9,0,0,4,24,24,0x00
9,4,4,1,0,0,4,35,34,0x00
9,4,4,2,0,0,3,99,0,0x00
9,4,4,3,0,1,2,203,10,0x00
9,4,4,4,0,0,1,274,11,0x00
9,4,4,5,0,0,1,300,12,0x00
9,4,4,6,0,0,1,274,11,0x00
9,4,4,7,0,1,2,203,10,0x00
9,4,4,8,0,0,3,99,0,0x00
9,4,4,9,0,0,4,35,34,0x00
9,4,5,1,0,0,4,39,38,0x00
9,4,5,2,0,0,3,110,0,0x00
9,4,5,3,0,1,2,229,10,0x00
9,4,5,4,0,0,1,300,12,0x00
9,4,5,5,0,0,1,328,11,0x00
9,4,5,6,0,0,1,300,12,0x00
9,4,5,7,0,1,2,229,10,0x00
9,4,5,8,0,0,3,110,0,0x00
9,4,5,9,0,0,4,39,38,0x00
9,4,6,1,0,0,4,35,34,0x00
9,4,6,2,0,0,3,99,0,0x00
9,4,6,3,0,1,2,203,10,0x00
9,4,6,4,0,0,1,274,11,0x00
9,4,6,5,0,0,1,300,12,0x00
9,4,6,6,0,0,1,274,11,0x00
9,4,6,7,0,1,2,203,10,0x00
9,4,6,8,0,0,3,99,0,0x00
9,4,6,9,0,0,4,35,34,0x00
9,4,7,1,0,0,4,24,24,0x00
9,4,7,2,0,0,3,69,0,0x00
9,4,7,3,0,0,3,136,0,0x00
9,4,7,4,0,1,2,203,10,0x00
9,4,7,5,0,1,2,229,10,0x00
9,4,7,6,0,1,2,203,10,0x00
9,4,7,7,0,0,3,136,0,0x00
9,4,7,8,0,0,3,69,0,0x00
9,4,7,9,0,0,4,24,24,0x00
9,4,8,2,0,0,4,31,31,0x00
9,4,8,3,0,0,3,69,0,0x00
9,4,8,4,0,0,3,99,0,0x00
9,4,8,5,0,0,3,110,0,0x00
9,4,8,6,0,0,3,99,0,0x00
9,4,8,7,0,0,3,69,0,0x00
9,4,8,8,0,0,4,31,31,0x00
9,4,9,3,0,0,4,24,24,0x00
9,4,9,4,0,0,4,35,34,0x00
9,4,9,5,0,0,4,39,38,0x00
9,4,9,6,0,0,4,35,34,0x00
9,4,9,7,0,0,4,24,24,0x00
9,5,1,3,0,0,4,15,15,0x00
9,5,1,4,0,0,4,23,23,0x00
9,5,1,5,0,0,4,26,26,0x00
9,5,1,6,0,0,4,23,23,0x00
9,5,1,7,0,0,4,15,15,0x00
9,5,2,2,0,0,4,19,19,0x00
9,5,2,3,0,0,4,43,42,0x00
9,5,2,4,0,0,3,66,0,0x00
9,5,2,5,0,0,3,76,0,0x00
9,5,2,6,0,0,3,66,0,0x00
9,5,2,7,0,0,4,43,42,0x00
9,5,2,8,0,0,4,19,19,0x00
9,5,3,1,0,0,4,15,15,0x00
9,5,3,2,0,0,4,43,42,0x00
9,5,3,3,0,0,3,86,0,0x00
9,5,3,4,0,0,3,132,1,0x00
9,5,3,5,0,1,2,167,12,0x00
9,5,3,6,0,0,3,132,1,0x00
9,5,3,7,0,0,3,86,0,0x00
9,5,3,8,0,0,4,43,42,0x00
9,5,3,9,0,0,4,15,15,0x00
9,5,4,1,0,0,4,23,23,0x00
9,5,4,2,0,0,3,66,0,0x00
9,5,4,3,0,0,3,132,1,0x00
9,5,4,4,0,1,2,199,12,0x00
9,5,4,5,0,1,2,227,12,0x00
9,5,4,6,0,1,2,199,12,0x00
9,5,4,7,0,0,3,132,1,0x00
9,5,4,8,0,0,3,66,0,0x00
9,5,4,9,0,0,4,23,23,0x00
9,5,5,1,0,0,4,26,26,0x00
9,5,5,2,0,0,3,76,0,0x00
9,5,5,3,0,1,2,167,12,0x00
9,5,5,4,0,1,2,227,12,0x00
9,5,5,5,0,1,2,247,11,0x00
9,5,5,6,0,1,2,227,12,0x00
9,5,5,7,0,1,2,167,12,0x00
9,5,5,8,0,0,3,76,0,0x00
9,5,5,9,0,0,4,26,26,0x00
9,5,6,1,0,0,4,23,23,0x00
9,5,6,2,0,0,3,66,0,0x00
9,5,6,3,0,0,3,132,1,0x00
9,5,6,4,0,1,2,199,12,0x00
9,5,6,5,0,1,2,227,12,0x00
9,5,6,6,0,1,2,199,12,0x00
9,5,6,7,0,0,3,132,1,0x00
9,5,6,8,0,0,3,66,0,0x00
9,5,6,9,0,0,4,23,23,0x00
9,5,7,1,0,0,4,15,15,0x00
9,5,7,2,0,0,4,43,42,0x00
9,5,7,3,0,0,3,86,0,0x00
9,5,7,4,0,0,3,132,1,0x00
9,5,7,5,0,1,2,167,12,0x00
9,5,7,6,0,0,3,132,1,0x00
9,5,7,7,0,0,3,86,0,0x00
9,5,7,8,0,0,4,43,42,0x00
9,5,7,9,0,0,4,15,15,0x00
9,5,8,2,0,0,4,19,19,0x00
9,5,8,3,0,0,4,43,42,0x00
9,5,8,4,0,0,3,66,0,0x00
9,5,8,5,0,0,3,76,0,0x00
9,5,8,6,0,0,3,66,0,0x00
9,5,8,7,0,0,4,43,42,0x00
9,5,8,8,0,0,4,19,19,0x00
9,5,9,3,0,0,4,15,15,0x00
9,5,9,4,0,0,4,23,23,0x00
9,5,9,5,0,0,4,26,26,0x00
9,5,9,6,0,0,4,23,23,0x00
9,5,9,7,0,0,4,15,15,0x00
9,6,2,3,0,0,4,19,19,0x00
9,6,2,4,0,0,4,30,30,0x00
9,6,2,5,0,0,4,32,31,0x00
9,6,2,6,0,0,4,30,30,0x00
9,6,2,7,0,0,4,19,19,0x00
9,6,3,2,0,0,4,19,19,0x00
9,6,3,3,0,0,4,42,41,0x00
9,6,3,4,0,0,3,65,0,0x00
9,6,3,5,0,0,3,74,0,0x00
9,6,3,6,0,0,3,65,0,0x00
9,6,3,7,0,0,4,42,41,0x00
9,6,3,8,0,0,4,19,19,0x00
9,6,4,2,0,0,4,30,30,0x00
9,6,4,3,0,0,3,65,0,0x00
9,6,4,4,0,0,3,94,0,0x00
9,6,4,5,0,0,3,105,0,0x00
9,6,4,6,0,0,3,94,0,0x00
9,6,4,7,0,0,3,65,0,0x00
9,6,4,8,0,0,4,30,30,0x00
9,6,5,2,0,0,4,32,31,0x00
9,6,5,3,0,0,3,74,0,0x00
9,6,5,4,0,0,3,105,0,0x00
9,6,5,5,0,0,3,116,0,0x00
9,6,5,6,0,0,3,105,0,0x00
9,6,5,7,0,0,3,74,0,0x00
9,6,5,8,0,0,4,32,31,0x00
9,6,6,2,0,0,4,30,30,0x00
9,6,6,3,0,0,3,65,0,0x00
9,6,6,4,0,0,3,94,0,0x00
9,6,6,5,0,0,3,105,0,0x00
9,6,6,6,0,0,3,94,0,0x00
9,6,6,7,0,0,3,65,0,0x00
9,6,6,8,0,0,4,30,30,0x00
9,6,7,2,0,0,4,19,19,0x00
9,6,7,3,0,0,4,42,41,0x00
9,6,7,4,0,0,3,65,0,0x00
9,6,7,5,0,0,3,74,0,0x00
9,6,7,6,0,0,3,65,0,0x00
9,6,7,7,0,0,4,42,41,0x00
9,6,7,8,0,0,4,19,19,0x00
9,6,8,3,0,0,4,19,19,0x00
9,6,8,4,0,0,4,30,30,0x00
9,6,8,5,0,0,4,32,31,0x00
9,6,8,6,0,0,4,30,30,0x00
9,6,8,7,0,0,4,19,19,0x00
9,7,3,3,0,0,4,14,14,0x00
9,7,3,4,0,0,4,23,23,0x00
9,7,3,5,0,0,4,26,26,0x00
9,7,3,6,0,0,4,23,23,0x00
9,7,3,7,0,0,4,14,14,0x00
9,7,4,3,0,0,4,23,23,0x00
9,7,4,4,0,0,4,33,32,0x00
9,7,4,5,0,0,4,37,36,0x00
9,7,4,6,0,0,4,33,32,0x00
9,7,4,7,0,0,4,23,23,0x00
9,7,5,3,0,0,4,26,26,0x00
9,7,5,4,0,0,4,37,36,0x00
9,7,5,5,0,0,4,41,40,0x00
9,7,5,6,0,0,4,37,36,0x00
9,7,5,7,0,0,4,26,26,0x00
9,7,6,3,0,0,4,23,23,0x00
9,7,6,4,0,0,4,33,32,0x00
9,7,6,5,0,0,4,37,36,0x00
9,7,6,6,0,0,4,33,32,0x00
9,7,6,7,0,0,4,23,23,0x00
9,7,7,3,0,0,4,14,14,0x00
9,7,7,4,0,0,4,23,23,0x00
9,7,7,5,0,0,4,26,26,0x00
9,7,7,6,0,0,4,23,23,0x00
9,7,7,7,0,0,4,14,14,0x00
9,9,4,4,0,0,4,21,21,0x00
9,9,4,5,0,0,4,26,26,0x00
9,9,4,6,0,0,4,21,21,0x00
9,9,5,4,0,0,4,26,26,0x00
9,9,5,5,0,0,4,31,31,0x00
9,9,5,6,0,0,4,26,26,0x00
9,9,6,4,0,0,4,21,21,0x00
9,9,6,5,0,0,4,26,26,0x00
9,9,6,6,0,0,4,21,21,0x00
9,10,2,4,0,0,4,20,20,0x00
9,10,2,5,0,0,4,25,25,0x00
9,10,2,6,0,0,4,20,20,0x00
9,10,3,3,0,0,4,26,26,0x00
9,10,3,4,0,0,4,44,43,0x00
9,10,3,5,0,0,4,51,50,0x00
9,10,3,6,0,0,4,44,43,0x00
9,10,3,7,0,0,4,26,26,0x00
9,10,4,2,0,0,4,20,20,0x00
9,10,4,3,0,0,4,44,43,0x00
9,10,4,4,0,0,3,76,0,0x00
9,10,4,5,0,0,3,87,0,0x00
9,10,4,6,0,0,3,76,0,0x00
9,10,4,7,0,0,4,44,43,0x00
9,10,4,8,0,0,4,20,20,0x00
9,10,5,2,0,0,4,25,25,0x00
9,10,5,3,0,0,4,51,50,0x00
9,10,5,4,0,0,3,87,0,0x00
9,10,5,5,0,0,3,98,0,0x00
9,10,5,6,0,0,3,87,0,0x00
9,10,5,7,0,0,4,51,50,0x00
9,10,5,8,0,0,4,25,25,0x00
9,10,6,2,0,0,4,20,20,0x00
9,10,6,3,0,0,4,44,43,0x00
9,10,6,4,0,0,3,76,0,0x00
9,10,6,5,0,0,3,87,0,0x00
9,10,6,6,0,0,3,76,0,0x00
9,10,6,7,0,0,4,44,43,0x00
9,10,6,8,0,0,4,20,20,0x00
9,10,7,3,0,0,4,26,26,0x00
9,10,7,4,0,0,4,44,43,0x00
9,10,7,5,0,0,4,51,50,0x00
9,10,7,6,0,0,4,44,43,0x00
9,10,7,7,0,0,4,26,26,0x00
9,10,8,4,0,0,4,20,20,0x00
9,10,8,5,0,0,4,25,25,0x00
9,10,8,6,0,0,4,20,20,0x00
9,0,2,4,1,0,4,20,20,0x19
9,0,2,5,1,0,4,25,25,0x19
9,0,2,6,1,0,4,20,20,0x19
9,0,3,3,1,0,4,26,26,0x19
9,0,3,4,1,0,4,44,43,0x19
9,0,3,5,1,0,4,51,50,0x19
9,0,3,6,1,0,4,44,43,0x19
9,0,3,7,1,0,4,26,26,0x19
9,0,4,2,1,0,4,20,20,0x19
9,0,4,3,1,0,4,44,43,0x19
9,0,4,4,1,0,3,76,0,0x19
9,0,4,5,1,0,3,87,0,0x19
9,0,4,6,1,0,3,76,0,0x19
9,0,4,7,1,0,4,44,43,0x19
9,0,4,8,1,0,4,20,20,0x19
9,0,5,2,1,0,4,25,25,0x19
9,0,5,3,1,0,4,51,50,0x19
9,0,5,4,1,0,3,87,0,0x19
9,0,5,5,1,0,3,98,0,0x19
9,0,5,6,1,0,3,87,0,0x19
9,0,5,7,1,0,4,51,50,0x19
9,0,5,8,1,0,4,25,25,0x19
9,0,6,2,1,0,4,20,20,0x19
9,0,6,3,1,0,4,44,43,0x19
9,0,6,4,1,0,3,76,0,0x19
9,0,6,5,1,0,3,87,0,0x19
9,0,6,6,1,0,3,76,0,0x19
9,0,6,7,1,0,4,44,43,0x19
9,0,6,8,1,0,4,20,20,0x19
9,0,7,3,1,0,4,26,26,0x19
9,0,7,4,1,0,4,44,43,0x19
9,0,7,5,1,0,4,51,50,0x19
9,0,7,6,1,0,4,44,43,0x19
9,0,7,7,1,0,4,26,26,0x19
9,0,8,4,1,0,4,20,20,0x19
9,0,8,5,1,0,4,25,25,0x19
9,0,8,6,1,0,4,20,20,0x19
9,1,4,4,1,0,4,21,21,0x19
9,1,4,5,1,0,4,26,26,0x19
9,1,4,6,1,0,4,21,21,0x19
9,1,5,4,1,0,4,26,26,0x19
9,1,5,5,1,0,4,31,31,0x19
9,1,5,6,1,0,4,26,26,0x19
9,1,6,4,1,0,4,21,21,0x19
9,1,6,5,1,0,4,26,26,0x19
9,1,6,6,1,0,4,21,21,0x19
9,3,3,3,1,0,4,14,14,0x19
9,3,3,4,1,0,4,23,23,0x19
9,3,3,5,1,0,4,26,26,0x19
9,3,3,6,1,0,4,23,23,0x19
9,3,3,7,1,0,4,14,14,0x19
9,3,4,3,1,0,4,23,23,0x19
9,3,4,4,1,0,4,33,32,0x19
9,3,4,5,1,0,4,37,36,0x19
9,3,4,6,1,0,4,33,32,0x19
9,3,4,7,1,0,4,23,23,0x19
9,3,5,3,1,0,4,26,26,0x19
9,3,5,4,1,0,4,37,36,0x19
9,3,5,5,1,0,4,41,40,0x19
9,3,5,6,1,0,4,37,36,0x19
9,3,5,7,1,0,4,26,26,0x19
9,3,6,3,1,0,4,23,23,0x19
9,3,6,4,1,0,4,33,32,0x19
9,3,6,5,1,0,4,37,36,0x19
9,3,6,6,1,0,4,33,32,0x19
9,3,6,7,1,0,4,23,23,0x19
9,3,7,3,1,0,4,14,14,0x19
9,3,7,4,1,0,4,23,23,0x19
9,3,7,5,1,0,4,26,26,0x19
9,3,7,6,1,0,4,23,23,0x19
9,3,7,7,1,0,4,14,14,0x19
9,4,2,3,1,0,4,19,19,0x19
9,4,2,4,1,0,4,30,30,0x19
9,4,2,5,1,0,4,32,31,0x19
9,4,2,6,1,0,4,30,30,0x19
9,4,2,7,1,0,4,19,19,0x19
9,4,3,2,1,0,4,19,19,0x19
9,4,3,3,1,0,4,42,41,0x19
9,4,3,4,1,0,3,65,0,0x19
9,4,3,5,1,0,3,74,0,0x19
9,4,3,6,1,0,3,65,0,0x19
9,4,3,7,1,0,4,42,41,0x19
9,4,3,8,1,0,4,19,19,0x19
9,4,4,2,1,0,4,30,30,0x19
9,4,4,3,1,0,3,65,0,0x19
9,4,4,4,1,0,3,94,0,0x19
9,4,4,5,1,0,3,105,0,0x19
9,4,4,6,1,0,3,94,0,0x19
9,4,4,7,1,0,3,65,0,0x19
9,4,4,8,1,0,4,30,30,0x19
9,4,5,2,1,0,4,32,31,0x19
9,4,5,3,1,0,3,74,0,0x19
9,4,5,4,1,0,3,105,0,0x19
9,4,5,5,1,0,3,116,0,0x19
9,4,5,6,1,0,3,105,0,0x19
9,4,5,7,1,0,3,74,0,0x19
9,4,5,8,1,0,4,32,31,0x19
9,4,6,2,1,0,4,30,30,0x19
9,4,6,3,1,0,3,65,0,0x19
9,4,6,4,1,0,3,94,0,0x19
9,4,6,5,1,0,3,105,0,0x19
9,4,6,6,1,0,3,94,0,0x19
9,4,6,7,1,0,3,65,0,0x19
9,4,6,8,1,0,4,30,30,0x19
9,4,7,2,1,0,4,19,19,0x19
9,4,7,3,1,0,4,42,41,0x19
9,4,7,4,1,0,3,65,0,0x19
9,4,7,5,1,0,3,74,0,0x19
9,4,7,6,1,0,3,65,0,0x19
9,4,7,7,1,0,4,42,41,0x19
9,4,7,8,1,0,4,19,19,0x19
9,4,8,3,1,0,4,19,19,0x19
9,4,8,4,1,0,4,30,30,0x19
9,4,8,5,1,0,4,32,31,0x19
9,4,8,6,1,0,4,30,30,0x19
9,4,8,7,1,0,4,19,19,0x19
9,5,1,3,1,0,4,15,15,0x19
9,5,1,4,1,0,4,23,23,0x19
9,5,1,5,1,0,4,26,26,0x19
9,5,1,6,1,0,4,23,23,0x19
9,5,1,7,1,0,4,15,15,0x19
9,5,2,2,1,0,4,19,19,0x19
9,5,2,3,1,0,4,43,42,0x19
9,5,2,4,1,0,3,66,0,0x19
9,5,2,5,1,0,3,76,0,0x19
9,5,2,6,1,0,3,66,0,0x19
9,5,2,7,1,0,4,43,42,0x19
9,5,2,8,1,0,4,19,19,0x19
9,5,3,1,1,0,4,15,15,0x19
9,5,3,2,1,0,4,43,42,0x19
9,5,3,3,1,0,3,86,0,0x19
9,5,3,4,1,0,3,132,1,0x19
9,5,3,5,1,1,2,167,12,0x19
9,5,3,6,1,0,3,132,1,0x19
9,5,3,7,1,0,3,86,0,0x19
9,5,3,8,1,0,4,43,42,0x19
9,5,3,9,1,0,4,15,15,0x19
9,5,4,1,1,0,4,23,23,0x19
9,5,4,2,1,0,3,66,0,0x19
9,5,4,3,1,0,3,132,1,0x19
9,5,4,4,1,1,2,199,12,0x19
9,5,4,5,1,1,2,227,12,0x19
9,5,4,6,1,1,2,199,12,0x19
9,5,4,7,1,0,3,132,1,0x19
9,5,4,8,1,0,3,66,0,0x19
9,5,4,9,1,0,4,23,23,0x19
9,5,5,1,1,0,4,26,26,0x19
9,5,5,2,1,0,3,76,0,0x19
9,5,5,3,1,1,2,167,12,0x19
9,5,5,4,1,1,2,227,12,0x19
9,5,5,5,1,1,2,247,11,0x19
9,5,5,6,1,1,2,227,12,0x19
9,5,5,7,1,1,2,167,12,0x19
9,5,5,8,1,0,3,76,0,0x19
9,5,5,9,1,0,4,26,26,0x19
9,5,6,1,1,0,4,23,23,0x19
9,5,6,2,1,0,3,66,0,0x19
9,5,6,3,1,0,3,132,1,0x19
9,5,6,4,1,1,2,199,12,0x19
9,5,6,5,1,1,2,227,12,0x19
9,5,6,6,1,1,2,199,12,0x19
9,5,6,7,1,0,3,132,1,0x19
9,5,6,8,1,0,3,66,0,0x19
9,5,6,9,1,0,4,23,23,0x19
9,5,7,1,1,0,4,15,15,0x19
9,5,7,2,1,0,4,43,42,0x19
9,5,7,3,1,0,3,86,0,0x19
9,5,7,4,1,0,3,132,1,0x19
9,5,7,5,1,1,2,167,12,0x19
9,5,7,6,1,0,3,132,1,0x19
9,5,7,7,1,0,3,86,0,0x19
9,5,7,8,1,0,4,43,42,0x19
9,5,7,9,1,0,4,15,15,0x19
9,5,8,2,1,0,4,19,19,0x19
9,5,8,3,1,0,4,43,42,0x19
9,5,8,4,1,0,3,66,0,0x19
9,5,8,5,1,0,3,76,0,0x19
9,5,8,6,1,0,3,66,0,0x19
9,5,8,7,1,0,4,43,42,0x19
9,5,8,8,1,0,4,19,19,0x19
9,5,9,3,1,0,4,15,15,0x19
9,5,9,4,1,0,4,23,23,0x19
9,5,9,5,1,0,4,26,26,0x19
9,5,9,6,1,0,4,23,23,0x19
9,5,9,7,1,0,4,15,15,0x19
9,6,1,3,1,0,4,24,24,0x19
9,6,1,4,1,0,4,35,34,0x19
9,6,1,5,1,0,4,39,38,0x19
9,6,1,6,1,0,4,35,34,0x19
9,6,1,7,1,0,4,24,24,0x19
9,6,2,2,1,0,4,31,31,0x19
9,6,2,3,1,0,3,69,0,0x19
9,6,2,4,1,0,3,99,0,0x19
9,6,2,5,1,0,3,110,0,0x19
9,6,2,6,1,0,3,99,0,0x19
9,6,2,7,1,0,3,69,0,0x19
9,6,2,8,1,0,4,31,31,0x19
9,6,3,1,1,0,4,24,24,0x19
9,6,3,2,1,0,3,69,0,0x19
9,6,3,3,1,0,3,136,0,0x19
9,6,3,4,1,1,2,203,10,0x19
9,6,3,5,1,1,2,229,10,0x19
9,6,3,6,1,1,2,203,10,0x19
9,6,3,7,1,0,3,136,0,0x19
9,6,3,8,1,0,3,69,0,0x19
9,6,3,9,1,0,4,24,24,0x19
9,6,4,1,1,0,4,35,34,0x19
9,6,4,2,1,0,3,99,0,0x19
9,6,4,3,1,1,2,203,10,0x19
9,6,4,4,1,0,1,274,11,0x19
9,6,4,5,1,0,1,300,12,0x19
9,6,4,6,1,0,1,274,11,0x19
9,6,4,7,1,1,2,203,10,0x19
9,6,4,8,1,0,3,99,0,0x19
9,6,4,9,1,0,4,35,34,0x19
9,6,5,1,1,0,4,39,38,0x19
9,6,5,2,1,0,3,110,0,0x19
9,6,5,3,1,1,2,229,10,0x19
9,6,5,4,1,0,1,300,12,0x19
9,6,5,5,1,0,1,328,11,0x19
9,6,5,6,1,0,1,300,12,0x19
9,6,5,7,1,1,2,229,10,0x19
9,6,5,8,1,0,3,110,0,0x19
9,6,5,9,1,0,4,39,38,0x19
9,6,6,1,1,0,4,35,34,0x19
9,6,6,2,1,0,3,99,0,0x19
9,6,6,3,1,1,2,203,10,0x19
9,6,6,4,1,0,1,274,11,0x19
9,6,6,5,1,0,1,300,12,0x19
9,6,6,6,1,0,1,274,11,0x19
9,6,6,7,1,1,2,203,10,0x19
9,6,6,8,1,0,3,99,0,0x19
9,6,6,9,1,0,4,35,34,0x19
9,6,7,1,1,0,4,24,24,0x19
9,6,7,2,1,0,3,69,0,0x19
9,6,7,3,1,0,3,136,0,0x19
9,6,7,4,1,1,2,203,10,0x19
9,6,7,5,1,1,2,229,10,0x19
9,6,7,6,1,1,2,203,10,0x19
9,6,7,7,1,0,3,136,0,0x19
9,6,7,8,1,0,3,69,0,0x19
9,6,7,9,1,0,4,24,24,0x19
9,6,8,2,1,0,4,31,31,0x19
9,6,8,3,1,0,3,69,0,0x19
9,6,8,4,1,0,3,99,0,0x19
9,6,8,5,1,0,3,110,0,0x19
9,6,8,6,1,0,3,99,0,0x19
9,6,8,7,1,0,3,69,0,0x19
9,6,8,8,1,0,4,31,31,0x19
9,6,9,3,1,0,4,24,24,0x19
9,6,9,4,1,0,4,35,34,0x19
9,6,9,5,1,0,4,39,38,0x19
9,6,9,6,1,0,4,35,34,0x19
9,6,9,7,1,0,4,24,24,0x19
9,7,1,3,1,0,4,29,29,0x19
9,7,1,4,1,0,4,41,40,0x19
9,7,1,5,1,0,4,46,45,0x19
9,7,1,6,1,0,4,41,40,0x19
9,7,1,7,1,0,4,29,29,0x19
9,7,2,2,1,0,4,36,35,0x19
9,7,2,3,1,0,3,84,0,0x19
9,7,2,4,1,0,3,116,0,0x19
9,7,2,5,1,0,3,127,0,0x19
9,7,2,6,1,0,3,116,0,0x19
9,7,2,7,1,0,3,84,0,0x19
9,7,2,8,1,0,4,36,35,0x19
9,7,3,1,1,0,4,29,29,0x19
9,7,3,2,1,0,3,84,0,0x19
9,7,3,3,1,1,2,180,12,0x19
9,7,3,4,1,1,2,239,12,0x19
9,7,3,5,1,1,2,263,12,0x19
9,7,3,6,1,1,2,239,12,0x19
9,7,3,7,1,1,2,180,12,0x19
9,7,3,8,1,0,3,84,0,0x19
9,7,3,9,1,0,4,29,29,0x19
9,7,4,1,1,0,4,41,40,0x19
9,7,4,2,1,0,3,116,0,0x19
9,7,4,3,1,1,2,239,12,0x19
9,7,4,4,1,0,1,311,12,0x19
9,7,4,5,1,0,1,333,10,0x19
9,7,4,6,1,0,1,311,12,0x19
9,7,4,7,1,1,2,239,12,0x19
9,7,4,8,1,0,3,116,0,0x19
9,7,4,9,1,0,4,41,40,0x19
9,7,5,1,1,0,4,46,45,0x19
9,7,5,2,1,0,3,127,0,0x19
9,7,5,3,1,1,2,263,12,0x19
9,7,5,4,1,0,1,333,10,0x19
9,7,5,5,1,0,0,362,11,0x19
9,7,5,6,1,0,1,333,10,0x19
9,7,5,7,1,1,2,263,12,0x19
9,7,5,8,1,0,3,127,0,0x19
9,7,5,9,1,0,4,46,45,0x19
9,7,6,1,1,0,4,41,40,0x19
9,7,6,2,1,0,3,116,0,0x19
9,7,6,3,1,1,2,239,12,0x19
9,7,6,4,1,0,1,311,12,0x19
9,7,6,5,1,0,1,333,10,0x19
9,7,6,6,1,0,1,311,12,0x19
9,7,6,7,1,1,2,239,12,0x19
9,7,6,8,1,0,3,116,0,0x19
9,7,6,9,1,0,4,41,40,0x19
9,7,7,1,1,0,4,29,29,0x19
9,7,7,2,1,0,3,84,0,0x19
9,7,7,3,1,1,2,180,12,0x19
9,7,7,4,1,1,2,239,12,0x19
9,7,7,5,1,1,2,263,12,0x19
9,7,7,6,1,1,2,239,12,0x19
9,7,7,7,1,1,2,180,12,0x19
9,7,7,8,1,0,3,84,0,0x19
9,7,7,9,1,0,4,29,29,0x19
9,7,8,2,1,0,4,36,35,0x19
9,7,8,3,1,0,3,84,0,0x19
9,7,8,4,1,0,3,116,0,0x19
9,7,8,5,1,0,3,127,0,0x19
9,7,8,6,1,0,3,116,0,0x19
9,7,8,7,1,0,3,84,0,0x19
9,7,8,8,1,0,4,36,35,0x19
9,7,9,3,1,0,4,29,29,0x19
9,7,9,4,1,0,4,41,40,0x19
9,7,9,5,1,0,4,46,45,0x19
9,7,9,6,1,0,4,41,40,0x19
9,7,9,7,1,0,4,29,29,0x19
9,8,1,3,1,0,4,28,28,0x19
9,8,1,4,1,0,4,40,39,0x19
9,8,1,5,1,0,4,44,43,0x19
9,8,1,6,1,0,4,40,39,0x19
9,8,1,7,1,0,4,28,28,0x19
9,8,2,2,1,0,4,35,34,0x19
9,8,2,3,1,0,3,82,0,0x19
9,8,2,4,1,0,3,114,0,0x19
9,8,2,5,1,0,3,124,0,0x19
9,8,2,6,1,0,3,114,0,0x19
9,8,2,7,1,0,3,82,0,0x19
9,8,2,8,1,0,4,35,34,0x19
9,8,3,1,1,0,4,28,28,0x19
9,8,3,2,1,0,3,82,0,0x19
9,8,3,3,1,1,2,174,11,0x19
9,8,3,4,1,1,2,236,12,0x19
9,8,3,5,1,1,2,253,12,0x19
9,8,3,6,1,1,2,236,12,0x19
9,8,3,7,1,1,2,174,11,0x19
9,8,3,8,1,0,3,82,0,0x19
9,8,3,9,1,0,4,28,28,0x19
9,8,4,1,1,0,4,40,39,0x19
9,8,4,2,1,0,3,114,0,0x19
9,8,4,3,1,1,2,236,12,0x19
9,8,4,4,1,0,1,306,10,0x19
9,8,4,5,1,0,1,330,11,0x19
9,8,4,6,1,0,1,306,10,0x19
9,8,4,7,1,1,2,236,12,0x19
9,8,4,8,1,0,3,114,0,0x19
9,8,4,9,1,0,4,40,39,0x19
9,8,5,1,1,0,4,44,43,0x19
9,8,5,2,1,0,3,124,0,0x19
9,8,5,3,1,1,2,253,12,0x19
9,8,5,4,1,0,1,330,11,0x19
9,8,5,5,1,0,0,357,11,0x3F
9,8,5,6,1,0,1,330,11,0x19
9,8,5,7,1,1,2,253,12,0x19
9,8,5,8,1,0,3,124,0,0x19
9,8,5,9,1,0,4,44,43,0x19
9,8,6,1,1,0,4,40,39,0x19
9,8,6,2,1,0,3,114,0,0x19
9,8,6,3,1,1,2,236,12,0x19
9,8,6,4,1,0,1,306,10,0x19
9,8,6,5,1,0,1,330,11,0x19
9,8,6,6,1,0,1,306,10,0x19
9,8,6,7,1,1,2,236,12,0x19
9,8,6,8,1,0,3,114,0,0x19
9,8,6,9,1,0,4,40,39,0x19
9,8,7,1,1,0,4,28,28,0x19
9,8,7,2,1,0,3,82,0,0x19
9,8,7,3,1,1,2,174,11,0x19
9,8,7,4,1,1,2,236,12,0x19
9,8,7,5,1,1,2,253,12,0x19
9,8,7,6,1,1,2,236,12,0x19
9,8,7,7,1,1,2,174,11,0x19
9,8,7,8,1,0,3,82,0,0x19
9,8,7,9,1,0,4,28,28,0x19
9,8,8,2,1,0,4,35,34,0x19
9,8,8,3,1,0,3,82,0,0x19
9,8,8,4,1,0,3,114,0,0x19
9,8,8,5,1,0,3,124,0,0x19
9,8,8,6,1,0,3,114,0,0x19
9,8,8,7,1,0,3,82,0,0x19
9,8,8,8,1,0,4,35,34,0x19
9,8,9,3,1,0,4,28,28,0x19
9,8,9,4,1,0,4,40,39,0x19
9,8,9,5,1,0,4,44,43,0x19
9,8,9,6,1,0,4,40,39,0x19
9,8,9,7,1,0,4,28,28,0x19
9,9,1,3,1,0,4,20,20,0x19
9,9,1,4,1,0,4,31,31,0x19
9,9,1,5,1,0,4,35,34,0x19
9,9,1,6,1,0,4,31,31,0x19
9,9,1,7,1,0,4,20,20,0x19
9,9,2,2,1,0,4,29,29,0x19
9,9,2,3,1,0,3,63,0,0x19
9,9,2,4,1,0,3,91,0,0x19
9,9,2,5,1,0,3,101,0,0x19
9,9,2,6,1,0,3,91,0,0x19
9,9,2,7,1,0,3,63,0,0x19
9,9,2,8,1,0,4,29,29,0x19
9,9,3,1,1,0,4,20,20,0x19
9,9,3,2,1,0,3,63,0,0x19
9,9,3,3,1,0,3,127,0,0x19
9,9,3,4,1,1,2,194,11,0x19
9,9,3,5,1,1,2,218,11,0x19
9,9,3,6,1,1,2,194,11,0x19
9,9,3,7,1,0,3,127,0,0x19
9,9,3,8,1,0,3,63,0,0x19
9,9,3,9,1,0,4,20,20,0x19
9,9,4,1,1,0,4,31,31,0x19
9,9,4,2,1,0,3,91,0,0x19
9,9,4,3,1,1,2,194,11,0x19
9,9,4,4,1,0,1,266,11,0x19
9,9,4,5,1,0,1,290,12,0x19
9,9,4,6,1,0,1,266,11,0x19
9,9,4,7,1,1,2,194,11,0x19
9,9,4,8,1,0,3,91,0,0x19
9,9,4,9,1,0,4,31,31,0x19
9,9,5,1,1,0,4,35,34,0x19
9,9,5,2,1,0,3,101,0,0x19
9,9,5,3,1,1,2,218,11,0x19
9,9,5,4,1,0,1,290,12,0x19
9,9,5,5,1,0,1,311,13,0x19
9,9,5,6,1,0,1,290,12,0x19
9,9,5,7,1,1,2,218,11,0x19
9,9,5,8,1,0,3,101,0,0x19
9,9,5,9,1,0,4,35,34,0x19
9,9,6,1,1,0,4,31,31,0x19
9,9,6,2,1,0,3,91,0,0x19
9,9,6,3,1,1,2,194,11,0x19
9,9,6,4,1,0,1,266,11,0x19
9,9,6,5,1,0,1,290,12,0x19
9,9,6,6,1,0,1,266,11,0x19
9,9,6,7,1,1,2,194,11,0x19
9,9,6,8,1,0,3,91,0,0x19
9,9,6,9,1,0,4,31,31,0x19
9,9,7,1,1,0,4,20,20,0x19
9,9,7,2,1,0,3,63,0,0x19
9,9,7,3,1,0,3,127,0,0x19
9,9,7,4,1,1,2,194,11,0x19
9,9,7,5,1,1,2,218,11,0x19
9,9,7,6,1,1,2,194,11,0x19
9,9,7,7,1,0,3,127,0,0x19
9,9,7,8,1,0,3,63,0,0x19
9,9,7,9,1,0,4,20,20,0x19
9,9,8,2,1,0,4,29,29,0x19
9,9,8,3,1,0,3,63,0,0x19
9,9,8,4,1,0,3,91,0,0x19
9,9,8,5,1,0,3,101,0,0x19
9,9,8,6,1,0,3,91,0,0x19
9,9,8,7,1,0,3,63,0,0x19
9,9,8,8,1,0,4,29,29,0x19
9,9,9,3,1,0,4,20,20,0x19
9,9,9,4,1,0,4,31,31,0x19
9,9,9,5,1,0,4,35,34,0x19
9,9,9,6,1,0,4,31,31,0x19
9,9,9,7,1,0,4,20,20,0x19
9,10,1,4,1,0,4,17,17,0x19
9,10,1,5,1,0,4,21,21,0x19
9,10,1,6,1,0,4,17,17,0x19
9,10,2,2,1,0,4,15,15,0x19
9,10,2,3,1,0,4,31,31,0x19
9,10,2,4,1,0,4,52,51,0x19
9,10,2,5,1,0,3,62,0,0x19
9,10,2,6,1,0,4,52,51,0x19
9,10,2,7,1,0,4,31,31,0x19
9,10,2,8,1,0,4,15,15,0x19
9,10,3,2,1,0,4,31,31,0x19
9,10,3,3,1,0,3,71,0,0x19
9,10,3,4,1,0,3,109,0,0x19
9,10,3,5,1,0,3,123,0,0x19
9,10,3,6,1,0,3,109,0,0x19
9,10,3,7,1,0,3,71,0,0x19
9,10,3,8,1,0,4,31,31,0x19
9,10,4,1,1,0,4,17,17,0x19
9,10,4,2,1,0,4,52,51,0x19
9,10,4,3,1,0,3,109,0,0x19
9,10,4,4,1,1,2,178,12,0x19
9,10,4,5,1,1,2,200,11,0x19
9,10,4,6,1,1,2,178,12,0x19
9,10,4,7,1,0,3,109,0,0x19
9,10,4,8,1,0,4,52,51,0x19
9,10,4,9,1,0,4,17,17,0x19
9,10,5,1,1,0,4,21,21,0x19
9,10,5,2,1,0,3,62,0,0x19
9,10,5,3,1,0,3,123,0,0x19
9,10,5,4,1,1,2,200,11,0x19
9,10,5,5,1,1,2,226,11,0x19
9,10,5,6,1,1,2,200,11,0x19
9,10,5,7,1,0,3,123,0,0x19
9,10,5,8,1,0,3,62,0,0x19
9,10,5,9,1,0,4,21,21,0x19
9,10,6,1,1,0,4,17,17,0x19
9,10,6,2,1,0,4,52,51,0x19
9,10,6,3,1,0,3,109,0,0x19
9,10,6,4,1,1,2,178,12,0x19
9,10,6,5,1,1,2,200,11,0x19
9,10,6,6,1,1,2,178,12,0x19
9,10,6,7,1,0,3,109,0,0x19
9,10,6,8,1,0,4,52,51,0x19
9,10,6,9,1,0,4,17,17,0x19
9,10,7,2,1,0,4,31,31,0x19
9,10,7,3,1,0,3,71,0,0x19
9,10,7,4,1,0,3,109,0,0x19
9,10,7,5,1,0,3,123,0,0x19
9,10,7,6,1,0,3,109,0,0x19
9,10,7,7,1,0,3,71,0,0x19
9,10,7,8,1,0,4,31,31,0x19
9,10,8,2,1,0,4,15,15,0x19
9,10,8,3,1,0,4,31,31,0x19
9,10,8,4,1,0,4,52,51,0x19
9,10,8,5,1,0,3,62,0,0x19
9,10,8,6,1,0,4,52,51,0x19
9,10,8,7,1,0,4,31,31,0x19
9,10,8,8,1,0,4,15,15,0x19
9,10,9,4,1,0,4,17,17,0x19
9,10,9,5,1,0,4,21,21,0x19
9,10,9,6,1,0,4,17,17,0x19
10,0,1,4,0,0,4,17,17,0x00
10,0,1,5,0,0,4,21,21,0x00
10,0,1,6,0,0,4,17,17,0x00
10,0,2,2,0,0,4,15,15,0x00
10,0,2,3,0,0,4,31,31,0x00
10,0,2,4,0,0,4,52,51,0x00
10,0,2,5,0,0,3,62,0,0x00
10,0,2,6,0,0,4,52,51,0x00
10,0,2,7,0,0,4,31,31,0x00
10,0,2,8,0,0,4,15,15,0x00
10,0,3,2,0,0,4,31,31,0x00
10,0,3,3,0,0,3,71,0,0x00
10,0,3,4,0,0,3,111,1,0x00
10,0,3,5,0,0,3,126,0,0x00
10,0,3,6,0,0,3,111,1,0x00
10,0,3,7,0,0,3,71,0,0x00
10,0,3,8,0,0,4,31,31,0x00
10,0,4,1,0,0,4,17,17,0x00
10,0,4,2,0,0,4,52,51,0x00
10,0,4,3,0,0,3,111,1,0x00
10,0,4,4,0,0,2,182,11,0x00
10,0,4,5,0,0,2,201,11,0x00
10,0,4,6,0,0,2,182,11,0x00
10,0,4,7,0,0,3,111,1,0x00
10,0,4,8,0,0,4,52,51,0x00
10,0,4,9,0,0,4,17,17,0x00
10,0,5,1,0,0,4,21,21,0x00
10,0,5,2,0,0,3,62,0,0x00
10,0,5,3,0,0,3,126,0,0x00
10,0,5,4,0,0,2,201,11,0x00
10,0,5,5,0,0,2,223,10,0x00
10,0,5,6,0,0,2,201,11,0x00
10,0,5,7,0,0,3,126,0,0x00
10,0,5,8,0,0,3,62,0,0x00
10,0,5,9,0,0,4,21,21,0x00
10,0,6,1,0,0,4,17,17,0x00
10,0,6,2,0,0,4,52,51,0x00
10,0,6,3,0,0,3,111,1,0x00
10,0,6,4,0,0,2,182,11,0x00
10,0,6,5,0,0,2,201,11,0x00
10,0,6,6,0,0,2,182,11,0x00
10,0,6,7,0,0,3,111,1,0x00
10,0,6,8,0,0,4,52,51,0x00
10,0,6,9,0,0,4,17,17,0x00
10,0,7,2,0,0,4,31,31,0x00
10,0,7,3,0,0,3,71,0,0x00
10,0,7,4,0,0,3,111,1,0x00
10,0,7,5,0,0,3,126,0,0x00
10,0,7,6,0,0,3,111,1,0x00
10,0,7,7,0,0,3,71,0,0x00
10,0,7,8,0,0,4,31,31,0x00
10,0,8,2,0,0,4,15,15,0x00
10,0,8,3,0,0,4,31,31,0x00
10,0,8,4,0,0,4,52,51,0x00
10,0,8,5,0,0,3,62,0,0x00
10,0,8,6,0,0,4,52,51,0x00
10,0,8,7,0,0,4,31,31,0x00
10,0,8,8,0,0,4,15,15,0x00
10,0,9,4,0,0,4,17,17,0x00
10,0,9,5,0,0,4,21,21,0x00
10,0,9,6,0,0,4,17,17,0x00
10,1,1,3,0,0,4,20,20,0x00
10,1,1,4,0,0,4,31,31,0x00
10,1,1,5,0,0,4,35,34,0x00
10,1,1,6,0,0,4,31,31,0x00
10,1,1,7,0,0,4,20,20,0x00
10,1,2,2,0,0,4,29,29,0x00
10,1,2,3,0,0,3,63,0,0x00
10,1,2,4,0,0,3,91,0,0x00
10,1,2,5,0,0,3,101,0,0x00
10,1,2,6,0,0,3,91,0,0x00
10,1,2,7,0,0,3,63,0,0x00
10,1,2,8,0,0,4,29,29,0x00
10,1,3,1,0,0,4,20,20,0x00
10,1,3,2,0,0,3,63,0,0x00
10,1,3,3,0,0,3,127,0,0x00
10,1,3,4,0,0,2,196,12,0x00
10,1,3,5,0,0,2,212,11,0x00
10,1,3,6,0,0,2,196,12,0x00
10,1,3,7,0,0,3,127,0,0x00
10,1,3,8,0,0,3,63,0,0x00
10,1,3,9,0,0,4,20,20,0x00
10,1,4,1,0,0,4,31,31,0x00
10,1,4,2,0,0,3,91,0,0x00
10,1,4,3,0,0,2,196,12,0x00
10,1,4,4,0,1,1,267,12,0x00
10,1,4,5,0,1,1,290,11,0x00
10,1,4,6,0,1,1,267,12,0x00
10,1,4,7,0,0,2,196,12,0x00
10,1,4,8,0,0,3,91,0,0x00
10,1,4,9,0,0,4,31,31,0x00
10,1,5,1,0,0,4,35,34,0x00
10,1,5,2,0,0,3,101,0,0x00
10,1,5,3,0,0,2,212,11,0x00
10,1,5,4,0,1,1,290,11,0x00
10,1,5,5,0,1,1,314,11,0x00
10,1,5,6,0,1,1,290,11,0x00
10,1,5,7,0,0,2,212,11,0x00
10,1,5,8,0,0,3,101,0,0x00
10,1,5,9,0,0,4,35,34,0x00
10,1,6,1,0,0,4,31,31,0x00
10,1,6,2,0,0,3,91,0,0x00
10,1,6,3,0,0,2,196,12,0x00
10,1,6,4,0,1,1,267,12,0x00
10,1,6,5,0,1,1,290,11,0x00
10,1,6,6,0,1,1,267,12,0x00
10,1,6,7,0,0,2,196,12,0x00
10,1,6,8,0,0,3,91,0,0x00
10,1,6,9,0,0,4,31,31,0x00
10,1,7,1,0,0,4,20,20,0x00
10,1,7,2,0,0,3,63,0,0x00
10,1,7,3,0,0,3,127,0,0x00
10,1,7,4,0,0,2,196,12,0x00
10,1,7,5,0,0,2,212,11,0x00
10,1,7,6,0,0,2,196,12,0x00
10,1,7,7,0,0,3,127,0,0x00
10,1,7,8,0,0,3,63,0,0x00
10,1,7,9,0,0,4,20,20,0x00
10,1,8,2,0,0,4,29,29,0x00
10,1,8,3,0,0,3,63,0,0x00
10,1,8,4,0,0,3,91,0,0x00
10,1,8,5,0,0,3,101,0,0x00
10,1,8,6,0,0,3,91,0,0x00
10,1,8,7,0,0,3,63,0,0x00
10,1,8,8,0,0,4,29,29,0x00
10,1,9,3,0,0,4,20,20,0x00
10,1,9,4,0,0,4,31,31,0x00
10,1,9,5,0,0,4,35,34,0x00
10,1,9,6,0,0,4,31,31,0x00
10,1,9,7,0,0,4,20,20,0x00
10,2,1,3,0,0,4,28,28,0x00
10,2,1,4,0,0,4,40,39,0x00
10,2,1,5,0,0,4,44,43,0x00
10,2,1,6,0,0,4,40,39,0x00
10,2,1,7,0,0,4,28,28,0x00
10,2,2,2,0,0,4,35,34,0x00
10,2,2,3,0,0,3,82,0,0x00
10,2,2,4,0,0,3,114,0,0x00
10,2,2,5,0,0,3,124,0,0x00
10,2,2,6,0,0,3,114,0,0x00
10,2,2,7,0,0,3,82,0,0x00
10,2,2,8,0,0,4,35,34,0x00
10,2,3,1,0,0,4,28,28,0x00
10,2,3,2,0,0,3,82,0,0x00
10,2,3,3,0,0,2,175,12,0x00
10,2,3,4,0,0,2,234,11,0x00
10,2,3,5,0,0,2,253,11,0x00
10,2,3,6,0,0,2,234,11,0x00
10,2,3,7,0,0,2,175,12,0x00
10,2,3,8,0,0,3,82,0,0x00
10,2,3,9,0,0,4,28,28,0x00
10,2,4,1,0,0,4,40,39,0x00
10,2,4,2,0,0,3,114,0,0x00
10,2,4,3,0,0,2,234,11,0x00
10,2,4,4,0,1,1,303,11,0x00
10,2,4,5,0,1,1,327,10,0x00
10,2,4,6,0,1,1,303,11,0x00
10,2,4,7,0,0,2,234,11,0x00
10,2,4,8,0,0,3,114,0,0x00
10,2,4,9,0,0,4,40,39,0x00
10,2,5,1,0,0,4,44,43,0x00
10,2,5,2,0,0,3,124,0,0x00
10,2,5,3,0,0,2,253,11,0x00
10,2,5,4,0,1,1,327,10,0x00
10,2,5,5,0,0,0,355,9,0x00
10,2,5,6,0,1,1,327,10,0x00
10,2,5,7,0,0,2,253,11,0x00
10,2,5,8,0,0,3,124,0,0x00
10,2,5,9,0,0,4,44,43,0x00
10,2,6,1,0,0,4,40,39,0x00
10,2,6,2,0,0,3,114,0,0x00
10,2,6,3,0,0,2,234,11,0x00
10,2,6,4,0,1,1,303,11,0x00
10,2,6,5,0,1,1,327,10,0x00
10,2,6,6,0,1,1,303,11,0x00
10,2,6,7,0,0,2,234,11,0x00
10,2,6,8,0,0,3,114,0,0x00
10,2,6,9,0,0,4,40,39,0x00
10,2,7,1,0,0,4,28,28,0x00
10,2,7,2,0,0,3,82,0,0x00
10,2,7,3,0,0,2,175,12,0x00
10,2,7,4,0,0,2,234,11,0x00
10,2,7,5,0,0,2,253,11,0x00
10,2,7,6,0,0,2,234,11,0x00
10,2,7,7,0,0,2,175,12,0x00
10,2,7,8,0,0,3,82,0,0x00
10,2,7,9,0,0,4,28,28,0x00
10,2,8,2,0,0,4,35,34,0x00
10,2,8,3,0,0,3,82,0,0x00
10,2,8,4,0,0,3,114,0,0x00
10,2,8,5,0,0,3,124,0,0x00
10,2,8,6,0,0,3,114,0,0x00
10,2,8,7,0,0,3,82,0,0x00
10,2,8,8,0,0,4,35,34,0x00
10,2,9,3,0,0,4,28,28,0x00
10,2,9,4,0,0,4,40,39,0x00
10,2,9,5,0,0,4,44,43,0x00
10,2,9,6,0,0,4,40,39,0x00
10,2,9,7,0,0,4,28,28,0x00
10,3,1,3,0,0,4,29,29,0x00
10,3,1,4,0,0,4,41,40,0x00
10,3,1,5,0,0,4,46,45,0x00
10,3,1,6,0,0,4,41,40,0x00
10,3,1,7,0,0,4,29,29,0x00
10,3,2,2,0,0,4,36,35,0x00
10,3,2,3,0,0,3,84,0,0x00
10,3,2,4,0,0,3,116,0,0x00
10,3,2,5,0,0,3,127,0,0x00
10,3,2,6,0,0,3,116,0,0x00
10,3,2,7,0,0,3,84,0,0x00
10,3,2,8,0,0,4,36,35,0x00
10,3,3,1,0,0,4,29,29,0x00
10,3,3,2,0,0,3,84,0,0x00
10,3,3,3,0,0,2,176,12,0x00
10,3,3,4,0,0,2,237,10,0x00
10,3,3,5,0,0,2,260,9,0x00
10,3,3,6,0,0,2,237,10,0x00
10,3,3,7,0,0,2,176,12,0x00
10,3,3,8,0,0,3,84,0,0x00
10,3,3,9,0,0,4,29,29,0x00
10,3,4,1,0,0,4,41,40,0x00
10,3,4,2,0,0,3,116,0,0x00
10,3,4,3,0,0,2,237,10,0x00
10,3,4,4,0,1,1,311,12,0x00
10,3,4,5,0,1,1,339,11,0x00
10,3,4,6,0,1,1,311,12,0x00
10,3,4,7,0,0,2,237,10,0x00
10,3,4,8,0,0,3,116,0,0x00
10,3,4,9,0,0,4,41,40,0x00
10,3,5,1,0,0,4,46,45,0x00
10,3,5,2,0,0,3,127,0,0x00
10,3,5,3,0,0,2,260,9,0x00
10,3,5,4,0,1,1,339,11,0x00
10,3,5,5,0,0,0,367,12,0x00
10,3,5,6,0,1,1,339,11,0x00
10,3,5,7,0,0,2,260,9,0x00
10,3,5,8,0,0,3,127,0,0x00
10,3,5,9,0,0,4,46,45,0x00
10,3,6,1,0,0,4,41,40,0x00
10,3,6,2,0,0,3,116,0,0x00
10,3,6,3,0,0,2,237,10,0x00
10,3,6,4,0,1,1,311,12,0x00
10,3,6,5,0,1,1,339,11,0x00
10,3,6,6,0,1,1,311,12,0x00
10,3,6,7,0,0,2,237,10,0x00
10,3,6,8,0,0,3,116,0,0x00
10,3,6,9,0,0,4,41,40,0x00
10,3,7,1,0,0,4,29,29,0x00
10,3,7,2,0,0,3,84,0,0x00
10,3,7,3,0,0,2,176,12,0x00
10,3,7,4,0,0,2,237,10,0x00
10,3,7,5,0,0,2,260,9,0x00
10,3,7,6,0,0,2,237,10,0x00
10,3,7,7,0,0,2,176,12,0x00
10,3,7,8,0,0,3,84,0,0x00
10,3,7,9,0,0,4,29,29,0x00
10,3,8,2,0,0,4,36,35,0x00
10,3,8,3,0,0,3,84,0,0x00
10,3,8,4,0,0,3,116,0,0x00
10,3,8,5,0,0,3,127,0,0x00
10,3,8,6,0,0,3,116,0,0x00
10,3,8,7,0,0,3,84,0,0x00
10,3,8,8,0,0,4,36,35,0x00
10,3,9,3,0,0,4,29,29,0x00
10,3,9,4,0,0,4,41,40,0x00
10,3,9,5,0,0,4,46,45,0x00
10,3,9,6,0,0,4,41,40,0x00
10,3,9,7,0,0,4,29,29,0x00
10,4,1,3,0,0,4,24,24,0x00
10,4,1,4,0,0,4,35,34,0x00
10,4,1,5,0,0,4,39,38,0x00
10,4,1,6,0,0,4,35,34,0x00
10,4,1,7,0,0,4,24,24,0x00
10,4,2,2,0,0,4,31,31,0x00
10,4,2,3,0,0,3,69,0,0x00
10,4,2,4,0,0,3,99,0,0x00
10,4,2,5,0,0,3,110,0,0x00
10,4,2,6,0,0,3,99,0,0x00
10,4,2,7,0,0,3,69,0,0x00
10,4,2,8,0,0,4,31,31,0x00
10,4,3,1,0,0,4,24,24,0x00
10,4,3,2,0,0,3,69,0,0x00
10,4,3,3,0,0,3,137,0,0x00
10,4,3,4,0,0,2,208,11,0x00
10,4,3,5,0,0,2,229,10,0x00
10,4,3,6,0,0,2,208,11,0x00
10,4,3,7,0,0,3,137,0,0x00
10,4,3,8,0,0,3,69,0,0x00
10,4,3,9,0,0,4,24,24,0x00
10,4,4,1,0,0,4,35,34,0x00
10,4,4,2,0,0,3,99,0,0x00
10,4,4,3,0,0,2,208,11,0x00
10,4,4,4,0,1,1,279,11,0x00
10,4,4,5,0,1,1,300,10,0x00
10,4,4,6,0,1,1,279,11,0x00
10,4,4,7,0,0,2,208,11,0x00
10,4,4,8,0,0,3,99,0,0x00
10,4,4,9,0,0,4,35,34,0x00
10,4,5,1,0,0,4,39,38,0x00
10,4,5,2,0,0,3,110,0,0x00
10,4,5,3,0,0,2,229,10,0x00
10,4,5,4,0,1,1,300,10,0x00
10,4,5,5,0,1,1,324,11,0x00
10,4,5,6,0,1,1,300,10,0x00
10,4,5,7,0,0,2,229,10,0x00
10,4,5,8,0,0,3,110,0,0x00
10,4,5,9,0,0,4,39,38,0x00
10,4,6,1,0,0,4,35,34,0x00
10,4,6,2,0,0,3,99,0,0x00
10,4,6,3,0,0,2,208,11,0x00
10,4,6,4,0,1,1,279,11,0x00
10,4,6,5,0,1,1,300,10,0x00
10,4,6,6,0,1,1,279,11,0x00
10,4,6,7,0,0,2,208,11,0x00
10,4,6,8,0,0,3,99,0,0x00
10,4,6,9,0,0,4,35,34,0x00
10,4,7,1,0,0,4,24,24,0x00
10,4,7,2,0,0,3,69,0,0x00
10,4,7,3,0,0,3,137,0,0x00
10,4,7,4,0,0,2,208,11,0x00
10,4,7,5,0,0,2,229,10,0x00
10,4,7,6,0,0,2,208,11,0x00
10,4,7,7,0,0,3,137,0,0x00
10,4,7,8,0,0,3,69,0,0x00
10,4,7,9,0,0,4,24,24,0x00
10,4,8,2,0,0,4,31,31,0x00
10,4,8,3,0,0,3,69,0,0x00
10,4,8,4,0,0,3,99,0,0x00
10,4,8,5,0,0,3,110,0,0x00
10,4,8,6,0,0,3,99,0,0x00
10,4,8,7,0,0,3,69,0,0x00
10,4,8,8,0,0,4,31,31,0x00
10,4,9,3,0,0,4,24,24,0x00
10,4,9,4,0,0,4,35,34,0x00
10,4,9,5,0,0,4,39,38,0x00
10,4,9,6,0,0,4,35,34,0x00
10,4,9,7,0,0,4,24,24,0x00
10,5,1,3,0,0,4,15,15,0x00
10,5,1,4,0,0,4,23,23,0x00
10,5,1,5,0,0,4,26,26,0x00
10,5,1,6,0,0,4,23,23,0x00
10,5,1,7,0,0,4,15,15,0x00
10,5,2,2,0,0,4,19,19,0x00
10,5,2,3,0,0,4,43,42,0x00
10,5,2,4,0,0,3,66,0,0x00
10,5,2,5,0,0,3,76,0,0x00
10,5,2,6,0,0,3,66,0,0x00
10,5,2,7,0,0,4,43,42,0x00
10,5,2,8,0,0,4,19,19,0x00
10,5,3,1,0,0,4,15,15,0x00
10,5,3,2,0,0,4,43,42,0x00
10,5,3,3,0,0,3,86,0,0x00
10,5,3,4,0,0,3,133,1,0x00
10,5,3,5,0,0,2,166,12,0x00
10,5,3,6,0,0,3,133,1,0x00
10,5,3,7,0,0,3,86,0,0x00
10,5,3,8,0,0,4,43,42,0x00
10,5,3,9,0,0,4,15,15,0x00
10,5,4,1,0,0,4,23,23,0x00
10,5,4,2,0,0,3,66,0,0x00
10,5,4,3,0,0,3,133,1,0x00
10,5,4,4,0,0,2,205,11,0x00
10,5,4,5,0,0,2,225,12,0x00
10,5,4,6,0,0,2,205,11,0x00
10,5,4,7,0,0,3,133,1,0x00
10,5,4,8,0,0,3,66,0,0x00
10,5,4,9,0,0,4,23,23,0x00
10,5,5,1,0,0,4,26,26,0x00
10,5,5,2,0,0,3,76,0,0x00
10,5,5,3,0,0,2,166,12,0x00
10,5,5,4,0,0,2,225,12,0x00
10,5,5,5,0,0,2,244,11,0x00
10,5,5,6,0,0,2,225,12,0x00
10,5,5,7,0,0,2,166,12,0x00
10,5,5,8,0,0,3,76,0,0x00
10,5,5,9,0,0,4,26,26,0x00
10,5,6,1,0,0,4,23,23,0x00
10,5,6,2,0,0,3,66,0,0x00
10,5,6,3,0,0,3,133,1,0x00
10,5,6,4,0,0,2,205,11,0x00
10,5,6,5,0,0,2,225,12,0x00
10,5,6,6,0,0,2,205,11,0x00
10,5,6,7,0,0,3,133,1,0x00
10,5,6,8,0,0,3,66,0,0x00
10,5,6,9,0,0,4,23,23,0x00
10,5,7,1,0,0,4,15,15,0x00
10,5,7,2,0,0,4,43,42,0x00
10,5,7,3,0,0,3,86,0,0x00
10,5,7,4,0,0,3,133,1,0x00
10,5,7,5,0,0,2,166,12,0x00
10,5,7,6,0,0,3,133,1,0x00
10,5,7,7,0,0,3,86,0,0x00
10,5,7,8,0,0,4,43,42,0x00
10,5,7,9,0,0,4,15,15,0x00
10,5,8,2,0,0,4,19,19,0x00
10,5,8,3,0,0,4,43,42,0x00
10,5,8,4,0,0,3,66,0,0x00
10,5,8,5,0,0,3,76,0,0x00
10,5,8,6,0,0,3,66,0,0x00
10,5,8,7,0,0,4,43,42,0x00
10,5,8,8,0,0,4,19,19,0x00
10,5,9,3,0,0,4,15,15,0x00
10,5,9,4,0,0,4,23,23,0x00
10,5,9,5,0,0,4,26,26,0x00
10,5,9,6,0,0,4,23,23,0x00
10,5,9,7,0,0,4,15,15,0x00
10,6,2,3,0,0,4,19,19,0x00
10,6,2,4,0,0,4,30,30,0x00
10,6,2,5,0,0,4,32,31,0x00
10,6,2,6,0,0,4,30,30,0x00
10,6,2,7,0,0,4,19,19,0x00
10,6,3,2,0,0,4,19,19,0x00
10,6,3,3,0,0,4,42,41,0x00
10,6,3,4,0,0,3,65,0,0x00
10,6,3,5,0,0,3,74,0,0x00
10,6,3,6,0,0,3,65,0,0x00
10,6,3,7,0,0,4,42,41,0x00
10,6,3,8,0,0,4,19,19,0x00
10,6,4,2,0,0,4,30,30,0x00
10,6,4,3,0,0,3,65,0,0x00
10,6,4,4,0,0,3,94,0,0x00
10,6,4,5,0,0,3,105,0,0x00
10,6,4,6,0,0,3,94,0,0x00
10,6,4,7,0,0,3,65,0,0x00
10,6,4,8,0,0,4,30,30,0x00
10,6,5,2,0,0,4,32,31,0x00
10,6,5,3,0,0,3,74,0,0x00
10,6,5,4,0,0,3,105,0,0x00
10,6,5,5,0,0,3,116,0,0x00
10,6,5,6,0,0,3,105,0,0x00
10,6,5,7,0,0,3,74,0,0x00
10,6,5,8,0,0,4,32,31,0x00
10,6,6,2,0,0,4,30,30,0x00
10,6,6,3,0,0,3,65,0,0x00
10,6,6,4,0,0,3,94,0,0x00
10,6,6,5,0,0,3,105,0,0x00
10,6,6,6,0,0,3,94,0,0x00
10,6,6,7,0,0,3,65,0,0x00
10,6,6,8,0,0,4,30,30,0x00
10,6,7,2,0,0,4,19,19,0x00
10,6,7,3,0,0,4,42,41,0x00
10,6,7,4,0,0,3,65,0,0x00
10,6,7,5,0,0,3,74,0,0x00
10,6,7,6,0,0,3,65,0,0x00
10,6,7,7,0,0,4,42,41,0x00
10,6,7,8,0,0,4,19,19,0x00
10,6,8,3,0,0,4,19,19,0x00
10,6,8,4,0,0,4,30,30,0x00
10,6,8,5,0,0,4,32,31,0x00
10,6,8,6,0,0,4,30,30,0x00
10,6,8,7,0,0,4,19,19,0x00
10,7,3,3,0,0,4,14,14,0x00
10,7,3,4,0,0,4,23,23,0x00
10,7,3,5,0,0,4,26,26,0x00
10,7,3,6,0,0,4,23,23,0x00
10,7,3,7,0,0,4,14,14,0x00
10,7,4,3,0,0,4,23,23,0x00
10,7,4,4,0,0,4,33,32,0x00
10,7,4,5,0,0,4,37,36,0x00
10,7,4,6,0,0,4,33,32,0x00
10,7,4,7,0,0,4,23,23,0x00
10,7,5,3,0,0,4,26,26,0x00
10,7,5,4,0,0,4,37,36,0x00
10,7,5,5,0,0,4,41,40,0x00
10,7,5,6,0,0,4,37,36,0x00
10,7,5,7,0,0,4,26,26,0x00
10,7,6,3,0,0,4,23,23,0x00
10,7,6,4,0,0,4,33,32,0x00
10,7,6,5,0,0,4,37,36,0x00
10,7,6,6,0,0,4,33,32,0x00
10,7,6,7,0,0,4,23,23,0x00
10,7,7,3,0,0,4,14,14,0x00
10,7,7,4,0,0,4,23,23,0x00
10,7,7,5,0,0,4,26,26,0x00
10,7,7,6,0,0,4,23,23,0x00
10,7,7,7,0,0,4,14,14,0x00
10,9,4,4,0,0,4,21,21,0x00
10,9,4,5,0,0,4,26,26,0x00
10,9,4,6,0,0,4,21,21,0x00
10,9,5,4,0,0,4,26,26,0x00
10,9,5,5,0,0,4,31,31,0x00
10,9,5,6,0,0,4,26,26,0x00
10,9,6,4,0,0,4,21,21,0x00
10,9,6,5,0,0,4,26,26,0x00
10,9,6,6,0,0,4,21,21,0x00
10,10,2,4,0,0,4,20,20,0x00
10,10,2,5,0,0,4,25,25,0x00
10,10,2,6,0,0,4,20,20,0x00
10,10,3,3,0,0,4,26,26,0x00
10,10,3,4,0,0,4,44,43,0x00
10,10,3,5,0,0,4,51,50,0x00
10,10,3,6,0,0,4,44,43,0x00
10,10,3,7,0,0,4,26,26,0x00
10,10,4,2,0,0,4,20,20,0x00
10,10,4,3,0,0,4,44,43,0x00
10,10,4,4,0,0,3,76,0,0x00
10,10,4,5,0,0,3,87,0,0x00
10,10,4,6,0,0,3,76,0,0x00
10,10,4,7,0,0,4,44,43,0x00
10,10,4,8,0,0,4,20,20,0x00
10,10,5,2,0,0,4,25,25,0x00
10,10,5,3,0,0,4,51,50,0x00
10,10,5,4,0,0,3,87,0,0x00
10,10,5,5,0,0,3,98,0,0x00
10,10,5,6,0,0,3,87,0,0x00
10,10,5,7,0,0,4,51,50,0x00
10,10,5,8,0,0,4,25,25,0x00
10,10,6,2,0,0,4,20,20,0x00
10,10,6,3,0,0,4,44,43,0x00
10,10,6,4,0,0,3,76,0,0x00
10,10,6,5,0,0,3,87,0,0x00
10,10,6,6,0,0,3,76,0,0x00
10,10,6,7,0,0,4,44,43,0x00
10,10,6,8,0,0,4,20,20,0x00
10,10,7,3,0,0,4,26,26,0x00
10,10,7,4,0,0,4,44,43,0x00
10,10,7,5,0,0,4,51,50,0x00
10,10,7,6,0,0,4,44,43,0x00
10,10,7,7,0,0,4,26,26,0x00
10,10,8,4,0,0,4,20,20,0x00
10,10,8,5,0,0,4,25,25,0x00
10,10,8,6,0,0,4,20,20,0x00
10,0,2,4,1,0,4,20,20,0x19
10,0,2,5,1,0,4,25,25,0x19
10,0,2,6,1,0,4,20,20,0x19
10,0,3,3,1,0,4,26,26,0x19
10,0,3,4,1,0,4,44,43,0x19
10,0,3,5,1,0,4,51,50,0x19
10,0,3,6,1,0,4,44,43,0x19
10,0,3,7,1,0,4,26,26,0x19
10,0,4,2,1,0,4,20,20,0x19
10,0,4,3,1,0,4,44,43,0x19
10,0,4,4,1,0,3,76,0,0x19
10,0,4,5,1,0,3,87,0,0x19
10,0,4,6,1,0,3,76,0,0x19
10,0,4,7,1,0,4,44,43,0x19
10,0,4,8,1,0,4,20,20,0x19
10,0,5,2,1,0,4,25,25,0x19
10,0,5,3,1,0,4,51,50,0x19
10,0,5,4,1,0,3,87,0,0x19
10,0,5,5,1,0,3,98,0,0x19
10,0,5,6,1,0,3,87,0,0x19
10,0,5,7,1,0,4,51,50,0x19
10,0,5,8,1,0,4,25,25,0x19
10,0,6,2,1,0,4,20,20,0x19
10,0,6,3,1,0,4,44,43,0x19
10,0,6,4,1,0,3,76,0,0x19
10,0,6,5,1,0,3,87,0,0x19
10,0,6,6,1,0,3,76,0,0x19
10,0,6,7,1,0,4,44,43,0x19
10,0,6,8,1,0,4,20,20,0x19
10,0,7,3,1,0,4,26,26,0x19
10,0,7,4,1,0,4,44,43,0x19
10,0,7,5,1,0,4,51,50,0x19
10,0,7,6,1,0,4,44,43,0x19
10,0,7,7,1,0,4,26,26,0x19
10,0,8,4,1,0,4,20,20,0x19
10,0,8,5,1,0,4,25,25,0x19
10,0,8,6,1,0,4,20,20,0x19
10,1,4,4,1,0,4,21,21,0x19
10,1,4,5,1,0,4,26,26,0x19
10,1,4,6,1,0,4,21,21,0x19
10,1,5,4,1,0,4,26,26,0x19
10,1,5,5,1,0,4,31,31,0x19
10,1,5,6,1,0,4,26,26,0x19
10,1,6,4,1,0,4,21,21,0x19
10,1,6,5,1,0,4,26,26,0x19
10,1,6,6,1,0,4,21,21,0x19
10,3,3,3,1,0,4,14,14,0x19
10,3,3,4,1,0,4,23,23,0x19
10,3,3,5,1,0,4,26,26,0x19
10,3,3,6,1,0,4,23,23,0x19
10,3,3,7,1,0,4,14,14,0x19
10,3,4,3,1,0,4,23,23,0x19
10,3,4,4,1,0,4,33,32,0x19
10,3,4,5,1,0,4,37,36,0x19
10,3,4,6,1,0,4,33,32,0x19
10,3,4,7,1,0,4,23,23,0x19
10,3,5,3,1,0,4,26,26,0x19
10,3,5,4,1,0,4,37,36,0x19
10,3,5,5,1,0,4,41,40,0x19
10,3,5,6,1,0,4,37,36,0x19
10,3,5,7,1,0,4,26,26,0x19
10,3,6,3,1,0,4,23,23,0x19
10,3,6,4,1,0,4,33,32,0x19
10,3,6,5,1,0,4,37,36,0x19
10,3,6,6,1,0,4,33,32,0x19
10,3,6,7,1,0,4,23,23,0x19
10,3,7,3,1,0,4,14,14,0x19
10,3,7,4,1,0,4,23,23,0x19
10,3,7,5,1,0,4,26,26,0x19
10,3,7,6,1,0,4,23,23,0x19
10,3,7,7,1,0,4,14,14,0x19
10,4,2,3,1,0,4,19,19,0x19
10,4,2,4,1,0,4,30,30,0x19
10,4,2,5,1,0,4,32,31,0x19
10,4,2,6,1,0,4,30,30,0x19
10,4,2,7,1,0,4,19,19,0x19
10,4,3,2,1,0,4,19,19,0x19
10,4,3,3,1,0,4,42,41,0x19
10,4,3,4,1,0,3,65,0,0x19
10,4,3,5,1,0,3,74,0,0x19
10,4,3,6,1,0,3,65,0,0x19
10,4,3,7,1,0,4,42,41,0x19
10,4,3,8,1,0,4,19,19,0x19
10,4,4,2,1,0,4,30,30,0x19
10,4,4,3,1,0,3,65,0,0x19
10,4,4,4,1,0,3,94,0,0x19
10,4,4,5,1,0,3,105,0,0x19
10,4,4,6,1,0,3,94,0,0x19
10,4,4,7,1,0,3,65,0,0x19
10,4,4,8,1,0,4,30,30,0x19
10,4,5,2,1,0,4,32,31,0x19
10,4,5,3,1,0,3,74,0,0x19
10,4,5,4,1,0,3,105,0,0x19
10,4,5,5,1,0,3,116,0,0x19
10,4,5,6,1,0,3,105,0,0x19
10,4,5,7,1,0,3,74,0,0x19
10,4,5,8,1,0,4,32,31,0x19
10,4,6,2,1,0,4,30,30,0x19
10,4,6,3,1,0,3,65,0,0x19
10,4,6,4,1,0,3,94,0,0x19
10,4,6,5,1,0,3,105,0,0x19
10,4,6,6,1,0,3,94,0,0x19
10,4,6,7,1,0,3,65,0,0x19
10,4,6,8,1,0,4,30,30,0x19
10,4,7,2,1,0,4,19,19,0x19
10,4,7,3,1,0,4,42,41,0x19
10,4,7,4,1,0,3,65,0,0x19
10,4,7,5,1,0,3,74,0,0x19
10,4,7,6,1,0,3,65,0,0x19
10,4,7,7,1,0,4,42,41,0x19
10,4,7,8,1,0,4,19,19,0x19
10,4,8,3,1,0,4,19,19,0x19
10,4,8,4,1,0,4,30,30,0x19
10,4,8,5,1,0,4,32,31,0x19
10,4,8,6,1,0,4,30,30,0x19
10,4,8,7,1,0,4,19,19,0x19
10,5,1,3,1,0,4,15,15,0x19
10,5,1,4,1,0,4,23,23,0x19
10,5,1,5,1,0,4,26,26,0x19
10,5,1,6,1,0,4,23,23,0x19
10,5,1,7,1,0,4,15,15,0x19
10,5,2,2,1,0,4,19,19,0x19
10,5,2,3,1,0,4,43,42,0x19
10,5,2,4,1,0,3,66,0,0x19
10,5,2,5,1,0,3,76,0,0x19
10,5,2,6,1,0,3,66,0,0x19
10,5,2,7,1,0,4,43,42,0x19
10,5,2,8,1,0,4,19,19,0x19
10,5,3,1,1,0,4,15,15,0x19
10,5,3,2,1,0,4,43,42,0x19
10,5,3,3,1,0,3,86,0,0x19
10,5,3,4,1,0,3,133,1,0x19
10,5,3,5,1,0,2,166,12,0x19
10,5,3,6,1,0,3,133,1,0x19
10,5,3,7,1,0,3,86,0,0x19
10,5,3,8,1,0,4,43,42,0x19
10,5,3,9,1,0,4,15,15,0x19
10,5,4,1,1,0,4,23,23,0x19
10,5,4,2,1,0,3,66,0,0x19
10,5,4,3,1,0,3,133,1,0x19
10,5,4,4,1,0,2,205,11,0x19
10,5,4,5,1,0,2,225,12,0x19
10,5,4,6,1,0,2,205,11,0x19
10,5,4,7,1,0,3,133,1,0x19
10,5,4,8,1,0,3,66,0,0x19
10,5,4,9,1,0,4,23,23,0x19
10,5,5,1,1,0,4,26,26,0x19
10,5,5,2,1,0,3,76,0,0x19
10,5,5,3,1,0,2,166,12,0x19
10,5,5,4,1,0,2,225,12,0x19
10,5,5,5,1,0,2,244,11,0x19
10,5,5,6,1,0,2,225,12,0x19
10,5,5,7,1,0,2,166,12,0x19
10,5,5,8,1,0,3,76,0,0x19
10,5,5,9,1,0,4,26,26,0x19
10,5,6,1,1,0,4,23,23,0x19
10,5,6,2,1,0,3,66,0,0x19
10,5,6,3,1,0,3,133,1,0x19
10,5,6,4,1,0,2,205,11,0x19
10,5,6,5,1,0,2,225,12,0x19
10,5,6,6,1,0,2,205,11,0x19
10,5,6,7,1,0,3,133,1,0x19
10,5,6,8,1,0,3,66,0,0x19
10,5,6,9,1,0,4,23,23,0x19
10,5,7,1,1,0,4,15,15,0x19
10,5,7,2,1,0,4,43,42,0x19
10,5,7,3,1,0,3,86,0,0x19
10,5,7,4,1,0,3,133,1,0x19
10,5,7,5,1,0,2,166,12,0x19
10,5,7,6,1,0,3,133,1,0x19
10,5,7,7,1,0,3,86,0,0x19
10,5,7,8,1,0,4,43,42,0x19
10,5,7,9,1,0,4,15,15,0x19
10,5,8,2,1,0,4,19,19,0x19
10,5,8,3,1,0,4,43,42,0x19
10,5,8,4,1,0,3,66,0,0x19
10,5,8,5,1,0,3,76,0,0x19
10,5,8,6,1,0,3,66,0,0x19
10,5,8,7,1,0,4,43,42,0x19
10,5,8,8,1,0,4,19,19,0x19
10,5,9,3,1,0,4,15,15,0x19
10,5,9,4,1,0,4,23,23,0x19
10,5,9,5,1,0,4,26,26,0x19
10,5,9,6,1,0,4,23,23,0x19
10,5,9,7,1,0,4,15,15,0x19
10,6,1,3,1,0,4,24,24,0x19
10,6,1,4,1,0,4,35,34,0x19
10,6,1,5,1,0,4,39,38,0x19
10,6,1,6,1,0,4,35,34,0x19
10,6,1,7,1,0,4,24,24,0x19
10,6,2,2,1,0,4,31,31,0x19
10,6,2,3,1,0,3,69,0,0x19
10,6,2,4,1,0,3,99,0,0x19
10,6,2,5,1,0,3,110,0,0x19
10,6,2,6,1,0,3,99,0,0x19
10,6,2,7,1,0,3,69,0,0x19
10,6,2,8,1,0,4,31,31,0x19
10,6,3,1,1,0,4,24,24,0x19
10,6,3,2,1,0,3,69,0,0x19
10,6,3,3,1,0,3,137,0,0x19
10,6,3,4,1,0,2,208,11,0x19
10,6,3,5,1,0,2,229,10,0x19
10,6,3,6,1,0,2,208,11,0x19
10,6,3,7,1,0,3,137,0,0x19
10,6,3,8,1,0,3,69,0,0x19
10,6,3,9,1,0,4,24,24,0x19
10,6,4,1,1,0,4,35,34,0x19
10,6,4,2,1,0,3,99,0,0x19
10,6,4,3,1,0,2,208,11,0x19
10,6,4,4,1,1,1,279,11,0x19
10,6,4,5,1,1,1,300,10,0x19
10,6,4,6,1,1,1,279,11,0x19
10,6,4,7,1,0,2,208,11,0x19
10,6,4,8,1,0,3,99,0,0x19
10,6,4,9,1,0,4,35,34,0x19
10,6,5,1,1,0,4,39,38,0x19
10,6,5,2,1,0,3,110,0,0x19
10,6,5,3,1,0,2,229,10,0x19
10,6,5,4,1,1,1,300,10,0x19
10,6,5,5,1,1,1,324,11,0x19
10,6,5,6,1,1,1,300,10,0x19
10,6,5,7,1,0,2,229,10,0x19
10,6,5,8,1,0,3,110,0,0x19
10,6,5,9,1,0,4,39,38,0x19
10,6,6,1,1,0,4,35,34,0x19
10,6,6,2,1,0,3,99,0,0x19
10,6,6,3,1,0,2,208,11,0x19
10,6,6,4,1,1,1,279,11,0x19
10,6,6,5,1,1,1,300,10,0x19
10,6,6,6,1,1,1,279,11,0x19
10,6,6,7,1,0,2,208,11,0x19
10,6,6,8,1,0,3,99,0,0x19
10,6,6,9,1,0,4,35,34,0x19
10,6,7,1,1,0,4,24,24,0x19
10,6,7,2,1,0,3,69,0,0x19
10,6,7,3,1,0,3,137,0,0x19
10,6,7,4,1,0,2,208,11,0x19
10,6,7,5,1,0,2,229,10,0x19
10,6,7,6,1,0,2,208,11,0x19
10,6,7,7,1,0,3,137,0,0x19
10,6,7,8,1,0,3,69,0,0x19
10,6,7,9,1,0,4,24,24,0x19
10,6,8,2,1,0,4,31,31,0x19
10,6,8,3,1,0,3,69,0,0x19
10,6,8,4,1,0,3,99,0,0x19
10,6,8,5,1,0,3,110,0,0x19
10,6,8,6,1,0,3,99,0,0x19
10,6,8,7,1,0,3,69,0,0x19
10,6,8,8,1,0,4,31,31,0x19
10,6,9,3,1,0,4,24,24,0x19
10,6,9,4,1,0,4,35,34,0x19
10,6,9,5,1,0,4,39,38,0x19
10,6,9,6,1,0,4,35,34,0x19
10,6,9,7,1,0,4,24,24,0x19
10,7,1,3,1,0,4,29,29,0x19
10,7,1,4,1,0,4,41,40,0x19
10,7,1,5,1,0,4,46,45,0x19
10,7,1,6,1,0,4,41,40,0x19
10,7,1,7,1,0,4,29,29,0x19
10,7,2,2,1,0,4,36,35,0x19
10,7,2,3,1,0,3,84,0,0x19
10,7,2,4,1,0,3,116,0,0x19
10,7,2,5,1,0,3,127,0,0x19
10,7,2,6,1,0,3,116,0,0x19
10,7,2,7,1,0,3,84,0,0x19
10,7,2,8,1,0,4,36,35,0x19
10,7,3,1,1,0,4,29,29,0x19
10,7,3,2,1,0,3,84,0,0x19
10,7,3,3,1,0,2,176,12,0x19
10,7,3,4,1,0,2,237,10,0x19
10,7,3,5,1,0,2,260,9,0x19
10,7,3,6,1,0,2,237,10,0x19
10,7,3,7,1,0,2,176,12,0x19
10,7,3,8,1,0,3,84,0,0x19
10,7,3,9,1,0,4,29,29,0x19
10,7,4,1,1,0,4,41,40,0x19
10,7,4,2,1,0,3,116,0,0x19
10,7,4,3,1,0,2,237,10,0x19
10,7,4,4,1,1,1,311,12,0x19
10,7,4,5,1,1,1,339,11,0x19
10,7,4,6,1,1,1,311,12,0x19
10,7,4,7,1,0,2,237,10,0x19
10,7,4,8,1,0,3,116,0,0x19
10,7,4,9,1,0,4,41,40,0x19
10,7,5,1,1,0,4,46,45,0x19
10,7,5,2,1,0,3,127,0,0x19
10,7,5,3,1,0,2,260,9,0x19
10,7,5,4,1,1,1,339,11,0x19
10,7,5,5,1,0,0,367,12,0x19
10,7,5,6,1,1,1,339,11,0x19
10,7,5,7,1,0,2,260,9,0x19
10,7,5,8,1,0,3,127,0,0x19
10,7,5,9,1,0,4,46,45,0x19
10,7,6,1,1,0,4,41,40,0x19
10,7,6,2,1,0,3,116,0,0x19
10,7,6,3,1,0,2,237,10,0x19
10,7,6,4,1,1,1,311,12,0x19
10,7,6,5,1,1,1,339,11,0x19
10,7,6,6,1,1,1,311,12,0x19
10,7,6,7,1,0,2,237,10,0x19
10,7,6,8,1,0,3,116,0,0x19
10,7,6,9,1,0,4,41,40,0x19
10,7,7,1,1,0,4,29,29,0x19
10,7,7,2,1,0,3,84,0,0x19
10,7,7,3,1,0,2,176,12,0x19
10,7,7,4,1,0,2,237,10,0x19
10,7,7,5,1,0,2,260,9,0x19
10,7,7,6,1,0,2,237,10,0x19
10,7,7,7,1,0,2,176,12,0x19
10,7,7,8,1,0,3,84,0,0x19
10,7,7,9,1,0,4,29,29,0x19
10,7,8,2,1,0,4,36,35,0x19
10,7,8,3,1,0,3,84,0,0x19
10,7,8,4,1,0,3,116,0,0x19
10,7,8,5,1,0,3,127,0,0x19
10,7,8,6,1,0,3,116,0,0x19
10,7,8,7,1,0,3,84,0,0x19
10,7,8,8,1,0,4,36,35,0x19
10,7,9,3,1,0,4,29,29,0x19
10,7,9,4,1,0,4,41,40,0x19
10,7,9,5,1,0,4,46,45,0x19
10,7,9,6,1,0,4,41,40,0x19
10,7,9,7,1,0,4,29,29,0x19
10,8,1,3,1,0,4,28,28,0x19
10,8,1,4,1,0,4,40,39,0x19
10,8,1,5,1,0,4,44,43,0x19
10,8,1,6,1,0,4,40,39,0x19
10,8,1,7,1,0,4,28,28,0x19
10,8,2,2,1,0,4,35,34,0x19
10,8,2,3,1,0,3,82,0,0x19
10,8,2,4,1,0,3,114,0,0x19
10,8,2,5,1,0,3,124,0,0x19
10,8,2,6,1,0,3,114,0,0x19
10,8,2,7,1,0,3,82,0,0x19
10,8,2,8,1,0,4,35,34,0x19
10,8,3,1,1,0,4,28,28,0x19
10,8,3,2,1,0,3,82,0,0x19
10,8,3,3,1,0,2,175,12,0x19
10,8,3,4,1,0,2,234,11,0x19
10,8,3,5,1,0,2,253,11,0x19
10,8,3,6,1,0,2,234,11,0x19
10,8,3,7,1,0,2,175,12,0x19
10,8,3,8,1,0,3,82,0,0x19
10,8,3,9,1,0,4,28,28,0x19
10,8,4,1,1,0,4,40,39,0x19
10,8,4,2,1,0,3,114,0,0x19
10,8,4,3,1,0,2,234,11,0x19
10,8,4,4,1,1,1,303,11,0x19
10,8,4,5,1,1,1,327,10,0x19
10,8,4,6,1,1,1,303,11,0x19
10,8,4,7,1,0,2,234,11,0x19
10,8,4,8,1,0,3,114,0,0x19
10,8,4,9,1,0,4,40,39,0x19
10,8,5,1,1,0,4,44,43,0x19
10,8,5,2,1,0,3,124,0,0x19
10,8,5,3,1,0,2,253,11,0x19
10,8,5,4,1,1,1,327,10,0x19
10,8,5,5,1,0,0,355,9,0x3F
10,8,5,6,1,1,1,327,10,0x19
10,8,5,7,1,0,2,253,11,0x19
10,8,5,8,1,0,3,124,0,0x19
10,8,5,9,1,0,4,44,43,0x19
10,8,6,1,1,0,4,40,39,0x19
10,8,6,2,1,0,3,114,0,0x19
10,8,6,3,1,0,2,234,11,0x19
10,8,6,4,1,1,1,303,11,0x19
10,8,6,5,1,1,1,327,10,0x19
10,8,6,6,1,1,1,303,11,0x19
10,8,6,7,1,0,2,234,11,0x19
10,8,6,8,1,0,3,114,0,0x19
10,8,6,9,1,0,4,40,39,0x19
10,8,7,1,1,0,4,28,28,0x19
10,8,7,2,1,0,3,82,0,0x19
10,8,7,3,1,0,2,175,12,0x19
10,8,7,4,1,0,2,234,11,0x19
10,8,7,5,1,0,2,253,11,0x19
10,8,7,6,1,0,2,234,11,0x19
10,8,7,7,1,0,2,175,12,0x19
10,8,7,8,1,0,3,82,0,0x19
10,8,7,9,1,0,4,28,28,0x19
10,8,8,2,1,0,4,35,34,0x19
10,8,8,3,1,0,3,82,0,0x19
10,8,8,4,1,0,3,114,0,0x19
10,8,8,5,1,0,3,124,0,0x19
10,8,8,6,1,0,3,114,0,0x19
10,8,8,7,1,0,3,82,0,0x19
10,8,8,8,1,0,4,35,34,0x19
10,8,9,3,1,0,4,28,28,0x19
10,8,9,4,1,0,4,40,39,0x19
10,8,9,5,1,0,4,44,43,0x19
10,8,9,6,1,0,4,40,39,0x19
10,8,9,7,1,0,4,28,28,0x19
10,9,1,3,1,0,4,20,20,0x19
10,9,1,4,1,0,4,31,31,0x19
10,9,1,5,1,0,4,35,34,0x19
10,9,1,6,1,0,4,31,31,0x19
10,9,1,7,1,0,4,20,20,0x19
10,9,2,2,1,0,4,29,29,0x19
10,9,2,3,1,0,3,63,0,0x19
10,9,2,4,1,0,3,91,0,0x19
10,9,2,5,1,0,3,101,0,0x19
10,9,2,6,1,0,3,91,0,0x19
10,9,2,7,1,0,3,63,0,0x19
10,9,2,8,1,0,4,29,29,0x19
10,9,3,1,1,0,4,20,20,0x19
10,9,3,2,1,0,3,63,0,0x19
10,9,3,3,1,0,3,127,0,0x19
10,9,3,4,1,0,2,196,12,0x19
10,9,3,5,1,0,2,212,11,0x19
10,9,3,6,1,0,2,196,12,0x19
10,9,3,7,1,0,3,127,0,0x19
10,9,3,8,1,0,3,63,0,0x19
10,9,3,9,1,0,4,20,20,0x19
10,9,4,1,1,0,4,31,31,0x19
10,9,4,2,1,0,3,91,0,0x19
10,9,4,3,1,0,2,196,12,0x19
10,9,4,4,1,1,1,267,12,0x19
10,9,4,5,1,1,1,290,11,0x19
10,9,4,6,1,1,1,267,12,0x19
10,9,4,7,1,0,2,196,12,0x19
10,9,4,8,1,0,3,91,0,0x19
10,9,4,9,1,0,4,31,31,0x19
10,9,5,1,1,0,4,35,34,0x19
10,9,5,2,1,0,3,101,0,0x19
10,9,5,3,1,0,2,212,11,0x19
10,9,5,4,1,1,1,290,11,0x19
10,9,5,5,1,1,1,314,11,0x19
10,9,5,6,1,1,1,290,11,0x19
10,9,5,7,1,0,2,212,11,0x19
10,9,5,8,1,0,3,101,0,0x19
10,9,5,9,1,0,4,35,34,0x19
10,9,6,1,1,0,4,31,31,0x19
10,9,6,2,1,0,3,91,0,0x19
10,9,6,3,1,0,2,196,12,0x19
10,9,6,4,1,1,1,267,12,0x19
10,9,6,5,1,1,1,290,11,0x19
10,9,6,6,1,1,1,267,12,0x19
10,9,6,7,1,0,2,196,12,0x19
10,9,6,8,1,0,3,91,0,0x19
10,9,6,9,1,0,4,31,31,0x19
10,9,7,1,1,0,4,20,20,0x19
10,9,7,2,1,0,3,63,0,0x19
10,9,7,3,1,0,3,127,0,0x19
10,9,7,4,1,0,2,196,12,0x19
10,9,7,5,1,0,2,212,11,0x19
10,9,7,6,1,0,2,196,12,0x19
10,9,7,7,1,0,3,127,0,0x19
10,9,7,8,1,0,3,63,0,0x19
10,9,7,9,1,0,4,20,20,0x19
10,9,8,2,1,0,4,29,29,0x19
10,9,8,3,1,0,3,63,0,0x19
10,9,8,4,1,0,3,91,0,0x19
10,9,8,5,1,0,3,101,0,0x19
10,9,8,6,1,0,3,91,0,0x19
10,9,8,7,1,0,3,63,0,0x19
10,9,8,8,1,0,4,29,29,0x19
10,9,9,3,1,0,4,20,20,0x19
10,9,9,4,1,0,4,31,31,0x19
10,9,9,5,1,0,4,35,34,0x19
10,9,9,6,1,0,4,31,31,0x19
10,9,9,7,1,0,4,20,20,0x19
10,10,1,4,1,0,4,17,17,0x19
10,10,1,5,1,0,4,21,21,0x19
10,10,1,6,1,0,4,17,17,0x19
10,10,2,2,1,0,4,15,15,0x19
10,10,2,3,1,0,4,31,31,0x19
10,10,2,4,1,0,4,52,51,0x19
10,10,2,5,1,0,3,62,0,0x19
10,10,2,6,1,0,4,52,51,0x19
10,10,2,7,1,0,4,31,31,0x19
10,10,2,8,1,0,4,15,15,0x19
10,10,3,2,1,0,4,31,31,0x19
10,10,3,3,1,0,3,71,0,0x19
10,10,3,4,1,0,3,111,1,0x19
10,10,3,5,1,0,3,126,0,0x19
10,10,3,6,1,0,3,111,1,0x19
10,10,3,7,1,0,3,71,0,0x19
10,10,3,8,1,0,4,31,31,0x19
10,10,4,1,1,0,4,17,17,0x19
10,10,4,2,1,0,4,52,51,0x19
10,10,4,3,1,0,3,111,1,0x19
10,10,4,4,1,0,2,182,11,0x19
10,10,4,5,1,0,2,201,11,0x19
10,10,4,6,1,0,2,182,11,0x19
10,10,4,7,1,0,3,111,1,0x19
10,10,4,8,1,0,4,52,51,0x19
10,10,4,9,1,0,4,17,17,0x19
10,10,5,1,1,0,4,21,21,0x19
10,10,5,2,1,0,3,62,0,0x19
10,10,5,3,1,0,3,126,0,0x19
10,10,5,4,1,0,2,201,11,0x19
10,10,5,5,1,0,2,223,10,0x19
10,10,5,6,1,0,2,201,11,0x19
10,10,5,7,1,0,3,126,0,0x19
10,10,5,8,1,0,3,62,0,0x19
10,10,5,9,1,0,4,21,21,0x19
10,10,6,1,1,0,4,17,17,0x19
10,10,6,2,1,0,4,52,51,0x19
10,10,6,3,1,0,3,111,1,0x19
10,10,6,4,1,0,2,182,11,0x19
10,10,6,5,1,0,2,201,11,0x19
10,10,6,6,1,0,2,182,11,0x19
10,10,6,7,1,0,3,111,1,0x19
10,10,6,8,1,0,4,52,51,0x19
10,10,6,9,1,0,4,17,17,0x19
10,10,7,2,1,0,4,31,31,0x19
10,10,7,3,1,0,3,71,0,0x19
10,10,7,4,1,0,3,111,1,0x19
10,10,7,5,1,0,3,126,0,0x19
10,10,7,6,1,0,3,111,1,0x19
10,10,7,7,1,0,3,71,0,0x19
10,10,7,8,1,0,4,31,31,0x19
10,10,8,2,1,0,4,15,15,0x19
10,10,8,3,1,0,4,31,31,0x19
10,10,8,4,1,0,4,52,51,0x19
10,10,8,5,1,0,3,62,0,0x19
10,10,8,6,1,0,4,52,51,0x19
10,10,8,7,1,0,4,31,31,0x19
10,10,8,8,1,0,4,15,15,0x19
10,10,9,4,1,0,4,17,17,0x19
10,10,9,5,1,0,4,21,21,0x19
10,10,9,6,1,0,4,17,17,0x19
11,0,1,4,0,0,4,17,17,0x00
11,0,1,5,0,0,4,21,21,0x00
11,0,1,6,0,0,4,17,17,0x00
11,0,2,2,0,0,4,15,15,0x00
11,0,2,3,0,0,4,31,31,0x00
11,0,2,4,0,0,4,52,51,0x00
11,0,2,5,0,0,3,62,0,0x00
11,0,2,6,0,0,4,52,51,0x00
11,0,2,7,0,0,4,31,31,0x00
11,0,2,8,0,0,4,15,15,0x00
11,0,3,2,0,0,4,31,31,0x00
11,0,3,3,0,0,3,71,0,0x00
11,0,3,4,0,0,3,110,0,0x00
11,0,3,5,0,0,3,123,0,0x00
11,0,3,6,0,0,3,110,0,0x00
11,0,3,7,0,0,3,71,0,0x00
11,0,3,8,0,0,4,31,31,0x00
11,0,4,1,0,0,4,17,17,0x00
11,0,4,2,0,0,4,52,51,0x00
11,0,4,3,0,0,3,110,0,0x00
11,0,4,4,0,0,2,176,11,0x00
11,0,4,5,0,0,2,197,10,0x00
11,0,4,6,0,0,2,176,11,0x00
11,0,4,7,0,0,3,110,0,0x00
11,0,4,8,0,0,4,52,51,0x00
11,0,4,9,0,0,4,17,17,0x00
11,0,5,1,0,0,4,21,21,0x00
11,0,5,2,0,0,3,62,0,0x00
11,0,5,3,0,0,3,123,0,0x00
11,0,5,4,0,0,2,197,10,0x00
11,0,5,5,0,0,2,218,10,0x00
11,0,5,6,0,0,2,197,10,0x00
11,0,5,7,0,0,3,123,0,0x00
11,0,5,8,0,0,3,62,0,0x00
11,0,5,9,0,0,4,21,21,0x00
11,0,6,1,0,0,4,17,17,0x00
11,0,6,2,0,0,4,52,51,0x00
11,0,6,3,0,0,3,110,0,0x00
11,0,6,4,0,0,2,176,11,0x00
11,0,6,5,0,0,2,197,10,0x00
11,0,6,6,0,0,2,176,11,0x00
11,0,6,7,0,0,3,110,0,0x00
11,0,6,8,0,0,4,52,51,0x00
11,0,6,9,0,0,4,17,17,0x00
11,0,7,2,0,0,4,31,31,0x00
11,0,7,3,0,0,3,71,0,0x00
11,0,7,4,0,0,3,110,0,0x00
11,0,7,5,0,0,3,123,0,0x00
11,0,7,6,0,0,3,110,0,0x00
11,0,7,7,0,0,3,71,0,0x00
11,0,7,8,0,0,4,31,31,0x00
11,0,8,2,0,0,4,15,15,0x00
11,0,8,3,0,0,4,31,31,0x00
11,0,8,4,0,0,4,52,51,0x00
11,0,8,5,0,0,3,62,0,0x00
11,0,8,6,0,0,4,52,51,0x00
11,0,8,7,0,0,4,31,31,0x00
11,0,8,8,0,0,4,15,15,0x00
11,0,9,4,0,0,4,17,17,0x00
11,0,9,5,0,0,4,21,21,0x00
11,0,9,6,0,0,4,17,17,0x00
11,1,1,3,0,0,4,20,20,0x00
11,1,1,4,0,0,4,31,31,0x00
11,1,1,5,0,0,4,35,34,0x00
11,1,1,6,0,0,4,31,31,0x00
11,1,1,7,0,0,4,20,20,0x00
11,1,2,2,0,0,4,29,29,0x00
11,1,2,3,0,0,3,63,0,0x00
11,1,2,4,0,0,3,91,0,0x00
11,1,2,5,0,0,3,101,0,0x00
11,1,2,6,0,0,3,91,0,0x00
11,1,2,7,0,0,3,63,0,0x00
11,1,2,8,0,0,4,29,29,0x00
11,1,3,1,0,0,4,20,20,0x00
11,1,3,2,0,0,3,63,0,0x00
11,1,3,3,0,0,3,128,0,0x00
11,1,3,4,0,0,2,194,11,0x00
11,1,3,5,0,0,2,214,12,0x00
11,1,3,6,0,0,2,194,11,0x00
11,1,3,7,0,0,3,128,0,0x00
11,1,3,8,0,0,3,63,0,0x00
11,1,3,9,0,0,4,20,20,0x00
11,1,4,1,0,0,4,31,31,0x00
11,1,4,2,0,0,3,91,0,0x00
11,1,4,3,0,0,2,194,11,0x00
11,1,4,4,0,0,1,263,11,0x00
11,1,4,5,0,0,1,290,12,0x00
11,1,4,6,0,0,1,263,11,0x00
11,1,4,7,0,0,2,194,11,0x00
11,1,4,8,0,0,3,91,0,0x00
11,1,4,9,0,0,4,31,31,0x00
11,1,5,1,0,0,4,35,34,0x00
11,1,5,2,0,0,3,101,0,0x00
11,1,5,3,0,0,2,214,12,0x00
11,1,5,4,0,0,1,290,12,0x00
11,1,5,5,0,0,1,311,11,0x00
11,1,5,6,0,0,1,290,12,0x00
11,1,5,7,0,0,2,214,12,0x00
11,1,5,8,0,0,3,101,0,0x00
11,1,5,9,0,0,4,35,34,0x00
11,1,6,1,0,0,4,31,31,0x00
11,1,6,2,0,0,3,91,0,0x00
11,1,6,3,0,0,2,194,11,0x00
11,1,6,4,0,0,1,263,11,0x00
11,1,6,5,0,0,1,290,12,0x00
11,1,6,6,0,0,1,263,11,0x00
11,1,6,7,0,0,2,194,11,0x00
11,1,6,8,0,0,3,91,0,0x00
11,1,6,9,0,0,4,31,31,0x00
11,1,7,1,0,0,4,20,20,0x00
11,1,7,2,0,0,3,63,0,0x00
11,1,7,3,0,0,3,128,0,0x00
11,1,7,4,0,0,2,194,11,0x00
11,1,7,5,0,0,2,214,12,0x00
11,1,7,6,0,0,2,194,11,0x00
11,1,7,7,0,0,3,128,0,0x00
11,1,7,8,0,0,3,63,0,0x00
11,1,7,9,0,0,4,20,20,0x00
11,1,8,2,0,0,4,29,29,0x00
11,1,8,3,0,0,3,63,0,0x00
11,1,8,4,0,0,3,91,0,0x00
11,1,8,5,0,0,3,101,0,0x00
11,1,8,6,0,0,3,91,0,0x00
11,1,8,7,0,0,3,63,0,0x00
11,1,8,8,0,0,4,29,29,0x00
11,1,9,3,0,0,4,20,20,0x00
11,1,9,4,0,0,4,31,31,0x00
11,1,9,5,0,0,4,35,34,0x00
11,1,9,6,0,0,4,31,31,0x00
11,1,9,7,0,0,4,20,20,0x00
11,2,1,3,0,0,4,28,28,0x00
11,2,1,4,0,0,4,40,39,0x00
11,2,1,5,0,0,4,44,43,0x00
11,2,1,6,0,0,4,40,39,0x00
11,2,1,7,0,0,4,28,28,0x00
11,2,2,2,0,0,4,35,34,0x00
11,2,2,3,0,0,3,82,0,0x00
11,2,2,4,0,0,3,114,0,0x00
11,2,2,5,0,0,3,124,0,0x00
11,2,2,6,0,0,3,114,0,0x00
11,2,2,7,0,0,3,82,0,0x00
11,2,2,8,0,0,4,35,34,0x00
11,2,3,1,0,0,4,28,28,0x00
11,2,3,2,0,0,3,82,0,0x00
11,2,3,3,0,0,2,177,13,0x00
11,2,3,4,0,0,2,239,12,0x00
11,2,3,5,0,0,2,251,12,0x00
11,2,3,6,0,0,2,239,12,0x00
11,2,3,7,0,0,2,177,13,0x00
11,2,3,8,0,0,3,82,0,0x00
11,2,3,9,0,0,4,28,28,0x00
11,2,4,1,0,0,4,40,39,0x00
11,2,4,2,0,0,3,114,0,0x00
11,2,4,3,0,0,2,239,12,0x00
11,2,4,4,0,0,1,308,13,0x00
11,2,4,5,0,0,1,327,11,0x00
11,2,4,6,0,0,1,308,13,0x00
11,2,4,7,0,0,2,239,12,0x00
11,2,4,8,0,0,3,114,0,0x00
11,2,4,9,0,0,4,40,39,0x00
11,2,5,1,0,0,4,44,43,0x00
11,2,5,2,0,0,3,124,0,0x00
11,2,5,3,0,0,2,251,12,0x00
11,2,5,4,0,0,1,327,11,0x00
11,2,5,5,0,1,0,349,11,0x00
11,2,5,6,0,0,1,327,11,0x00
11,2,5,7,0,0,2,251,12,0x00
11,2,5,8,0,0,3,124,0,0x00
11,2,5,9,0,0,4,44,43,0x00
11,2,6,1,0,0,4,40,39,0x00
11,2,6,2,0,0,3,114,0,0x00
11,2,6,3,0,0,2,239,12,0x00
11,2,6,4,0,0,1,308,13,0x00
11,2,6,5,0,0,1,327,11,0x00
11,2,6,6,0,0,1,308,13,0x00
11,2,6,7,0,0,2,239,12,0x00
11,2,6,8,0,0,3,114,0,0x00
11,2,6,9,0,0,4,40,39,0x00
11,2,7,1,0,0,4,28,28,0x00
11,2,7,2,0,0,3,82,0,0x00
11,2,7,3,0,0,2,177,13,0x00
11,2,7,4,0,0,2,239,12,0x00
11,2,7,5,0,0,2,251,12,0x00
11,2,7,6,0,0,2,239,12,0x00
11,2,7,7,0,0,2,177,13,0x00
11,2,7,8,0,0,3,82,0,0x00
11,2,7,9,0,0,4,28,28,0x00
11,2,8,2,0,0,4,35,34,0x00
11,2,8,3,0,0,3,82,0,0x00
11,2,8,4,0,0,3,114,0,0x00
11,2,8,5,0,0,3,124,0,0x00
11,2,8,6,0,0,3,114,0,0x00
11,2,8,7,0,0,3,82,0,0x00
11,2,8,8,0,0,4,35,34,0x00
11,2,9,3,0,0,4,28,28,0x00
11,2,9,4,0,0,4,40,39,0x00
11,2,9,5,0,0,4,44,43,0x00
11,2,9,6,0,0,4,40,39,0x00
11,2,9,7,0,0,4,28,28,0x00
11,3,1,3,0,0,4,29,29,0x00
11,3,1,4,0,0,4,41,40,0x00
11,3,1,5,0,0,4,46,45,0x00
11,3,1,6,0,0,4,41,40,0x00
11,3,1,7,0,0,4,29,29,0x00
11,3,2,2,0,0,4,36,35,0x00
11,3,2,3,0,0,3,84,0,0x00
11,3,2,4,0,0,3,116,0,0x00
11,3,2,5,0,0,3,127,0,0x00
11,3,2,6,0,0,3,116,0,0x00
11,3,2,7,0,0,3,84,0,0x00
11,3,2,8,0,0,4,36,35,0x00
11,3,3,1,0,0,4,29,29,0x00
11,3,3,2,0,0,3,84,0,0x00
11,3,3,3,0,0,2,182,11,0x00
11,3,3,4,0,0,2,240,10,0x00
11,3,3,5,0,0,2,258,10,0x00
11,3,3,6,0,0,2,240,10,0x00
11,3,3,7,0,0,2,182,11,0x00
11,3,3,8,0,0,3,84,0,0x00
11,3,3,9,0,0,4,29,29,0x00
11,3,4,1,0,0,4,41,40,0x00
11,3,4,2,0,0,3,116,0,0x00
11,3,4,3,0,0,2,240,10,0x00
11,3,4,4,0,0,1,316,11,0x00
11,3,4,5,0,0,1,335,13,0x00
11,3,4,6,0,0,1,316,11,0x00
11,3,4,7,0,0,2,240,10,0x00
11,3,4,8,0,0,3,116,0,0x00
11,3,4,9,0,0,4,41,40,0x00
11,3,5,1,0,0,4,46,45,0x00
11,3,5,2,0,0,3,127,0,0x00
11,3,5,3,0,0,2,258,10,0x00
11,3,5,4,0,0,1,335,13,0x00
11,3,5,5,0,1,0,355,13,0x00
11,3,5,6,0,0,1,335,13,0x00
11,3,5,7,0,0,2,258,10,0x00
11,3,5,8,0,0,3,127,0,0x00
11,3,5,9,0,0,4,46,45,0x00
11,3,6,1,0,0,4,41,40,0x00
11,3,6,2,0,0,3,116,0,0x00
11,3,6,3,0,0,2,240,10,0x00
11,3,6,4,0,0,1,316,11,0x00
11,3,6,5,0,0,1,335,13,0x00
11,3,6,6,0,0,1,316,11,0x00
11,3,6,7,0,0,2,240,10,0x00
11,3,6,8,0,0,3,116,0,0x00
11,3,6,9,0,0,4,41,40,0x00
11,3,7,1,0,0,4,29,29,0x00
11,3,7,2,0,0,3,84,0,0x00
11,3,7,3,0,0,2,182,11,0x00
11,3,7,4,0,0,2,240,10,0x00
11,3,7,5,0,0,2,258,10,0x00
11,3,7,6,0,0,2,240,10,0x00
11,3,7,7,0,0,2,182,11,0x00
11,3,7,8,0,0,3,84,0,0x00
11,3,7,9,0,0,4,29,29,0x00
11,3,8,2,0,0,4,36,35,0x00
11,3,8,3,0,0,3,84,0,0x00
11,3,8,4,0,0,3,116,0,0x00
11,3,8,5,0,0,3,127,0,0x00
11,3,8,6,0,0,3,116,0,0x00
11,3,8,7,0,0,3,84,0,0x00
11,3,8,8,0,0,4,36,35,0x00
11,3,9,3,0,0,4,29,29,0x00
11,3,9,4,0,0,4,41,40,0x00
11,3,9,5,0,0,4,46,45,0x00
11,3,9,6,0,0,4,41,40,0x00
11,3,9,7,0,0,4,29,29,0x00
11,4,1,3,0,0,4,24,24,0x00
11,4,1,4,0,0,4,35,34,0x00
11,4,1,5,0,0,4,39,38,0x00
11,4,1,6,0,0,4,35,34,0x00
11,4,1,7,0,0,4,24,24,0x00
11,4,2,2,0,0,4,31,31,0x00
11,4,2,3,0,0,3,69,0,0x00
11,4,2,4,0,0,3,99,0,0x00
11,4,2,5,0,0,3,110,0,0x00
11,4,2,6,0,0,3,99,0,0x00
11,4,2,7,0,0,3,69,0,0x00
11,4,2,8,0,0,4,31,31,0x00
11,4,3,1,0,0,4,24,24,0x00
11,4,3,2,0,0,3,69,0,0x00
11,4,3,3,0,0,3,137,1,0x00
11,4,3,4,0,0,2,209,11,0x00
11,4,3,5,0,0,2,229,13,0x00
11,4,3,6,0,0,2,209,11,0x00
11,4,3,7,0,0,3,137,1,0x00
11,4,3,8,0,0,3,69,0,0x00
11,4,3,9,0,0,4,24,24,0x00
11,4,4,1,0,0,4,35,34,0x00
11,4,4,2,0,0,3,99,0,0x00
11,4,4,3,0,0,2,209,11,0x00
11,4,4,4,0,0,1,277,12,0x00
11,4,4,5,0,0,1,300,12,0x00
11,4,4,6,0,0,1,277,12,0x00
11,4,4,7,0,0,2,209,11,0x00
11,4,4,8,0,0,3,99,0,0x00
11,4,4,9,0,0,4,35,34,0x00
11,4,5,1,0,0,4,39,38,0x00
11,4,5,2,0,0,3,110,0,0x00
11,4,5,3,0,0,2,229,13,0x00
11,4,5,4,0,0,1,300,12,0x00
11,4,5,5,0,0,1,320,12,0x00
11,4,5,6,0,0,1,300,12,0x00
11,4,5,7,0,0,2,229,13,0x00
11,4,5,8,0,0,3,110,0,0x00
11,4,5,9,0,0,4,39,38,0x00
11,4,6,1,0,0,4,35,34,0x00
11,4,6,2,0,0,3,99,0,0x00
11,4,6,3,0,0,2,209,11,0x00
11,4,6,4,0,0,1,277,12,0x00
11,4,6,5,0,0,1,300,12,0x00
11,4,6,6,0,0,1,277,12,0x00
11,4,6,7,0,0,2,209,11,0x00
11,4,6,8,0,0,3,99,0,0x00
11,4,6,9,0,0,4,35,34,0x00
11,4,7,1,0,0,4,24,24,0x00
11,4,7,2,0,0,3,69,0,0x00
11,4,7,3,0,0,3,137,1,0x00
11,4,7,4,0,0,2,209,11,0x00
11,4,7,5,0,0,2,229,13,0x00
11,4,7,6,0,0,2,209,11,0x00
11,4,7,7,0,0,3,137,1,0x00
11,4,7,8,0,0,3,69,0,0x00
11,4,7,9,0,0,4,24,24,0x00
11,4,8,2,0,0,4,31,31,0x00
11,4,8,3,0,0,3,69,0,0x00
11,4,8,4,0,0,3,99,0,0x00
11,4,8,5,0,0,3,110,0,0x00
11,4,8,6,0,0,3,99,0,0x00
11,4,8,7,0,0,3,69,0,0x00
11,4,8,8,0,0,4,31,31,0x00
11,4,9,3,0,0,4,24,24,0x00
11,4,9,4,0,0,4,35,34,0x00
11,4,9,5,0,0,4,39,38,0x00
11,4,9,6,0,0,4,35,34,0x00
11,4,9,7,0,0,4,24,24,0x00
11,5,1,3,0,0,4,15,15,0x00
11,5,1,4,0,0,4,23,23,0x00
11,5,1,5,0,0,4,26,26,0x00
11,5,1,6,0,0,4,23,23,0x00
11,5,1,7,0,0,4,15,15,0x00
11,5,2,2,0,0,4,19,19,0x00
11,5,2,3,0,0,4,43,42,0x00
11,5,2,4,0,0,3,66,0,0x00
11,5,2,5,0,0,3,76,0,0x00
11,5,2,6,0,0,3,66,0,0x00
11,5,2,7,0,0,4,43,42,0x00
11,5,2,8,0,0,4,19,19,0x00
11,5,3,1,0,0,4,15,15,0x00
11,5,3,2,0,0,4,43,42,0x00
11,5,3,3,0,0,3,86,0,0x00
11,5,3,4,0,0,3,130,0,0x00
11,5,3,5,0,0,2,160,12,0x00
11,5,3,6,0,0,3,130,0,0x00
11,5,3,7,0,0,3,86,0,0x00
11,5,3,8,0,0,4,43,42,0x00
11,5,3,9,0,0,4,15,15,0x00
11,5,4,1,0,0,4,23,23,0x00
11,5,4,2,0,0,3,66,0,0x00
11,5,4,3,0,0,3,130,0,0x00
11,5,4,4,0,0,2,196,11,0x00
11,5,4,5,0,0,2,221,11,0x00
11,5,4,6,0,0,2,196,11,0x00
11,5,4,7,0,0,3,130,0,0x00
11,5,4,8,0,0,3,66,0,0x00
11,5,4,9,0,0,4,23,23,0x00
11,5,5,1,0,0,4,26,26,0x00
11,5,5,2,0,0,3,76,0,0x00
11,5,5,3,0,0,2,160,12,0x00
11,5,5,4,0,0,2,221,11,0x00
11,5,5,5,0,0,2,235,12,0x00
11,5,5,6,0,0,2,221,11,0x00
11,5,5,7,0,0,2,160,12,0x00
11,5,5,8,0,0,3,76,0,0x00
11,5,5,9,0,0,4,26,26,0x00
11,5,6,1,0,0,4,23,23,0x00
11,5,6,2,0,0,3,66,0,0x00
11,5,6,3,0,0,3,130,0,0x00
11,5,6,4,0,0,2,196,11,0x00
11,5,6,5,0,0,2,221,11,0x00
11,5,6,6,0,0,2,196,11,0x00
11,5,6,7,0,0,3,130,0,0x00
11,5,6,8,0,0,3,66,0,0x00
11,5,6,9,0,0,4,23,23,0x00
11,5,7,1,0,0,4,15,15,0x00
11,5,7,2,0,0,4,43,42,0x00
11,5,7,3,0,0,3,86,0,0x00
11,5,7,4,0,0,3,130,0,0x00
11,5,7,5,0,0,2,160,12,0x00
11,5,7,6,0,0,3,130,0,0x00
11,5,7,7,0,0,3,86,0,0x00
11,5,7,8,0,0,4,43,42,0x00
11,5,7,9,0,0,4,15,15,0x00
11,5,8,2,0,0,4,19,19,0x00
11,5,8,3,0,0,4,43,42,0x00
11,5,8,4,0,0,3,66,0,0x00
11,5,8,5,0,0,3,76,0,0x00
11,5,8,6,0,0,3,66,0,0x00
11,5,8,7,0,0,4,43,42,0x00
11,5,8,8,0,0,4,19,19,0x00
11,5,9,3,0,0,4,15,15,0x00
11,5,9,4,0,0,4,23,23,0x00
11,5,9,5,0,0,4,26,26,0x00
11,5,9,6,0,0,4,23,23,0x00
11,5,9,7,0,0,4,15,15,0x00
11,6,2,3,0,0,4,19,19,0x00
11,6,2,4,0,0,4,30,30,0x00
11,6,2,5,0,0,4,32,31,0x00
11,6,2,6,0,0,4,30,30,0x00
11,6,2,7,0,0,4,19,19,0x00
11,6,3,2,0,0,4,19,19,0x00
11,6,3,3,0,0,4,42,41,0x00
11,6,3,4,0,0,3,65,0,0x00
11,6,3,5,0,0,3,74,0,0x00
11,6,3,6,0,0,3,65,0,0x00
11,6,3,7,0,0,4,42,41,0x00
11,6,3,8,0,0,4,19,19,0x00
11,6,4,2,0,0,4,30,30,0x00
11,6,4,3,0,0,3,65,0,0x00
11,6,4,4,0,0,3,94,0,0x00
11,6,4,5,0,0,3,105,0,0x00
11,6,4,6,0,0,3,94,0,0x00
11,6,4,7,0,0,3,65,0,0x00
11,6,4,8,0,0,4,30,30,0x00
11,6,5,2,0,0,4,32,31,0x00
11,6,5,3,0,0,3,74,0,0x00
11,6,5,4,0,0,3,105,0,0x00
11,6,5,5,0,0,3,116,0,0x00
11,6,5,6,0,0,3,105,0,0x00
11,6,5,7,0,0,3,74,0,0x00
11,6,5,8,0,0,4,32,31,0x00
11,6,6,2,0,0,4,30,30,0x00
11,6,6,3,0,0,3,65,0,0x00
11,6,6,4,0,0,3,94,0,0x00
11,6,6,5,0,0,3,105,0,0x00
11,6,6,6,0,0,3,94,0,0x00
11,6,6,7,0,0,3,65,0,0x00
11,6,6,8,0,0,4,30,30,0x00
11,6,7,2,0,0,4,19,19,0x00
11,6,7,3,0,0,4,42,41,0x00
11,6,7,4,0,0,3,65,0,0x00
11,6,7,5,0,0,3,74,0,0x00
11,6,7,6,0,0,3,65,0,0x00
11,6,7,7,0,0,4,42,41,0x00
11,6,7,8,0,0,4,19,19,0x00
11,6,8,3,0,0,4,19,19,0x00
11,6,8,4,0,0,4,30,30,0x00
11,6,8,5,0,0,4,32,31,0x00
11,6,8,6,0,0,4,30,30,0x00
11,6,8,7,0,0,4,19,19,0x00
11,7,3,3,0,0,4,14,14,0x00
11,7,3,4,0,0,4,23,23,0x00
11,7,3,5,0,0,4,26,26,0x00
11,7,3,6,0,0,4,23,23,0x00
11,7,3,7,0,0,4,14,14,0x00
11,7,4,3,0,0,4,23,23,0x00
11,7,4,4,0,0,4,33,32,0x00
11,7,4,5,0,0,4,37,36,0x00
11,7,4,6,0,0,4,33,32,0x00
11,7,4,7,0,0,4,23,23,0x00
11,7,5,3,0,0,4,26,26,0x00
11,7,5,4,0,0,4,37,36,0x00
11,7,5,5,0,0,4,41,40,0x00
11,7,5,6,0,0,4,37,36,0x00
11,7,5,7,0,0,4,26,26,0x00
11,7,6,3,0,0,4,23,23,0x00
11,7,6,4,0,0,4,33,32,0x00
11,7,6,5,0,0,4,37,36,0x00
11,7,6,6,0,0,4,33,32,0x00
11,7,6,7,0,0,4,23,23,0x00
11,7,7,3,0,0,4,14,14,0x00
11,7,7,4,0,0,4,23,23,0x00
11,7,7,5,0,0,4,26,26,0x00
11,7,7,6,0,0,4,23,23,0x00
11,7,7,7,0,0,4,14,14,0x00
11,9,4,4,0,0,4,21,21,0x00
11,9,4,5,0,0,4,26,26,0x00
11,9,4,6,0,0,4,21,21,0x00
11,9,5,4,0,0,4,26,26,0x00
11,9,5,5,0,0,4,31,31,0x00
11,9,5,6,0,0,4,26,26,0x00
11,9,6,4,0,0,4,21,21,0x00
11,9,6,5,0,0,4,26,26,0x00
11,9,6,6,0,0,4,21,21,0x00
11,10,2,4,0,0,4,20,20,0x00
11,10,2,5,0,0,4,25,25,0x00
11,10,2,6,0,0,4,20,20,0x00
11,10,3,3,0,0,4,26,26,0x00
11,10,3,4,0,0,4,44,43,0x00
11,10,3,5,0,0,4,50,49,0x00
11,10,3,6,0,0,4,44,43,0x00
11,10,3,7,0,0,4,26,26,0x00
11,10,4,2,0,0,4,20,20,0x00
11,10,4,3,0,0,4,44,43,0x00
11,10,4,4,0,0,3,75,0,0x00
11,10,4,5,0,0,3,86,0,0x00
11,10,4,6,0,0,3,75,0,0x00
11,10,4,7,0,0,4,44,43,0x00
11,10,4,8,0,0,4,20,20,0x00
11,10,5,2,0,0,4,25,25,0x00
11,10,5,3,0,0,4,50,49,0x00
11,10,5,4,0,0,3,86,0,0x00
11,10,5,5,0,0,3,98,0,0x00
11,10,5,6,0,0,3,86,0,0x00
11,10,5,7,0,0,4,50,49,0x00
11,10,5,8,0,0,4,25,25,0x00
11,10,6,2,0,0,4,20,20,0x00
11,10,6,3,0,0,4,44,43,0x00
11,10,6,4,0,0,3,75,0,0x00
11,10,6,5,0,0,3,86,0,0x00
11,10,6,6,0,0,3,75,0,0x00
11,10,6,7,0,0,4,44,43,0x00
11,10,6,8,0,0,4,20,20,0x00
11,10,7,3,0,0,4,26,26,0x00
11,10,7,4,0,0,4,44,43,0x00
11,10,7,5,0,0,4,50,49,0x00
11,10,7,6,0,0,4,44,43,0x00
11,10,7,7,0,0,4,26,26,0x00
11,10,8,4,0,0,4,20,20,0x00
11,10,8,5,0,0,4,25,25,0x00
11,10,8,6,0,0,4,20,20,0x00
11,0,2,4,1,0,4,20,20,0x19
11,0,2,5,1,0,4,25,25,0x19
11,0,2,6,1,0,4,20,20,0x19
11,0,3,3,1,0,4,26,26,0x19
11,0,3,4,1,0,4,44,43,0x19
11,0,3,5,1,0,4,50,49,0x19
11,0,3,6,1,0,4,44,43,0x19
11,0,3,7,1,0,4,26,26,0x19
11,0,4,2,1,0,4,20,20,0x19
11,0,4,3,1,0,4,44,43,0x19
11,0,4,4,1,0,3,75,0,0x19
11,0,4,5,1,0,3,86,0,0x19
11,0,4,6,1,0,3,75,0,0x19
11,0,4,7,1,0,4,44,43,0x19
11,0,4,8,1,0,4,20,20,0x19
11,0,5,2,1,0,4,25,25,0x19
11,0,5,3,1,0,4,50,49,0x19
11,0,5,4,1,0,3,86,0,0x19
11,0,5,5,1,0,3,98,0,0x19
11,0,5,6,1,0,3,86,0,0x19
11,0,5,7,1,0,4,50,49,0x19
11,0,5,8,1,0,4,25,25,0x19
11,0,6,2,1,0,4,20,20,0x19
11,0,6,3,1,0,4,44,43,0x19
11,0,6,4,1,0,3,75,0,0x19
11,0,6,5,1,0,3,86,0,0x19
11,0,6,6,1,0,3,75,0,0x19
11,0,6,7,1,0,4,44,43,0x19
11,0,6,8,1,0,4,20,20,0x19
11,0,7,3,1,0,4,26,26,0x19
11,0,7,4,1,0,4,44,43,0x19
11,0,7,5,1,0,4,50,49,0x19
11,0,7,6,1,0,4,44,43,0x19
11,0,7,7,1,0,4,26,26,0x19
11,0,8,4,1,0,4,20,20,0x19
11,0,8,5,1,0,4,25,25,0x19
11,0,8,6,1,0,4,20,20,0x19
11,1,4,4,1,0,4,21,21,0x19
11,1,4,5,1,0,4,26,26,0x19
11,1,4,6,1,0,4,21,21,0x19
11,1,5,4,1,0,4,26,26,0x19
11,1,5,5,1,0,4,31,31,0x19
11,1,5,6,1,0,4,26,26,0x19
11,1,6,4,1,0,4,21,21,0x19
11,1,6,5,1,0,4,26,26,0x19
11,1,6,6,1,0,4,21,21,0x19
11,3,3,3,1,0,4,14,14,0x19
11,3,3,4,1,0,4,23,23,0x19
11,3,3,5,1,0,4,26,26,0x19
11,3,3,6,1,0,4,23,23,0x19
11,3,3,7,1,0,4,14,14,0x19
11,3,4,3,1,0,4,23,23,0x19
11,3,4,4,1,0,4,33,32,0x19
11,3,4,5,1,0,4,37,36,0x19
11,3,4,6,1,0,4,33,32,0x19
11,3,4,7,1,0,4,23,23,0x19
11,3,5,3,1,0,4,26,26,0x19
11,3,5,4,1,0,4,37,36,0x19
11,3,5,5,1,0,4,41,40,0x19
11,3,5,6,1,0,4,37,36,0x19
11,3,5,7,1,0,4,26,26,0x19
11,3,6,3,1,0,4,23,23,0x19
11,3,6,4,1,0,4,33,32,0x19
11,3,6,5,1,0,4,37,36,0x19
11,3,6,6,1,0,4,33,32,0x19
11,3,6,7,1,0,4,23,23,0x19
11,3,7,3,1,0,4,14,14,0x19
11,3,7,4,1,0,4,23,23,0x19
11,3,7,5,1,0,4,26,26,0x19
11,3,7,6,1,0,4,23,23,0x19
11,3,7,7,1,0,4,14,14,0x19
11,4,2,3,1,0,4,19,19,0x19
11,4,2,4,1,0,4,30,30,0x19
11,4,2,5,1,0,4,32,31,0x19
11,4,2,6,1,0,4,30,30,0x19
11,4,2,7,1,0,4,19,19,0x19
11,4,3,2,1,0,4,19,19,0x19
11,4,3,3,1,0,4,42,41,0x19
11,4,3,4,1,0,3,65,0,0x19
11,4,3,5,1,0,3,74,0,0x19
11,4,3,6,1,0,3,65,0,0x19
11,4,3,7,1,0,4,42,41,0x19
11,4,3,8,1,0,4,19,19,0x19
11,4,4,2,1,0,4,30,30,0x19
11,4,4,3,1,0,3,65,0,0x19
11,4,4,4,1,0,3,94,0,0x19
11,4,4,5,1,0,3,105,0,0x19
11,4,4,6,1,0,3,94,0,0x19
11,4,4,7,1,0,3,65,0,0x19
11,4,4,8,1,0,4,30,30,0x19
11,4,5,2,1,0,4,32,31,0x19
11,4,5,3,1,0,3,74,0,0x19
11,4,5,4,1,0,3,105,0,0x19
11,4,5,5,1,0,3,116,0,0x19
11,4,5,6,1,0,3,105,0,0x19
11,4,5,7,1,0,3,74,0,0x19
11,4,5,8,1,0,4,32,31,0x19
11,4,6,2,1,0,4,30,30,0x19
11,4,6,3,1,0,3,65,0,0x19
11,4,6,4,1,0,3,94,0,0x19
11,4,6,5,1,0,3,105,0,0x19
11,4,6,6,1,0,3,94,0,0x19
11,4,6,7,1,0,3,65,0,0x19
11,4,6,8,1,0,4,30,30,0x19
11,4,7,2,1,0,4,19,19,0x19
11,4,7,3,1,0,4,42,41,0x19
11,4,7,4,1,0,3,65,0,0x19
11,4,7,5,1,0,3,74,0,0x19
11,4,7,6,1,0,3,65,0,0x19
11,4,7,7,1,0,4,42,41,0x19
11,4,7,8,1,0,4,19,19,0x19
11,4,8,3,1,0,4,19,19,0x19
11,4,8,4,1,0,4,30,30,0x19
11,4,8,5,1,0,4,32,31,0x19
11,4,8,6,1,0,4,30,30,0x19
11,4,8,7,1,0,4,19,19,0x19
11,5,1,3,1,0,4,15,15,0x19
11,5,1,4,1,0,4,23,23,0x19
11,5,1,5,1,0,4,26,26,0x19
11,5,1,6,1,0,4,23,23,0x19
11,5,1,7,1,0,4,15,15,0x19
11,5,2,2,1,0,4,19,19,0x19
11,5,2,3,1,0,4,43,42,0x19
11,5,2,4,1,0,3,66,0,0x19
11,5,2,5,1,0,3,76,0,0x19
11,5,2,6,1,0,3,66,0,0x19
11,5,2,7,1,0,4,43,42,0x19
11,5,2,8,1,0,4,19,19,0x19
11,5,3,1,1,0,4,15,15,0x19
11,5,3,2,1,0,4,43,42,0x19
11,5,3,3,1,0,3,86,0,0x19
11,5,3,4,1,0,3,130,0,0x19
11,5,3,5,1,0,2,160,12,0x19
11,5,3,6,1,0,3,130,0,0x19
11,5,3,7,1,0,3,86,0,0x19
11,5,3,8,1,0,4,43,42,0x19
11,5,3,9,1,0,4,15,15,0x19
11,5,4,1,1,0,4,23,23,0x19
11,5,4,2,1,0,3,66,0,0x19
11,5,4,3,1,0,3,130,0,0x19
11,5,4,4,1,0,2,196,11,0x19
11,5,4,5,1,0,2,221,11,0x19
11,5,4,6,1,0,2,196,11,0x19
11,5,4,7,1,0,3,130,0,0x19
11,5,4,8,1,0,3,66,0,0x19
11,5,4,9,1,0,4,23,23,0x19
11,5,5,1,1,0,4,26,26,0x19
11,5,5,2,1,0,3,76,0,0x19
11,5,5,3,1,0,2,160,12,0x19
11,5,5,4,1,0,2,221,11,0x19
11,5,5,5,1,0,2,235,12,0x19
11,5,5,6,1,0,2,221,11,0x19
11,5,5,7,1,0,2,160,12,0x19
11,5,5,8,1,0,3,76,0,0x19
11,5,5,9,1,0,4,26,26,0x19
11,5,6,1,1,0,4,23,23,0x19
11,5,6,2,1,0,3,66,0,0x19
11,5,6,3,1,0,3,130,0,0x19
11,5,6,4,1,0,2,196,11,0x19
11,5,6,5,1,0,2,221,11,0x19
11,5,6,6,1,0,2,196,11,0x19
11,5,6,7,1,0,3,130,0,0x19
11,5,6,8,1,0,3,66,0,0x19
11,5,6,9,1,0,4,23,23,0x19
11,5,7,1,1,0,4,15,15,0x19
11,5,7,2,1,0,4,43,42,0x19
11,5,7,3,1,0,3,86,0,0x19
11,5,7,4,1,0,3,130,0,0x19
11,5,7,5,1,0,2,160,12,0x19
11,5,7,6,1,0,3,130,0,0x19
11,5,7,7,1,0,3,86,0,0x19
11,5,7,8,1,0,4,43,42,0x19
11,5,7,9,1,0,4,15,15,0x19
11,5,8,2,1,0,4,19,19,0x19
11,5,8,3,1,0,4,43,42,0x19
11,5,8,4,1,0,3,66,0,0x19
11,5,8,5,1,0,3,76,0,0x19
11,5,8,6,1,0,3,66,0,0x19
11,5,8,7,1,0,4,43,42,0x19
11,5,8,8,1,0,4,19,19,0x19
11,5,9,3,1,0,4,15,15,0x19
11,5,9,4,1,0,4,23,23,0x19
11,5,9,5,1,0,4,26,26,0x19
11,5,9,6,1,0,4,23,23,0x19
11,5,9,7,1,0,4,15,15,0x19
11,6,1,3,1,0,4,24,24,0x19
11,6,1,4,1,0,4,35,34,0x19
11,6,1,5,1,0,4,39,38,0x19
11,6,1,6,1,0,4,35,34,0x19
11,6,1,7,1,0,4,24,24,0x19
11,6,2,2,1,0,4,31,31,0x19
11,6,2,3,1,0,3,69,0,0x19
11,6,2,4,1,0,3,99,0,0x19
11,6,2,5,1,0,3,110,0,0x19
11,6,2,6,1,0,3,99,0,0x19
11,6,2,7,1,0,3,69,0,0x19
11,6,2,8,1,0,4,31,31,0x19
11,6,3,1,1,0,4,24,24,0x19
11,6,3,2,1,0,3,69,0,0x19
11,6,3,3,1,0,3,137,1,0x19
11,6,3,4,1,0,2,209,11,0x19
11,6,3,5,1,0,2,229,13,0x19
11,6,3,6,1,0,2,209,11,0x19
11,6,3,7,1,0,3,137,1,0x19
11,6,3,8,1,0,3,69,0,0x19
11,6,3,9,1,0,4,24,24,0x19
11,6,4,1,1,0,4,35,34,0x19
11,6,4,2,1,0,3,99,0,0x19
11,6,4,3,1,0,2,209,11,0x19
11,6,4,4,1,0,1,277,12,0x19
11,6,4,5,1,0,1,300,12,0x19
11,6,4,6,1,0,1,277,12,0x19
11,6,4,7,1,0,2,209,11,0x19
11,6,4,8,1,0,3,99,0,0x19
11,6,4,9,1,0,4,35,34,0x19
11,6,5,1,1,0,4,39,38,0x19
11,6,5,2,1,0,3,110,0,0x19
11,6,5,3,1,0,2,229,13,0x19
11,6,5,4,1,0,1,300,12,0x19
11,6,5,5,1,0,1,320,12,0x19
11,6,5,6,1,0,1,300,12,0x19
11,6,5,7,1,0,2,229,13,0x19
11,6,5,8,1,0,3,110,0,0x19
11,6,5,9,1,0,4,39,38,0x19
11,6,6,1,1,0,4,35,34,0x19
11,6,6,2,1,0,3,99,0,0x19
11,6,6,3,1,0,2,209,11,0x19
11,6,6,4,1,0,1,277,12,0x19
11,6,6,5,1,0,1,300,12,0x19
11,6,6,6,1,0,1,277,12,0x19
11,6,6,7,1,0,2,209,11,0x19
11,6,6,8,1,0,3,99,0,0x19
11,6,6,9,1,0,4,35,34,0x19
11,6,7,1,1,0,4,24,24,0x19
11,6,7,2,1,0,3,69,0,0x19
11,6,7,3,1,0,3,137,1,0x19
11,6,7,4,1,0,2,209,11,0x19
11,6,7,5,1,0,2,229,13,0x19
11,6,7,6,1,0,2,209,11,0x19
11,6,7,7,1,0,3,137,1,0x19
11,6,7,8,1,0,3,69,0,0x19
11,6,7,9,1,0,4,24,24,0x19
11,6,8,2,1,0,4,31,31,0x19
11,6,8,3,1,0,3,69,0,0x19
11,6,8,4,1,0,3,99,0,0x19
11,6,8,5,1,0,3,110,0,0x19
11,6,8,6,1,0,3,99,0,0x19
11,6,8,7,1,0,3,69,0,0x19
11,6,8,8,1,0,4,31,31,0x19
11,6,9,3,1,0,4,24,24,0x19
11,6,9,4,1,0,4,35,34,0x19
11,6,9,5,1,0,4,39,38,0x19
11,6,9,6,1,0,4,35,34,0x19
11,6,9,7,1,0,4,24,24,0x19
11,7,1,3,1,0,4,29,29,0x19
11,7,1,4,1,0,4,41,40,0x19
11,7,1,5,1,0,4,46,45,0x19
11,7,1,6,1,0,4,41,40,0x19
11,7,1,7,1,0,4,29,29,0x19
11,7,2,2,1,0,4,36,35,0x19
11,7,2,3,1,0,3,84,0,0x19
11,7,2,4,1,0,3,116,0,0x19
11,7,2,5,1,0,3,127,0,0x19
11,7,2,6,1,0,3,116,0,0x19
11,7,2,7,1,0,3,84,0,0x19
11,7,2,8,1,0,4,36,35,0x19
11,7,3,1,1,0,4,29,29,0x19
11,7,3,2,1,0,3,84,0,0x19
11,7,3,3,1,0,2,182,11,0x19
11,7,3,4,1,0,2,240,10,0x19
11,7,3,5,1,0,2,258,10,0x19
11,7,3,6,1,0,2,240,10,0x19
11,7,3,7,1,0,2,182,11,0x19
11,7,3,8,1,0,3,84,0,0x19
11,7,3,9,1,0,4,29,29,0x19
11,7,4,1,1,0,4,41,40,0x19
11,7,4,2,1,0,3,116,0,0x19
11,7,4,3,1,0,2,240,10,0x19
11,7,4,4,1,0,1,316,11,0x19
11,7,4,5,1,0,1,335,13,0x19
11,7,4,6,1,0,1,316,11,0x19
11,7,4,7,1,0,2,240,10,0x19
11,7,4,8,1,0,3,116,0,0x19
11,7,4,9,1,0,4,41,40,0x19
11,7,5,1,1,0,4,46,45,0x19
11,7,5,2,1,0,3,127,0,0x19
11,7,5,3,1,0,2,258,10,0x19
11,7,5,4,1,0,1,335,13,0x19
11,7,5,5,1,1,0,355,13,0x19
11,7,5,6,1,0,1,335,13,0x19
11,7,5,7,1,0,2,258,10,0x19
11,7,5,8,1,0,3,127,0,0x19
11,7,5,9,1,0,4,46,45,0x19
11,7,6,1,1,0,4,41,40,0x19
11,7,6,2,1,0,3,116,0,0x19
11,7,6,3,1,0,2,240,10,0x19
11,7,6,4,1,0,1,316,11,0x19
11,7,6,5,1,0,1,335,13,0x19
11,7,6,6,1,0,1,316,11,0x19
11,7,6,7,1,0,2,240,10,0x19
11,7,6,8,1,0,3,116,0,0x19
11,7,6,9,1,0,4,41,40,0x19
11,7,7,1,1,0,4,29,29,0x19
11,7,7,2,1,0,3,84,0,0x19
11,7,7,3,1,0,2,182,11,0x19
11,7,7,4,1,0,2,240,10,0x19
11,7,7,5,1,0,2,258,10,0x19
11,7,7,6,1,0,2,240,10,0x19
11,7,7,7,1,0,2,182,11,0x19
11,7,7,8,1,0,3,84,0,0x19
11,7,7,9,1,0,4,29,29,0x19
11,7,8,2,1,0,4,36,35,0x19
11,7,8,3,1,0,3,84,0,0x19
11,7,8,4,1,0,3,116,0,0x19
11,7,8,5,1,0,3,127,0,0x19
11,7,8,6,1,0,3,116,0,0x19
11,7,8,7,1,0,3,84,0,0x19
11,7,8,8,1,0,4,36,35,0x19
11,7,9,3,1,0,4,29,29,0x19
11,7,9,4,1,0,4,41,40,0x19
11,7,9,5,1,0,4,46,45,0x19
11,7,9,6,1,0,4,41,40,0x19
11,7,9,7,1,0,4,29,29,0x19
11,8,1,3,1,0,4,28,28,0x19
11,8,1,4,1,0,4,40,39,0x19
11,8,1,5,1,0,4,44,43,0x19
11,8,1,6,1,0,4,40,39,0x19
11,8,1,7,1,0,4,28,28,0x19
11,8,2,2,1,0,4,35,34,0x19
11,8,2,3,1,0,3,82,0,0x19
11,8,2,4,1,0,3,114,0,0x19
11,8,2,5,1,0,3,124,0,0x19
11,8,2,6,1,0,3,114,0,0x19
11,8,2,7,1,0,3,82,0,0x19
11,8,2,8,1,0,4,35,34,0x19
11,8,3,1,1,0,4,28,28,0x19
11,8,3,2,1,0,3,82,0,0x19
11,8,3,3,1,0,2,177,13,0x19
11,8,3,4,1,0,2,239,12,0x19
11,8,3,5,1,0,2,251,12,0x19
11,8,3,6,1,0,2,239,12,0x19
11,8,3,7,1,0,2,177,13,0x19
11,8,3,8,1,0,3,82,0,0x19
11,8,3,9,1,0,4,28,28,0x19
11,8,4,1,1,0,4,40,39,0x19
11,8,4,2,1,0,3,114,0,0x19
11,8,4,3,1,0,2,239,12,0x19
11,8,4,4,1,0,1,308,13,0x19
11,8,4,5,1,0,1,327,11,0x19
11,8,4,6,1,0,1,308,13,0x19
11,8,4,7,1,0,2,239,12,0x19
11,8,4,8,1,0,3,114,0,0x19
11,8,4,9,1,0,4,40,39,0x19
11,8,5,1,1,0,4,44,43,0x19
11,8,5,2,1,0,3,124,0,0x19
11,8,5,3,1,0,2,251,12,0x19
11,8,5,4,1,0,1,327,11,0x19
11,8,5,5,1,1,0,349,11,0x3F
11,8,5,6,1,0,1,327,11,0x19
11,8,5,7,1,0,2,251,12,0x19
11,8,5,8,1,0,3,124,0,0x19
11,8,5,9,1,0,4,44,43,0x19
11,8,6,1,1,0,4,40,39,0x19
11,8,6,2,1,0,3,114,0,0x19
11,8,6,3,1,0,2,239,12,0x19
11,8,6,4,1,0,1,308,13,0x19
11,8,6,5,1,0,1,327,11,0x19
11,8,6,6,1,0,1,308,13,0x19
11,8,6,7,1,0,2,239,12,0x19
11,8,6,8,1,0,3,114,0,0x19
11,8,6,9,1,0,4,40,39,0x19
11,8,7,1,1,0,4,28,28,0x19
11,8,7,2,1,0,3,82,0,0x19
11,8,7,3,1,0,2,177,13,0x19
11,8,7,4,1,0,2,239,12,0x19
11,8,7,5,1,0,2,251,12,0x19
11,8,7,6,1,0,2,239,12,0x19
11,8,7,7,1,0,2,177,13,0x19
11,8,7,8,1,0,3,82,0,0x19
11,8,7,9,1,0,4,28,28,0x19
11,8,8,2,1,0,4,35,34,0x19
11,8,8,3,1,0,3,82,0,0x19
11,8,8,4,1,0,3,114,0,0x19
11,8,8,5,1,0,3,124,0,0x19
11,8,8,6,1,0,3,114,0,0x19
11,8,8,7,1,0,3,82,0,0x19
11,8,8,8,1,0,4,35,34,0x19
11,8,9,3,1,0,4,28,28,0x19
11,8,9,4,1,0,4,40,39,0x19
11,8,9,5,1,0,4,44,43,0x19
11,8,9,6,1,0,4,40,39,0x19
11,8,9,7,1,0,4,28,28,0x19
11,9,1,3,1,0,4,20,20,0x19
11,9,1,4,1,0,4,31,31,0x19
11,9,1,5,1,0,4,35,34,0x19
11,9,1,6,1,0,4,31,31,0x19
11,9,1,7,1,0,4,20,20,0x19
11,9,2,2,1,0,4,29,29,0x19
11,9,2,3,1,0,3,63,0,0x19
11,9,2,4,1,0,3,91,0,0x19
11,9,2,5,1,0,3,101,0,0x19
11,9,2,6,1,0,3,91,0,0x19
11,9,2,7,1,0,3,63,0,0x19
11,9,2,8,1,0,4,29,29,0x19
11,9,3,1,1,0,4,20,20,0x19
11,9,3,2,1,0,3,63,0,0x19
11,9,3,3,1,0,3,128,0,0x19
11,9,3,4,1,0,2,194,11,0x19
11,9,3,5,1,0,2,214,12,0x19
11,9,3,6,1,0,2,194,11,0x19
11,9,3,7,1,0,3,128,0,0x19
11,9,3,8,1,0,3,63,0,0x19
11,9,3,9,1,0,4,20,20,0x19
11,9,4,1,1,0,4,31,31,0x19
11,9,4,2,1,0,3,91,0,0x19
11,9,4,3,1,0,2,194,11,0x19
11,9,4,4,1,0,1,263,11,0x19
11,9,4,5,1,0,1,290,12,0x19
11,9,4,6,1,0,1,263,11,0x19
11,9,4,7,1,0,2,194,11,0x19
11,9,4,8,1,0,3,91,0,0x19
11,9,4,9,1,0,4,31,31,0x19
11,9,5,1,1,0,4,35,34,0x19
11,9,5,2,1,0,3,101,0,0x19
11,9,5,3,1,0,2,214,12,0x19
11,9,5,4,1,0,1,290,12,0x19
11,9,5,5,1,0,1,311,11,0x19
11,9,5,6,1,0,1,290,12,0x19
11,9,5,7,1,0,2,214,12,0x19
11,9,5,8,1,0,3,101,0,0x19
11,9,5,9,1,0,4,35,34,0x19
11,9,6,1,1,0,4,31,31,0x19
11,9,6,2,1,0,3,91,0,0x19
11,9,6,3,1,0,2,194,11,0x19
11,9,6,4,1,0,1,263,11,0x19
11,9,6,5,1,0,1,290,12,0x19
11,9,6,6,1,0,1,263,11,0x19
11,9,6,7,1,0,2,194,11,0x19
11,9,6,8,1,0,3,91,0,0x19
11,9,6,9,1,0,4,31,31,0x19
11,9,7,1,1,0,4,20,20,0x19
11,9,7,2,1,0,3,63,0,0x19
11,9,7,3,1,0,3,128,0,0x19
11,9,7,4,1,0,2,194,11,0x19
11,9,7,5,1,0,2,214,12,0x19
11,9,7,6,1,0,2,194,11,0x19
11,9,7,7,1,0,3,128,0,0x19
11,9,7,8,1,0,3,63,0,0x19
11,9,7,9,1,0,4,20,20,0x19
11,9,8,2,1,0,4,29,29,0x19
11,9,8,3,1,0,3,63,0,0x19
11,9,8,4,1,0,3,91,0,0x19
11,9,8,5,1,0,3,101,0,0x19
11,9,8,6,1,0,3,91,0,0x19
11,9,8,7,1,0,3,63,0,0x19
11,9,8,8,1,0,4,29,29,0x19
11,9,9,3,1,0,4,20,20,0x19
11,9,9,4,1,0,4,31,31,0x19
11,9,9,5,1,0,4,35,34,0x19
11,9,9,6,1,0,4,31,31,0x19
11,9,9,7,1,0,4,20,20,0x19
11,10,1,4,1,0,4,17,17,0x19
11,10,1,5,1,0,4,21,21,0x19
11,10,1,6,1,0,4,17,17,0x19
11,10,2,2,1,0,4,15,15,0x19
11,10,2,3,1,0,4,31,31,0x19
11,10,2,4,1,0,4,52,51,0x19
11,10,2,5,1,0,3,62,0,0x19
11,10,2,6,1,0,4,52,51,0x19
11,10,2,7,1,0,4,31,31,0x19
11,10,2,8,1,0,4,15,15,0x19
11,10,3,2,1,0,4,31,31,0x19
11,10,3,3,1,0,3,71,0,0x19
11,10,3,4,1,0,3,110,0,0x19
11,10,3,5,1,0,3,123,0,0x19
11,10,3,6,1,0,3,110,0,0x19
11,10,3,7,1,0,3,71,0,0x19
11,10,3,8,1,0,4,31,31,0x19
11,10,4,1,1,0,4,17,17,0x19
11,10,4,2,1,0,4,52,51,0x19
11,10,4,3,1,0,3,110,0,0x19
11,10,4,4,1,0,2,176,11,0x19
11,10,4,5,1,0,2,197,10,0x19
11,10,4,6,1,0,2,176,11,0x19
11,10,4,7,1,0,3,110,0,0x19
11,10,4,8,1,0,4,52,51,0x19
11,10,4,9,1,0,4,17,17,0x19
11,10,5,1,1,0,4,21,21,0x19
11,10,5,2,1,0,3,62,0,0x19
11,10,5,3,1,0,3,123,0,0x19
11,10,5,4,1,0,2,197,10,0x19
11,10,5,5,1,0,2,218,10,0x19
11,10,5,6,1,0,2,197,10,0x19
11,10,5,7,1,0,3,123,0,0x19
11,10,5,8,1,0,3,62,0,0x19
11,10,5,9,1,0,4,21,21,0x19
11,10,6,1,1,0,4,17,17,0x19
11,10,6,2,1,0,4,52,51,0x19
11,10,6,3,1,0,3,110,0,0x19
11,10,6,4,1,0,2,176,11,0x19
11,10,6,5,1,0,2,197,10,0x19
11,10,6,6,1,0,2,176,11,0x19
11,10,6,7,1,0,3,110,0,0x19
11,10,6,8,1,0,4,52,51,0x19
11,10,6,9,1,0,4,17,17,0x19
11,10,7,2,1,0,4,31,31,0x19
11,10,7,3,1,0,3,71,0,0x19
11,10,7,4,1,0,3,110,0,0x19
11,10,7,5,1,0,3,123,0,0x19
11,10,7,6,1,0,3,110,0,0x19
11,10,7,7,1,0,3,71,0,0x19
11,10,7,8,1,0,4,31,31,0x19
11,10,8,2,1,0,4,15,15,0x19
11,10,8,3,1,0,4,31,31,0x19
11,10,8,4,1,0,4,52,51,0x19
11,10,8,5,1,0,3,62,0,0x19
11,10,8,6,1,0,4,52,51,0x19
11,10,8,7,1,0,4,31,31,0x19
11,10,8,8,1,0,4,15,15,0x19
11,10,9,4,1,0,4,17,17,0x19
11,10,9,5,1,0,4,21,21,0x19
11,10,9,6,1,0,4,17,17,0x19
12,0,1,4,0,0,4,17,17,0x00
12,0,1,5,0,0,4,21,21,0x00
12,0,1,6,0,0,4,17,17,0x00
12,0,2,2,0,0,4,15,15,0x00
12,0,2,3,0,0,4,31,31,0x00
12,0,2,4,0,0,4,52,51,0x00
12,0,2,5,0,0,3,62,0,0x00
12,0,2,6,0,0,4,52,51,0x00
12,0,2,7,0,0,4,31,31,0x00
12,0,2,8,0,0,4,15,15,0x00
12,0,3,2,0,0,4,31,31,0x00
12,0,3,3,0,0,3,71,0,0x00
12,0,3,4,0,0,3,112,1,0x00
12,0,3,5,0,0,3,128,0,0x00
12,0,3,6,0,0,3,112,1,0x00
12,0,3,7,0,0,3,71,0,0x00
12,0,3,8,0,0,4,31,31,0x00
12,0,4,1,0,0,4,17,17,0x00
12,0,4,2,0,0,4,52,51,0x00
12,0,4,3,0,0,3,112,1,0x00
12,0,4,4,0,0,2,179,9,0x00
12,0,4,5,0,0,2,205,11,0x00
12,0,4,6,0,0,2,179,9,0x00
12,0,4,7,0,0,3,112,1,0x00
12,0,4,8,0,0,4,52,51,0x00
12,0,4,9,0,0,4,17,17,0x00
12,0,5,1,0,0,4,21,21,0x00
12,0,5,2,0,0,3,62,0,0x00
12,0,5,3,0,0,3,128,0,0x00
12,0,5,4,0,0,2,205,11,0x00
12,0,5,5,0,0,2,229,10,0x00
12,0,5,6,0,0,2,205,11,0x00
12,0,5,7,0,0,3,128,0,0x00
12,0,5,8,0,0,3,62,0,0x00
12,0,5,9,0,0,4,21,21,0x00
12,0,6,1,0,0,4,17,17,0x00
12,0,6,2,0,0,4,52,51,0x00
12,0,6,3,0,0,3,112,1,0x00
12,0,6,4,0,0,2,179,9,0x00
12,0,6,5,0,0,2,205,11,0x00
12,0,6,6,0,0,2,179,9,0x00
12,0,6,7,0,0,3,112,1,0x00
12,0,6,8,0,0,4,52,51,0x00
12,0,6,9,0,0,4,17,17,0x00
12,0,7,2,0,0,4,31,31,0x00
12,0,7,3,0,0,3,71,0,0x00
12,0,7,4,0,0,3,112,1,0x00
12,0,7,5,0,0,3,128,0,0x00
12,0,7,6,0,0,3,112,1,0x00
12,0,7,7,0,0,3,71,0,0x00
12,0,7,8,0,0,4,31,31,0x00
12,0,8,2,0,0,4,15,15,0x00
12,0,8,3,0,0,4,31,31,0x00
12,0,8,4,0,0,4,52,51,0x00
12,0,8,5,0,0,3,62,0,0x00
12,0,8,6,0,0,4,52,51,0x00
12,0,8,7,0,0,4,31,31,0x00
12,0,8,8,0,0,4,15,15,0x00
12,0,9,4,0,0,4,17,17,0x00
12,0,9,5,0,0,4,21,21,0x00
12,0,9,6,0,0,4,17,17,0x00
12,1,1,3,0,0,4,20,20,0x00
12,1,1,4,0,0,4,31,31,0x00
12,1,1,5,0,0,4,35,34,0x00
12,1,1,6,0,0,4,31,31,0x00
12,1,1,7,0,0,4,20,20,0x00
12,1,2,2,0,0,4,29,29,0x00
12,1,2,3,0,0,3,63,0,0x00
12,1,2,4,0,0,3,91,0,0x00
12,1,2,5,0,0,3,101,0,0x00
12,1,2,6,0,0,3,91,0,0x00
12,1,2,7,0,0,3,63,0,0x00
12,1,2,8,0,0,4,29,29,0x00
12,1,3,1,0,0,4,20,20,0x00
12,1,3,2,0,0,3,63,0,0x00
12,1,3,3,0,0,3,128,0,0x00
12,1,3,4,0,0,2,195,10,0x00
12,1,3,5,0,0,2,214,9,0x00
12,1,3,6,0,0,2,195,10,0x00
12,1,3,7,0,0,3,128,0,0x00
12,1,3,8,0,0,3,63,0,0x00
12,1,3,9,0,0,4,20,20,0x00
12,1,4,1,0,0,4,31,31,0x00
12,1,4,2,0,0,3,91,0,0x00
12,1,4,3,0,0,2,195,10,0x00
12,1,4,4,0,1,1,267,12,0x00
12,1,4,5,0,1,1,287,11,0x00
12,1,4,6,0,1,1,267,12,0x00
12,1,4,7,0,0,2,195,10,0x00
12,1,4,8,0,0,3,91,0,0x00
12,1,4,9,0,0,4,31,31,0x00
12,1,5,1,0,0,4,35,34,0x00
12,1,5,2,0,0,3,101,0,0x00
12,1,5,3,0,0,2,214,9,0x00
12,1,5,4,0,1,1,287,11,0x00
12,1,5,5,0,1,1,313,10,0x00
12,1,5,6,0,1,1,287,11,0x00
12,1,5,7,0,0,2,214,9,0x00
12,1,5,8,0,0,3,101,0,0x00
12,1,5,9,0,0,4,35,34,0x00
12,1,6,1,0,0,4,31,31,0x00
12,1,6,2,0,0,3,91,0,0x00
12,1,6,3,0,0,2,195,10,0x00
12,1,6,4,0,1,1,267,12,0x00
12,1,6,5,0,1,1,287,11,0x00
12,1,6,6,0,1,1,267,12,0x00
12,1,6,7,0,0,2,195,10,0x00
12,1,6,8,0,0,3,91,0,0x00
12,1,6,9,0,0,4,31,31,0x00
12,1,7,1,0,0,4,20,20,0x00
12,1,7,2,0,0,3,63,0,0x00
12,1,7,3,0,0,3,128,0,0x00
12,1,7,4,0,0,2,195,10,0x00
12,1,7,5,0,0,2,214,9,0x00
12,1,7,6,0,0,2,195,10,0x00
12,1,7,7,0,0,3,128,0,0x00
12,1,7,8,0,0,3,63,0,0x00
12,1,7,9,0,0,4,20,20,0x00
12,1,8,2,0,0,4,29,29,0x00
12,1,8,3,0,0,3,63,0,0x00
12,1,8,4,0,0,3,91,0,0x00
12,1,8,5,0,0,3,101,0,0x00
12,1,8,6,0,0,3,91,0,0x00
12,1,8,7,0,0,3,63,0,0x00
12,1,8,8,0,0,4,29,29,0x00
12,1,9,3,0,0,4,20,20,0x00
12,1,9,4,0,0,4,31,31,0x00
12,1,9,5,0,0,4,35,34,0x00
12,1,9,6,0,0,4,31,31,0x00
12,1,9,7,0,0,4,20,20,0x00
12,2,1,3,0,0,4,28,28,0x00
12,2,1,4,0,0,4,40,39,0x00
12,2,1,5,0,0,4,44,43,0x00
12,2,1,6,0,0,4,40,39,0x00
12,2,1,7,0,0,4,28,28,0x00
12,2,2,2,0,0,4,35,34,0x00
12,2,2,3,0,0,3,82,0,0x00
12,2,2,4,0,0,3,114,0,0x00
12,2,2,5,0,0,3,124,0,0x00
12,2,2,6,0,0,3,114,0,0x00
12,2,2,7,0,0,3,82,0,0x00
12,2,2,8,0,0,4,35,34,0x00
12,2,3,1,0,0,4,28,28,0x00
12,2,3,2,0,0,3,82,0,0x00
12,2,3,3,0,0,2,175,11,0x00
12,2,3,4,0,0,2,230,11,0x00
12,2,3,5,0,0,2,253,11,0x00
12,2,3,6,0,0,2,230,11,0x00
12,2,3,7,0,0,2,175,11,0x00
12,2,3,8,0,0,3,82,0,0x00
12,2,3,9,0,0,4,28,28,0x00
12,2,4,1,0,0,4,40,39,0x00
12,2,4,2,0,0,3,114,0,0x00
12,2,4,3,0,0,2,230,11,0x00
12,2,4,4,0,1,1,304,10,0x00
12,2,4,5,0,1,1,331,11,0x00
12,2,4,6,0,1,1,304,10,0x00
12,2,4,7,0,0,2,230,11,0x00
12,2,4,8,0,0,3,114,0,0x00
12,2,4,9,0,0,4,40,39,0x00
12,2,5,1,0,0,4,44,43,0x00
12,2,5,2,0,0,3,124,0,0x00
12,2,5,3,0,0,2,253,11,0x00
12,2,5,4,0,1,1,331,11,0x00
12,2,5,5,0,0,0,360,13,0x00
12,2,5,6,0,1,1,331,11,0x00
12,2,5,7,0,0,2,253,11,0x00
12,2,5,8,0,0,3,124,0,0x00
12,2,5,9,0,0,4,44,43,0x00
12,2,6,1,0,0,4,40,39,0x00
12,2,6,2,0,0,3,114,0,0x00
12,2,6,3,0,0,2,230,11,0x00
12,2,6,4,0,1,1,304,10,0x00
12,2,6,5,0,1,1,331,11,0x00
12,2,6,6,0,1,1,304,10,0x00
12,2,6,7,0,0,2,230,11,0x00
12,2,6,8,0,0,3,114,0,0x00
12,2,6,9,0,0,4,40,39,0x00
12,2,7,1,0,0,4,28,28,0x00
12,2,7,2,0,0,3,82,0,0x00
12,2,7,3,0,0,2,175,11,0x00
12,2,7,4,0,0,2,230,11,0x00
12,2,7,5,0,0,2,253,11,0x00
12,2,7,6,0,0,2,230,11,0x00
12,2,7,7,0,0,2,175,11,0x00
12,2,7,8,0,0,3,82,0,0x00
12,2,7,9,0,0,4,28,28,0x00
12,2,8,2,0,0,4,35,34,0x00
12,2,8,3,0,0,3,82,0,0x00
12,2,8,4,0,0,3,114,0,0x00
12,2,8,5,0,0,3,124,0,0x00
12,2,8,6,0,0,3,114,0,0x00
12,2,8,7,0,0,3,82,0,0x00
12,2,8,8,0,0,4,35,34,0x00
12,2,9,3,0,0,4,28,28,0x00
12,2,9,4,0,0,4,40,39,0x00
12,2,9,5,0,0,4,44,43,0x00
12,2,9,6,0,0,4,40,39,0x00
12,2,9,7,0,0,4,28,28,0x00
12,3,1,3,0,0,4,29,29,0x00
12,3,1,4,0,0,4,41,40,0x00
12,3,1,5,0,0,4,46,45,0x00
12,3,1,6,0,0,4,41,40,0x00
12,3,1,7,0,0,4,29,29,0x00
12,3,2,2,0,0,4,36,35,0x00
12,3,2,3,0,0,3,84,0,0x00
12,3,2,4,0,0,3,116,0,0x00
12,3,2,5,0,0,3,127,0,0x00
12,3,2,6,0,0,3,116,0,0x00
12,3,2,7,0,0,3,84,0,0x00
12,3,2,8,0,0,4,36,35,0x00
12,3,3,1,0,0,4,29,29,0x00
12,3,3,2,0,0,3,84,0,0x00
12,3,3,3,0,0,2,182,11,0x00
12,3,3,4,0,0,2,243,12,0x00
12,3,3,5,0,0,2,262,12,0x00
12,3,3,6,0,0,2,243,12,0x00
12,3,3,7,0,0,2,182,11,0x00
12,3,3,8,0,0,3,84,0,0x00
12,3,3,9,0,0,4,29,29,0x00
12,3,4,1,0,0,4,41,40,0x00
12,3,4,2,0,0,3,116,0,0x00
12,3,4,3,0,0,2,243,12,0x00
12,3,4,4,0,1,1,312,11,0x00
12,3,4,5,0,1,1,335,13,0x00
12,3,4,6,0,1,1,312,11,0x00
12,3,4,7,0,0,2,243,12,0x00
12,3,4,8,0,0,3,116,0,0x00
12,3,4,9,0,0,4,41,40,0x00
12,3,5,1,0,0,4,46,45,0x00
12,3,5,2,0,0,3,127,0,0x00
12,3,5,3,0,0,2,262,12,0x00
12,3,5,4,0,1,1,335,13,0x00
12,3,5,5,0,0,0,354,10,0x00
12,3,5,6,0,1,1,335,13,0x00
12,3,5,7,0,0,2,262,12,0x00
12,3,5,8,0,0,3,127,0,0x00
12,3,5,9,0,0,4,46,45,0x00
12,3,6,1,0,0,4,41,40,0x00
12,3,6,2,0,0,3,116,0,0x00
12,3,6,3,0,0,2,243,12,0x00
12,3,6,4,0,1,1,312,11,0x00
12,3,6,5,0,1,1,335,13,0x00
12,3,6,6,0,1,1,312,11,0x00
12,3,6,7,0,0,2,243,12,0x00
12,3,6,8,0,0,3,116,0,0x00
12,3,6,9,0,0,4,41,40,0x00
12,3,7,1,0,0,4,29,29,0x00
12,3,7,2,0,0,3,84,0,0x00
12,3,7,3,0,0,2,182,11,0x00
12,3,7,4,0,0,2,243,12,0x00
12,3,7,5,0,0,2,262,12,0x00
12,3,7,6,0,0,2,243,12,0x00
12,3,7,7,0,0,2,182,11,0x00
12,3,7,8,0,0,3,84,0,0x00
12,3,7,9,0,0,4,29,29,0x00
12,3,8,2,0,0,4,36,35,0x00
12,3,8,3,0,0,3,84,0,0x00
12,3,8,4,0,0,3,116,0,0x00
12,3,8,5,0,0,3,127,0,0x00
12,3,8,6,0,0,3,116,0,0x00
12,3,8,7,0,0,3,84,0,0x00
12,3,8,8,0,0,4,36,35,0x00
12,3,9,3,0,0,4,29,29,0x00
12,3,9,4,0,0,4,41,40,0x00
12,3,9,5,0,0,4,46,45,0x00
12,3,9,6,0,0,4,41,40,0x00
12,3,9,7,0,0,4,29,29,0x00
12,4,1,3,0,0,4,24,24,0x00
12,4,1,4,0,0,4,35,34,0x00
12,4,1,5,0,0,4,39,38,0x00
12,4,1,6,0,0,4,35,34,0x00
12,4,1,7,0,0,4,24,24,0x00
12,4,2,2,0,0,4,31,31,0x00
12,4,2,3,0,0,3,69,0,0x00
12,4,2,4,0,0,3,99,0,0x00
12,4,2,5,0,0,3,110,0,0x00
12,4,2,6,0,0,3,99,0,0x00
12,4,2,7,0,0,3,69,0,0x00
12,4,2,8,0,0,4,31,31,0x00
12,4,3,1,0,0,4,24,24,0x00
12,4,3,2,0,0,3,69,0,0x00
12,4,3,3,0,0,3,136,0,0x00
12,4,3,4,0,0,2,207,11,0x00
12,4,3,5,0,0,2,231,11,0x00
12,4,3,6,0,0,2,207,11,0x00
12,4,3,7,0,0,3,136,0,0x00
12,4,3,8,0,0,3,69,0,0x00
12,4,3,9,0,0,4,24,24,0x00
12,4,4,1,0,0,4,35,34,0x00
12,4,4,2,0,0,3,99,0,0x00
12,4,4,3,0,0,2,207,11,0x00
12,4,4,4,0,1,1,277,12,0x00
12,4,4,5,0,1,1,299,10,0x00
12,4,4,6,0,1,1,277,12,0x00
12,4,4,7,0,0,2,207,11,0x00
12,4,4,8,0,0,3,99,0,0x00
12,4,4,9,0,0,4,35,34,0x00
12,4,5,1,0,0,4,39,38,0x00
12,4,5,2,0,0,3,110,0,0x00
12,4,5,3,0,0,2,231,11,0x00
12,4,5,4,0,1,1,299,10,0x00
12,4,5,5,0,1,1,323,10,0x00
12,4,5,6,0,1,1,299,10,0x00
12,4,5,7,0,0,2,231,11,0x00
12,4,5,8,0,0,3,110,0,0x00
12,4,5,9,0,0,4,39,38,0x00
12,4,6,1,0,0,4,35,34,0x00
12,4,6,2,0,0,3,99,0,0x00
12,4,6,3,0,0,2,207,11,0x00
12,4,6,4,0,1,1,277,12,0x00
12,4,6,5,0,1,1,299,10,0x00
12,4,6,6,0,1,1,277,12,0x00
12,4,6,7,0,0,2,207,11,0x00
12,4,6,8,0,0,3,99,0,0x00
12,4,6,9,0,0,4,35,34,0x00
12,4,7,1,0,0,4,24,24,0x00
12,4,7,2,0,0,3,69,0,0x00
12,4,7,3,0,0,3,136,0,0x00
12,4,7,4,0,0,2,207,11,0x00
12,4,7,5,0,0,2,231,11,0x00
12,4,7,6,0,0,2,207,11,0x00
12,4,7,7,0,0,3,136,0,0x00
12,4,7,8,0,0,3,69,0,0x00
12,4,7,9,0,0,4,24,24,0x00
12,4,8,2,0,0,4,31,31,0x00
12,4,8,3,0,0,3,69,0,0x00
12,4,8,4,0,0,3,99,0,0x00
12,4,8,5,0,0,3,110,0,0x00
12,4,8,6,0,0,3,99,0,0x00
12,4,8,7,0,0,3,69,0,0x00
12,4,8,8,0,0,4,31,31,0x00
12,4,9,3,0,0,4,24,24,0x00
12,4,9,4,0,0,4,35,34,0x00
12,4,9,5,0,0,4,39,38,0x00
12,4,9,6,0,0,4,35,34,0x00
12,4,9,7,0,0,4,24,24,0x00
12,5,1,3,0,0,4,15,15,0x00
12,5,1,4,0,0,4,23,23,0x00
12,5,1,5,0,0,4,26,26,0x00
12,5,1,6,0,0,4,23,23,0x00
12,5,1,7,0,0,4,15,15,0x00
12,5,2,2,0,0,4,19,19,0x00
12,5,2,3,0,0,4,43,42,0x00
12,5,2,4,0,0,3,66,0,0x00
12,5,2,5,0,0,3,76,0,0x00
12,5,2,6,0,0,3,66,0,0x00
12,5,2,7,0,0,4,43,42,0x00
12,5,2,8,0,0,4,19,19,0x00
12,5,3,1,0,0,4,15,15,0x00
12,5,3,2,0,0,4,43,42,0x00
12,5,3,3,0,0,3,86,0,0x00
12,5,3,4,0,0,3,131,0,0x00
12,5,3,5,0,0,2,162,9,0x00
12,5,3,6,0,0,3,131,0,0x00
12,5,3,7,0,0,3,86,0,0x00
12,5,3,8,0,0,4,43,42,0x00
12,5,3,9,0,0,4,15,15,0x00
12,5,4,1,0,0,4,23,23,0x00
12,5,4,2,0,0,3,66,0,0x00
12,5,4,3,0,0,3,131,0,0x00
12,5,4,4,0,0,2,202,12,0x00
12,5,4,5,0,0,2,223,10,0x00
12,5,4,6,0,0,2,202,12,0x00
12,5,4,7,0,0,3,131,0,0x00
12,5,4,8,0,0,3,66,0,0x00
12,5,4,9,0,0,4,23,23,0x00
12,5,5,1,0,0,4,26,26,0x00
12,5,5,2,0,0,3,76,0,0x00
12,5,5,3,0,0,2,162,9,0x00
12,5,5,4,0,0,2,223,10,0x00
12,5,5,5,0,0,2,248,10,0x00
12,5,5,6,0,0,2,223,10,0x00
12,5,5,7,0,0,2,162,9,0x00
12,5,5,8,0,0,3,76,0,0x00
12,5,5,9,0,0,4,26,26,0x00
12,5,6,1,0,0,4,23,23,0x00
12,5,6,2,0,0,3,66,0,0x00
12,5,6,3,0,0,3,131,0,0x00
12,5,6,4,0,0,2,202,12,0x00
12,5,6,5,0,0,2,223,10,0x00
12,5,6,6,0,0,2,202,12,0x00
12,5,6,7,0,0,3,131,0,0x00
12,5,6,8,0,0,3,66,0,0x00
12,5,6,9,0,0,4,23,23,0x00
12,5,7,1,0,0,4,15,15,0x00
12,5,7,2,0,0,4,43,42,0x00
12,5,7,3,0,0,3,86,0,0x00
12,5,7,4,0,0,3,131,0,0x00
12,5,7,5,0,0,2,162,9,0x00
12,5,7,6,0,0,3,131,0,0x00
12,5,7,7,0,0,3,86,0,0x00
12,5,7,8,0,0,4,43,42,0x00
12,5,7,9,0,0,4,15,15,0x00
12,5,8,2,0,0,4,19,19,0x00
12,5,8,3,0,0,4,43,42,0x00
12,5,8,4,0,0,3,66,0,0x00
12,5,8,5,0,0,3,76,0,0x00
12,5,8,6,0,0,3,66,0,0x00
12,5,8,7,0,0,4,43,42,0x00
12,5,8,8,0,0,4,19,19,0x00
12,5,9,3,0,0,4,15,15,0x00
12,5,9,4,0,0,4,23,23,0x00
12,5,9,5,0,0,4,26,26,0x00
12,5,9,6,0,0,4,23,23,0x00
12,5,9,7,0,0,4,15,15,0x00
12,6,2,3,0,0,4,19,19,0x00
12,6,2,4,0,0,4,30,30,0x00
12,6,2,5,0,0,4,32,31,0x00
12,6,2,6,0,0,4,30,30,0x00
12,6,2,7,0,0,4,19,19,0x00
12,6,3,2,0,0,4,19,19,0x00
12,6,3,3,0,0,4,42,41,0x00
12,6,3,4,0,0,3,65,0,0x00
12,6,3,5,0,0,3,74,0,0x00
12,6,3,6,0,0,3,65,0,0x00
12,6,3,7,0,0,4,42,41,0x00
12,6,3,8,0,0,4,19,19,0x00
12,6,4,2,0,0,4,30,30,0x00
12,6,4,3,0,0,3,65,0,0x00
12,6,4,4,0,0,3,94,0,0x00
12,6,4,5,0,0,3,105,0,0x00
12,6,4,6,0,0,3,94,0,0x00
12,6,4,7,0,0,3,65,0,0x00
12,6,4,8,0,0,4,30,30,0x00
12,6,5,2,0,0,4,32,31,0x00
12,6,5,3,0,0,3,74,0,0x00
12,6,5,4,0,0,3,105,0,0x00
12,6,5,5,0,0,3,116,0,0x00
12,6,5,6,0,0,3,105,0,0x00
12,6,5,7,0,0,3,74,0,0x00
12,6,5,8,0,0,4,32,31,0x00
12,6,6,2,0,0,4,30,30,0x00
12,6,6,3,0,0,3,65,0,0x00
12,6,6,4,0,0,3,94,0,0x00
12,6,6,5,0,0,3,105,0,0x00
12,6,6,6,0,0,3,94,0,0x00
12,6,6,7,0,0,3,65,0,0x00
12,6,6,8,0,0,4,30,30,0x00
12,6,7,2,0,0,4,19,19,0x00
12,6,7,3,0,0,4,42,41,0x00
12,6,7,4,0,0,3,65,0,0x00
12,6,7,5,0,0,3,74,0,0x00
12,6,7,6,0,0,3,65,0,0x00
12,6,7,7,0,0,4,42,41,0x00
12,6,7,8,0,0,4,19,19,0x00
12,6,8,3,0,0,4,19,19,0x00
12,6,8,4,0,0,4,30,30,0x00
12,6,8,5,0,0,4,32,31,0x00
12,6,8,6,0,0,4,30,30,0x00
12,6,8,7,0,0,4,19,19,0x00
12,7,3,3,0,0,4,14,14,0x00
12,7,3,4,0,0,4,23,23,0x00
12,7,3,5,0,0,4,26,26,0x00
12,7,3,6,0,0,4,23,23,0x00
12,7,3,7,0,0,4,14,14,0x00
12,7,4,3,0,0,4,23,23,0x00
12,7,4,4,0,0,4,33,32,0x00
12,7,4,5,0,0,4,37,36,0x00
12,7,4,6,0,0,4,33,32,0x00
12,7,4,7,0,0,4,23,23,0x00
12,7,5,3,0,0,4,26,26,0x00
12,7,5,4,0,0,4,37,36,0x00
12,7,5,5,0,0,4,41,40,0x00
12,7,5,6,0,0,4,37,36,0x00
12,7,5,7,0,0,4,26,26,0x00
12,7,6,3,0,0,4,23,23,0x00
12,7,6,4,0,0,4,33,32,0x00
12,7,6,5,0,0,4,37,36,0x00
12,7,6,6,0,0,4,33,32,0x00
12,7,6,7,0,0,4,23,23,0x00
12,7,7,3,0,0,4,14,14,0x00
12,7,7,4,0,0,4,23,23,0x00
12,7,7,5,0,0,4,26,26,0x00
12,7,7,6,0,0,4,23,23,0x00
12,7,7,7,0,0,4,14,14,0x00
12,9,4,4,0,0,4,21,21,0x00
12,9,4,5,0,0,4,26,26,0x00
12,9,4,6,0,0,4,21,21,0x00
12,9,5,4,0,0,4,26,26,0x00
12,9,5,5,0,0,4,31,31,0x00
12,9,5,6,0,0,4,26,26,0x00
12,9,6,4,0,0,4,21,21,0x00
12,9,6,5,0,0,4,26,26,0x00
12,9,6,6,0,0,4,21,21,0x00
12,10,2,4,0,0,4,20,20,0x00
12,10,2,5,0,0,4,25,25,0x00
12,10,2,6,0,0,4,20,20,0x00
12,10,3,3,0,0,4,26,26,0x00
12,10,3,4,0,0,4,44,43,0x00
12,10,3,5,0,0,4,50,49,0x00
12,10,3,6,0,0,4,44,43,0x00
12,10,3,7,0,0,4,26,26,0x00
12,10,4,2,0,0,4,20,20,0x00
12,10,4,3,0,0,4,44,43,0x00
12,10,4,4,0,0,3,75,0,0x00
12,10,4,5,0,0,3,86,0,0x00
12,10,4,6,0,0,3,75,0,0x00
12,10,4,7,0,0,4,44,43,0x00
12,10,4,8,0,0,4,20,20,0x00
12,10,5,2,0,0,4,25,25,0x00
12,10,5,3,0,0,4,50,49,0x00
12,10,5,4,0,0,3,86,0,0x00
12,10,5,5,0,0,3,98,0,0x00
12,10,5,6,0,0,3,86,0,0x00
12,10,5,7,0,0,4,50,49,0x00
12,10,5,8,0,0,4,25,25,0x00
12,10,6,2,0,0,4,20,20,0x00
12,10,6,3,0,0,4,44,43,0x00
12,10,6,4,0,0,3,75,0,0x00
12,10,6,5,0,0,3,86,0,0x00
12,10,6,6,0,0,3,75,0,0x00
12,10,6,7,0,0,4,44,43,0x00
12,10,6,8,0,0,4,20,20,0x00
12,10,7,3,0,0,4,26,26,0x00
12,10,7,4,0,0,4,44,43,0x00
12,10,7,5,0,0,4,50,49,0x00
12,10,7,6,0,0,4,44,43,0x00
12,10,7,7,0,0,4,26,26,0x00
12,10,8,4,0,0,4,20,20,0x00
12,10,8,5,0,0,4,25,25,0x00
12,10,8,6,0,0,4,20,20,0x00
12,0,2,4,1,0,4,20,20,0x19
12,0,2,5,1,0,4,25,25,0x19
12,0,2,6,1,0,4,20,20,0x19
12,0,3,3,1,0,4,26,26,0x19
12,0,3,4,1,0,4,44,43,0x19
12,0,3,5,1,0,4,50,49,0x19
12,0,3,6,1,0,4,44,43,0x19
12,0,3,7,1,0,4,26,26,0x19
12,0,4,2,1,0,4,20,20,0x19
12,0,4,3,1,0,4,44,43,0x19
12,0,4,4,1,0,3,75,0,0x19
12,0,4,5,1,0,3,86,0,0x19
12,0,4,6,1,0,3,75,0,0x19
12,0,4,7,1,0,4,44,43,0x19
12,0,4,8,1,0,4,20,20,0x19
12,0,5,2,1,0,4,25,25,0x19
12,0,5,3,1,0,4,50,49,0x19
12,0,5,4,1,0,3,86,0,0x19
12,0,5,5,1,0,3,98,0,0x19
12,0,5,6,1,0,3,86,0,0x19
12,0,5,7,1,0,4,50,49,0x19
12,0,5,8,1,0,4,25,25,0x19
12,0,6,2,1,0,4,20,20,0x19
12,0,6,3,1,0,4,44,43,0x19
12,0,6,4,1,0,3,75,0,0x19
12,0,6,5,1,0,3,86,0,0x19
12,0,6,6,1,0,3,75,0,0x19
12,0,6,7,1,0,4,44,43,0x19
12,0,6,8,1,0,4,20,20,0x19
12,0,7,3,1,0,4,26,26,0x19
12,0,7,4,1,0,4,44,43,0x19
12,0,7,5,1,0,4,50,49,0x19
12,0,7,6,1,0,4,44,43,0x19
12,0,7,7,1,0,4,26,26,0x19
12,0,8,4,1,0,4,20,20,0x19
12,0,8,5,1,0,4,25,25,0x19
12,0,8,6,1,0,4,20,20,0x19
12,1,4,4,1,0,4,21,21,0x19
12,1,4,5,1,0,4,26,26,0x19
12,1,4,6,1,0,4,21,21,0x19
12,1,5,4,1,0,4,26,26,0x19
12,1,5,5,1,0,4,31,31,0x19
12,1,5,6,1,0,4,26,26,0x19
12,1,6,4,1,0,4,21,21,0x19
12,1,6,5,1,0,4,26,26,0x19
12,1,6,6,1,0,4,21,21,0x19
12,3,3,3,1,0,4,14,14,0x19
12,3,3,4,1,0,4,23,23,0x19
12,3,3,5,1,0,4,26,26,0x19
12,3,3,6,1,0,4,23,23,0x19
12,3,3,7,1,0,4,14,14,0x19
12,3,4,3,1,0,4,23,23,0x19
12,3,4,4,1,0,4,33,32,0x19
12,3,4,5,1,0,4,37,36,0x19
12,3,4,6,1,0,4,33,32,0x19
12,3,4,7,1,0,4,23,23,0x19
12,3,5,3,1,0,4,26,26,0x19
12,3,5,4,1,0,4,37,36,0x19
12,3,5,5,1,0,4,41,40,0x19
12,3,5,6,1,0,4,37,36,0x19
12,3,5,7,1,0,4,26,26,0x19
12,3,6,3,1,0,4,23,23,0x19
12,3,6,4,1,0,4,33,32,0x19
12,3,6,5,1,0,4,37,36,0x19
12,3,6,6,1,0,4,33,32,0x19
12,3,6,7,1,0,4,23,23,0x19
12,3,7,3,1,0,4,14,14,0x19
12,3,7,4,1,0,4,23,23,0x19
12,3,7,5,1,0,4,26,26,0x19
12,3,7,6,1,0,4,23,23,0x19
12,3,7,7,1,0,4,14,14,0x19
12,4,2,3,1,0,4,19,19,0x19
12,4,2,4,1,0,4,30,30,0x19
12,4,2,5,1,0,4,32,31,0x19
12,4,2,6,1,0,4,30,30,0x19
12,4,2,7,1,0,4,19,19,0x19
12,4,3,2,1,0,4,19,19,0x19
12,4,3,3,1,0,4,42,41,0x19
12,4,3,4,1,0,3,65,0,0x19
12,4,3,5,1,0,3,74,0,0x19
12,4,3,6,1,0,3,65,0,0x19
12,4,3,7,1,0,4,42,41,0x19
12,4,3,8,1,0,4,19,19,0x19
12,4,4,2,1,0,4,30,30,0x19
12,4,4,3,1,0,3,65,0,0x19
12,4,4,4,1,0,3,94,0,0x19
12,4,4,5,1,0,3,105,0,0x19
12,4,4,6,1,0,3,94,0,0x19
12,4,4,7,1,0,3,65,0,0x19
12,4,4,8,1,0,4,30,30,0x19
12,4,5,2,1,0,4,32,31,0x19
12,4,5,3,1,0,3,74,0,0x19
12,4,5,4,1,0,3,105,0,0x19
12,4,5,5,1,0,3,116,0,0x19
12,4,5,6,1,0,3,105,0,0x19
12,4,5,7,1,0,3,74,0,0x19
12,4,5,8,1,0,4,32,31,0x19
12,4,6,2,1,0,4,30,30,0x19
12,4,6,3,1,0,3,65,0,0x19
12,4,6,4,1,0,3,94,0,0x19
12,4,6,5,1,0,3,105,0,0x19
12,4,6,6,1,0,3,94,0,0x19
12,4,6,7,1,0,3,65,0,0x19
12,4,6,8,1,0,4,30,30,0x19
12,4,7,2,1,0,4,19,19,0x19
12,4,7,3,1,0,4,42,41,0x19
12,4,7,4,1,0,3,65,0,0x19
12,4,7,5,1,0,3,74,0,0x19
12,4,7,6,1,0,3,65,0,0x19
12,4,7,7,1,0,4,42,41,0x19
12,4,7,8,1,0,4,19,19,0x19
12,4,8,3,1,0,4,19,19,0x19
12,4,8,4,1,0,4,30,30,0x19
12,4,8,5,1,0,4,32,31,0x19
12,4,8,6,1,0,4,30,30,0x19
12,4,8,7,1,0,4,19,19,0x19
12,5,1,3,1,0,4,15,15,0x19
12,5,1,4,1,0,4,23,23,0x19
12,5,1,5,1,0,4,26,26,0x19
12,5,1,6,1,0,4,23,23,0x19
12,5,1,7,1,0,4,15,15,0x19
12,5,2,2,1,0,4,19,19,0x19
12,5,2,3,1,0,4,43,42,0x19
12,5,2,4,1,0,3,66,0,0x19
12,5,2,5,1,0,3,76,0,0x19
12,5,2,6,1,0,3,66,0,0x19
12,5,2,7,1,0,4,43,42,0x19
12,5,2,8,1,0,4,19,19,0x19
12,5,3,1,1,0,4,15,15,0x19
12,5,3,2,1,0,4,43,42,0x19
12,5,3,3,1,0,3,86,0,0x19
12,5,3,4,1,0,3,131,0,0x19
12,5,3,5,1,0,2,162,9,0x19
12,5,3,6,1,0,3,131,0,0x19
12,5,3,7,1,0,3,86,0,0x19
12,5,3,8,1,0,4,43,42,0x19
12,5,3,9,1,0,4,15,15,0x19
12,5,4,1,1,0,4,23,23,0x19
12,5,4,2,1,0,3,66,0,0x19
12,5,4,3,1,0,3,131,0,0x19
12,5,4,4,1,0,2,202,12,0x19
12,5,4,5,1,0,2,223,10,0x19
12,5,4,6,1,0,2,202,12,0x19
12,5,4,7,1,0,3,131,0,0x19
12,5,4,8,1,0,3,66,0,0x19
12,5,4,9,1,0,4,23,23,0x19
12,5,5,1,1,0,4,26,26,0x19
12,5,5,2,1,0,3,76,0,0x19
12,5,5,3,1,0,2,162,9,0x19
12,5,5,4,1,0,2,223,10,0x19
12,5,5,5,1,0,2,248,10,0x19
12,5,5,6,1,0,2,223,10,0x19
12,5,5,7,1,0,2,162,9,0x19
12,5,5,8,1,0,3,76,0,0x19
12,5,5,9,1,0,4,26,26,0x19
12,5,6,1,1,0,4,23,23,0x19
12,5,6,2,1,0,3,66,0,0x19
12,5,6,3,1,0,3,131,0,0x19
12,5,6,4,1,0,2,202,12,0x19
12,5,6,5,1,0,2,223,10,0x19
12,5,6,6,1,0,2,202,12,0x19
12,5,6,7,1,0,3,131,0,0x19
12,5,6,8,1,0,3,66,0,0x19
12,5,6,9,1,0,4,23,23,0x19
12,5,7,1,1,0,4,15,15,0x19
12,5,7,2,1,0,4,43,42,0x19
12,5,7,3,1,0,3,86,0,0x19
12,5,7,4,1,0,3,131,0,0x19
12,5,7,5,1,0,2,162,9,0x19
12,5,7,6,1,0,3,131,0,0x19
12,5,7,7,1,0,3,86,0,0x19
12,5,7,8,1,0,4,43,42,0x19
12,5,7,9,1,0,4,15,15,0x19
12,5,8,2,1,0,4,19,19,0x19
12,5,8,3,1,0,4,43,42,0x19
12,5,8,4,1,0,3,66,0,0x19
12,5,8,5,1,0,3,76,0,0x19
12,5,8,6,1,0,3,66,0,0x19
12,5,8,7,1,0,4,43,42,0x19
12,5,8,8,1,0,4,19,19,0x19
12,5,9,3,1,0,4,15,15,0x19
12,5,9,4,1,0,4,23,23,0x19
12,5,9,5,1,0,4,26,26,0x19
12,5,9,6,1,0,4,23,23,0x19
12,5,9,7,1,0,4,15,15,0x19
12,6,1,3,1,0,4,24,24,0x19
12,6,1,4,1,0,4,35,34,0x19
12,6,1,5,1,0,4,39,38,0x19
12,6,1,6,1,0,4,35,34,0x19
12,6,1,7,1,0,4,24,24,0x19
12,6,2,2,1,0,4,31,31,0x19
12,6,2,3,1,0,3,69,0,0x19
12,6,2,4,1,0,3,99,0,0x19
12,6,2,5,1,0,3,110,0,0x19
12,6,2,6,1,0,3,99,0,0x19
12,6,2,7,1,0,3,69,0,0x19
12,6,2,8,1,0,4,31,31,0x19
12,6,3,1,1,0,4,24,24,0x19
12,6,3,2,1,0,3,69,0,0x19
12,6,3,3,1,0,3,136,0,0x19
12,6,3,4,1,0,2,207,11,0x19
12,6,3,5,1,0,2,231,11,0x19
12,6,3,6,1,0,2,207,11,0x19
12,6,3,7,1,0,3,136,0,0x19
12,6,3,8,1,0,3,69,0,0x19
12,6,3,9,1,0,4,24,24,0x19
12,6,4,1,1,0,4,35,34,0x19
12,6,4,2,1,0,3,99,0,0x19
12,6,4,3,1,0,2,207,11,0x19
12,6,4,4,1,1,1,277,12,0x19
12,6,4,5,1,1,1,299,10,0x19
12,6,4,6,1,1,1,277,12,0x19
12,6,4,7,1,0,2,207,11,0x19
12,6,4,8,1,0,3,99,0,0x19
12,6,4,9,1,0,4,35,34,0x19
12,6,5,1,1,0,4,39,38,0x19
12,6,5,2,1,0,3,110,0,0x19
12,6,5,3,1,0,2,231,11,0x19
12,6,5,4,1,1,1,299,10,0x19
12,6,5,5,1,1,1,323,10,0x19
12,6,5,6,1,1,1,299,10,0x19
12,6,5,7,1,0,2,231,11,0x19
12,6,5,8,1,0,3,110,0,0x19
12,6,5,9,1,0,4,39,38,0x19
12,6,6,1,1,0,4,35,34,0x19
12,6,6,2,1,0,3,99,0,0x19
12,6,6,3,1,0,2,207,11,0x19
12,6,6,4,1,1,1,277,12,0x19
12,6,6,5,1,1,1,299,10,0x19
12,6,6,6,1,1,1,277,12,0x19
12,6,6,7,1,0,2,207,11,0x19
12,6,6,8,1,0,3,99,0,0x19
12,6,6,9,1,0,4,35,34,0x19
12,6,7,1,1,0,4,24,24,0x19
12,6,7,2,1,0,3,69,0,0x19
12,6,7,3,1,0,3,136,0,0x19
12,6,7,4,1,0,2,207,11,0x19
12,6,7,5,1,0,2,231,11,0x19
12,6,7,6,1,0,2,207,11,0x19
12,6,7,7,1,0,3,136,0,0x19
12,6,7,8,1,0,3,69,0,0x19
12,6,7,9,1,0,4,24,24,0x19
12,6,8,2,1,0,4,31,31,0x19
12,6,8,3,1,0,3,69,0,0x19
12,6,8,4,1,0,3,99,0,0x19
12,6,8,5,1,0,3,110,0,0x19
12,6,8,6,1,0,3,99,0,0x19
12,6,8,7,1,0,3,69,0,0x19
12,6,8,8,1,0,4,31,31,0x19
12,6,9,3,1,0,4,24,24,0x19
12,6,9,4,1,0,4,35,34,0x19
12,6,9,5,1,0,4,39,38,0x19
12,6,9,6,1,0,4,35,34,0x19
12,6,9,7,1,0,4,24,24,0x19
12,7,1,3,1,0,4,29,29,0x19
12,7,1,4,1,0,4,41,40,0x19
12,7,1,5,1,0,4,46,45,0x19
12,7,1,6,1,0,4,41,40,0x19
12,7,1,7,1,0,4,29,29,0x19
12,7,2,2,1,0,4,36,35,0x19
12,7,2,3,1,0,3,84,0,0x19
12,7,2,4,1,0,3,116,0,0x19
12,7,2,5,1,0,3,127,0,0x19
12,7,2,6,1,0,3,116,0,0x19
12,7,2,7,1,0,3,84,0,0x19
12,7,2,8,1,0,4,36,35,0x19
12,7,3,1,1,0,4,29,29,0x19
12,7,3,2,1,0,3,84,0,0x19
12,7,3,3,1,0,2,182,11,0x19
12,7,3,4,1,0,2,243,12,0x19
12,7,3,5,1,0,2,262,12,0x19
12,7,3,6,1,0,2,243,12,0x19
12,7,3,7,1,0,2,182,11,0x19
12,7,3,8,1,0,3,84,0,0x19
12,7,3,9,1,0,4,29,29,0x19
12,7,4,1,1,0,4,41,40,0x19
12,7,4,2,1,0,3,116,0,0x19
12,7,4,3,1,0,2,243,12,0x19
12,7,4,4,1,1,1,312,11,0x19
12,7,4,5,1,1,1,335,13,0x19
12,7,4,6,1,1,1,312,11,0x19
12,7,4,7,1,0,2,243,12,0x19
12,7,4,8,1,0,3,116,0,0x19
12,7,4,9,1,0,4,41,40,0x19
12,7,5,1,1,0,4,46,45,0x19
12,7,5,2,1,0,3,127,0,0x19
12,7,5,3,1,0,2,262,12,0x19
12,7,5,4,1,1,1,335,13,0x19
12,7,5,5,1,0,0,354,10,0x19
12,7,5,6,1,1,1,335,13,0x19
12,7,5,7,1,0,2,262,12,0x19
12,7,5,8,1,0,3,127,0,0x19
12,7,5,9,1,0,4,46,45,0x19
12,7,6,1,1,0,4,41,40,0x19
12,7,6,2,1,0,3,116,0,0x19
12,7,6,3,1,0,2,243,12,0x19
12,7,6,4,1,1,1,312,11,0x19
12,7,6,5,1,1,1,335,13,0x19
12,7,6,6,1,1,1,312,11,0x19
12,7,6,7,1,0,2,243,12,0x19
12,7,6,8,1,0,3,116,0,0x19
12,7,6,9,1,0,4,41,40,0x19
12,7,7,1,1,0,4,29,29,0x19
12,7,7,2,1,0,3,84,0,0x19
12,7,7,3,1,0,2,182,11,0x19
12,7,7,4,1,0,2,243,12,0x19
12,7,7,5,1,0,2,262,12,0x19
12,7,7,6,1,0,2,243,12,0x19
12,7,7,7,1,0,2,182,11,0x19
12,7,7,8,1,0,3,84,0,0x19
12,7,7,9,1,0,4,29,29,0x19
12,7,8,2,1,0,4,36,35,0x19
12,7,8,3,1,0,3,84,0,0x19
12,7,8,4,1,0,3,116,0,0x19
12,7,8,5,1,0,3,127,0,0x19
12,7,8,6,1,0,3,116,0,0x19
12,7,8,7,1,0,3,84,0,0x19
12,7,8,8,1,0,4,36,35,0x19
12,7,9,3,1,0,4,29,29,0x19
12,7,9,4,1,0,4,41,40,0x19
12,7,9,5,1,0,4,46,45,0x19
12,7,9,6,1,0,4,41,40,0x19
12,7,9,7,1,0,4,29,29,0x19
12,8,1,3,1,0,4,28,28,0x19
12,8,1,4,1,0,4,40,39,0x19
12,8,1,5,1,0,4,44,43,0x19
12,8,1,6,1,0,4,40,39,0x19
12,8,1,7,1,0,4,28,28,0x19
12,8,2,2,1,0,4,35,34,0x19
12,8,2,3,1,0,3,82,0,0x19
12,8,2,4,1,0,3,114,0,0x19
12,8,2,5,1,0,3,124,0,0x19
12,8,2,6,1,0,3,114,0,0x19
12,8,2,7,1,0,3,82,0,0x19
12,8,2,8,1,0,4,35,34,0x19
12,8,3,1,1,0,4,28,28,0x19
12,8,3,2,1,0,3,82,0,0x19
12,8,3,3,1,0,2,175,11,0x19
12,8,3,4,1,0,2,230,11,0x19
12,8,3,5,1,0,2,253,11,0x19
12,8,3,6,1,0,2,230,11,0x19
12,8,3,7,1,0,2,175,11,0x19
12,8,3,8,1,0,3,82,0,0x19
12,8,3,9,1,0,4,28,28,0x19
12,8,4,1,1,0,4,40,39,0x19
12,8,4,2,1,0,3,114,0,0x19
12,8,4,3,1,0,2,230,11,0x19
12,8,4,4,1,1,1,304,10,0x19
12,8,4,5,1,1,1,331,11,0x19
12,8,4,6,1,1,1,304,10,0x19
12,8,4,7,1,0,2,230,11,0x19
12,8,4,8,1,0,3,114,0,0x19
12,8,4,9,1,0,4,40,39,0x19
12,8,5,1,1,0,4,44,43,0x19
12,8,5,2,1,0,3,124,0,0x19
12,8,5,3,1,0,2,253,11,0x19
12,8,5,4,1,1,1,331,11,0x19
12,8,5,5,1,0,0,360,13,0x3F
12,8,5,6,1,1,1,331,11,0x19
12,8,5,7,1,0,2,253,11,0x19
12,8,5,8,1,0,3,124,0,0x19
12,8,5,9,1,0,4,44,43,0x19
12,8,6,1,1,0,4,40,39,0x19
12,8,6,2,1,0,3,114,0,0x19
12,8,6,3,1,0,2,230,11,0x19
12,8,6,4,1,1,1,304,10,0x19
12,8,6,5,1,1,1,331,11,0x19
12,8,6,6,1,1,1,304,10,0x19
12,8,6,7,1,0,2,230,11,0x19
12,8,6,8,1,0,3,114,0,0x19
12,8,6,9,1,0,4,40,39,0x19
12,8,7,1,1,0,4,28,28,0x19
12,8,7,2,1,0,3,82,0,0x19
12,8,7,3,1,0,2,175,11,0x19
12,8,7,4,1,0,2,230,11,0x19
12,8,7,5,1,0,2,253,11,0x19
12,8,7,6,1,0,2,230,11,0x19
12,8,7,7,1,0,2,175,11,0x19
12,8,7,8,1,0,3,82,0,0x19
12,8,7,9,1,0,4,28,28,0x19
12,8,8,2,1,0,4,35,34,0x19
12,8,8,3,1,0,3,82,0,0x19
12,8,8,4,1,0,3,114,0,0x19
12,8,8,5,1,0,3,124,0,0x19
12,8,8,6,1,0,3,114,0,0x19
12,8,8,7,1,0,3,82,0,0x19
12,8,8,8,1,0,4,35,34,0x19
12,8,9,3,1,0,4,28,28,0x19
12,8,9,4,1,0,4,40,39,0x19
12,8,9,5,1,0,4,44,43,0x19
12,8,9,6,1,0,4,40,39,0x19
12,8,9,7,1,0,4,28,28,0x19
12,9,1,3,1,0,4,20,20,0x19
12,9,1,4,1,0,4,31,31,0x19
12,9,1,5,1,0,4,35,34,0x19
12,9,1,6,1,0,4,31,31,0x19
12,9,1,7,1,0,4,20,20,0x19
12,9,2,2,1,0,4,29,29,0x19
12,9,2,3,1,0,3,63,0,0x19
12,9,2,4,1,0,3,91,0,0x19
12,9,2,5,1,0,3,101,0,0x19
12,9,2,6,1,0,3,91,0,0x19
12,9,2,7,1,0,3,63,0,0x19
12,9,2,8,1,0,4,29,29,0x19
12,9,3,1,1,0,4,20,20,0x19
12,9,3,2,1,0,3,63,0,0x19
12,9,3,3,1,0,3,128,0,0x19
12,9,3,4,1,0,2,195,10,0x19
12,9,3,5,1,0,2,214,9,0x19
12,9,3,6,1,0,2,195,10,0x19
12,9,3,7,1,0,3,128,0,0x19
12,9,3,8,1,0,3,63,0,0x19
12,9,3,9,1,0,4,20,20,0x19
12,9,4,1,1,0,4,31,31,0x19
12,9,4,2,1,0,3,91,0,0x19
12,9,4,3,1,0,2,195,10,0x19
12,9,4,4,1,1,1,267,12,0x19
12,9,4,5,1,1,1,287,11,0x19
12,9,4,6,1,1,1,267,12,0x19
12,9,4,7,1,0,2,195,10,0x19
12,9,4,8,1,0,3,91,0,0x19
12,9,4,9,1,0,4,31,31,0x19
12,9,5,1,1,0,4,35,34,0x19
12,9,5,2,1,0,3,101,0,0x19
12,9,5,3,1,0,2,214,9,0x19
12,9,5,4,1,1,1,287,11,0x19
12,9,5,5,1,1,1,313,10,0x19
12,9,5,6,1,1,1,287,11,0x19
12,9,5,7,1,0,2,214,9,0x19
12,9,5,8,1,0,3,101,0,0x19
12,9,5,9,1,0,4,35,34,0x19
12,9,6,1,1,0,4,31,31,0x19
12,9,6,2,1,0,3,91,0,0x19
12,9,6,3,1,0,2,195,10,0x19
12,9,6,4,1,1,1,267,12,0x19
12,9,6,5,1,1,1,287,11,0x19
12,9,6,6,1,1,1,267,12,0x19
12,9,6,7,1,0,2,195,10,0x19
12,9,6,8,1,0,3,91,0,0x19
12,9,6,9,1,0,4,31,31,0x19
12,9,7,1,1,0,4,20,20,0x19
12,9,7,2,1,0,3,63,0,0x19
12,9,7,3,1,0,3,128,0,0x19
12,9,7,4,1,0,2,195,10,0x19
12,9,7,5,1,0,2,214,9,0x19
12,9,7,6,1,0,2,195,10,0x19
12,9,7,7,1,0,3,128,0,0x19
12,9,7,8,1,0,3,63,0,0x19
12,9,7,9,1,0,4,20,20,0x19
12,9,8,2,1,0,4,29,29,0x19
12,9,8,3,1,0,3,63,0,0x19
12,9,8,4,1,0,3,91,0,0x19
12,9,8,5,1,0,3,101,0,0x19
12,9,8,6,1,0,3,91,0,0x19
12,9,8,7,1,0,3,63,0,0x19
12,9,8,8,1,0,4,29,29,0x19
12,9,9,3,1,0,4,20,20,0x19
12,9,9,4,1,0,4,31,31,0x19
12,9,9,5,1,0,4,35,34,0x19
12,9,9,6,1,0,4,31,31,0x19
12,9,9,7,1,0,4,20,20,0x19
12,10,1,4,1,0,4,17,17,0x19
12,10,1,5,1,0,4,21,21,0x19
12,10,1,6,1,0,4,17,17,0x19
12,10,2,2,1,0,4,15,15,0x19
12,10,2,3,1,0,4,31,31,0x19
12,10,2,4,1,0,4,52,51,0x19
12,10,2,5,1,0,3,62,0,0x19
12,10,2,6,1,0,4,52,51,0x19
12,10,2,7,1,0,4,31,31,0x19
12,10,2,8,1,0,4,15,15,0x19
12,10,3,2,1,0,4,31,31,0x19
12,10,3,3,1,0,3,71,0,0x19
12,10,3,4,1,0,3,112,1,0x19
12,10,3,5,1,0,3,128,0,0x19
12,10,3,6,1,0,3,112,1,0x19
12,10,3,7,1,0,3,71,0,0x19
12,10,3,8,1,0,4,31,31,0x19
12,10,4,1,1,0,4,17,17,0x19
12,10,4,2,1,0,4,52,51,0x19
12,10,4,3,1,0,3,112,1,0x19
12,10,4,4,1,0,2,179,9,0x19
12,10,4,5,1,0,2,205,11,0x19
12,10,4,6,1,0,2,179,9,0x19
12,10,4,7,1,0,3,112,1,0x19
12,10,4,8,1,0,4,52,51,0x19
12,10,4,9,1,0,4,17,17,0x19
12,10,5,1,1,0,4,21,21,0x19
12,10,5,2,1,0,3,62,0,0x19
12,10,5,3,1,0,3,128,0,0x19
12,10,5,4,1,0,2,205,11,0x19
12,10,5,5,1,0,2,229,10,0x19
12,10,5,6,1,0,2,205,11,0x19
12,10,5,7,1,0,3,128,0,0x19
12,10,5,8,1,0,3,62,0,0x19
12,10,5,9,1,0,4,21,21,0x19
12,10,6,1,1,0,4,17,17,0x19
12,10,6,2,1,0,4,52,51,0x19
12,10,6,3,1,0,3,112,1,0x19
12,10,6,4,1,0,2,179,9,0x19
12,10,6,5,1,0,2,205,11,0x19
12,10,6,6,1,0,2,179,9,0x19
12,10,6,7,1,0,3,112,1,0x19
12,10,6,8,1,0,4,52,51,0x19
12,10,6,9,1,0,4,17,17,0x19
12,10,7,2,1,0,4,31,31,0x19
12,10,7,3,1,0,3,71,0,0x19
12,10,7,4,1,0,3,112,1,0x19
12,10,7,5,1,0,3,128,0,0x19
12,10,7,6,1,0,3,112,1,0x19
12,10,7,7,1,0,3,71,0,0x19
12,10,7,8,1,0,4,31,31,0x19
12,10,8,2,1,0,4,15,15,0x19
12,10,8,3,1,0,4,31,31,0x19
12,10,8,4,1,0,4,52,51,0x19
12,10,8,5,1,0,3,62,0,0x19
12,10,8,6,1,0,4,52,51,0x19
12,10,8,7,1,0,4,31,31,0x19
12,10,8,8,1,0,4,15,15,0x19
12,10,9,4,1,0,4,17,17,0x19
12,10,9,5,1,0,4,21,21,0x19
12,10,9,6,1,0,4,17,17,0x19
13,0,1,4,0,0,4,17,17,0x00
13,0,1,5,0,0,4,21,21,0x00
13,0,1,6,0,0,4,17,17,0x00
13,0,2,2,0,0,4,15,15,0x00
13,0,2,3,0,0,4,31,31,0x00
13,0,2,4,0,0,4,52,51,0x00
13,0,2,5,0,0,3,62,0,0x00
13,0,2,6,0,0,4,52,51,0x00
13,0,2,7,0,0,4,31,31,0x00
13,0,2,8,0,0,4,15,15,0x00
13,0,3,2,0,0,4,31,31,0x00
13,0,3,3,0,0,3,71,0,0x00
13,0,3,4,0,0,3,110,0,0x00
13,0,3,5,0,0,3,124,0,0x00
13,0,3,6,0,0,3,110,0,0x00
13,0,3,7,0,0,3,71,0,0x00
13,0,3,8,0,0,4,31,31,0x00
13,0,4,1,0,0,4,17,17,0x00
13,0,4,2,0,0,4,52,51,0x00
13,0,4,3,0,0,3,110,0,0x00
13,0,4,4,0,1,2,181,10,0x00
13,0,4,5,0,1,2,206,11,0x00
13,0,4,6,0,1,2,181,10,0x00
13,0,4,7,0,0,3,110,0,0x00
13,0,4,8,0,0,4,52,51,0x00
13,0,4,9,0,0,4,17,17,0x00
13,0,5,1,0,0,4,21,21,0x00
13,0,5,2,0,0,3,62,0,0x00
13,0,5,3,0,0,3,124,0,0x00
13,0,5,4,0,1,2,206,11,0x00
13,0,5,5,0,1,2,222,14,0x00
13,0,5,6,0,1,2,206,11,0x00
13,0,5,7,0,0,3,124,0,0x00
13,0,5,8,0,0,3,62,0,0x00
13,0,5,9,0,0,4,21,21,0x00
13,0,6,1,0,0,4,17,17,0x00
13,0,6,2,0,0,4,52,51,0x00
13,0,6,3,0,0,3,110,0,0x00
13,0,6,4,0,1,2,181,10,0x00
13,0,6,5,0,1,2,206,11,0x00
13,0,6,6,0,1,2,181,10,0x00
13,0,6,7,0,0,3,110,0,0x00
13,0,6,8,0,0,4,52,51,0x00
13,0,6,9,0,0,4,17,17,0x00
13,0,7,2,0,0,4,31,31,0x00
13,0,7,3,0,0,3,71,0,0x00
13,0,7,4,0,0,3,110,0,0x00
13,0,7,5,0,0,3,124,0,0x00
13,0,7,6,0,0,3,110,0,0x00
13,0,7,7,0,0,3,71,0,0x00
13,0,7,8,0,0,4,31,31,0x00
13,0,8,2,0,0,4,15,15,0x00
13,0,8,3,0,0,4,31,31,0x00
13,0,8,4,0,0,4,52,51,0x00
13,0,8,5,0,0,3,62,0,0x00
13,0,8,6,0,0,4,52,51,0x00
13,0,8,7,0,0,4,31,31,0x00
13,0,8,8,0,0,4,15,15,0x00
13,0,9,4,0,0,4,17,17,0x00
13,0,9,5,0,0,4,21,21,0x00
13,0,9,6,0,0,4,17,17,0x00
13,1,1,3,0,0,4,20,20,0x00
13,1,1,4,0,0,4,31,31,0x00
13,1,1,5,0,0,4,35,34,0x00
13,1,1,6,0,0,4,31,31,0x00
13,1,1,7,0,0,4,20,20,0x00
13,1,2,2,0,0,4,29,29,0x00
13,1,2,3,0,0,3,63,0,0x00
13,1,2,4,0,0,3,91,0,0x00
13,1,2,5,0,0,3,101,0,0x00
13,1,2,6,0,0,3,91,0,0x00
13,1,2,7,0,0,3,63,0,0x00
13,1,2,8,0,0,4,29,29,0x00
13,1,3,1,0,0,4,20,20,0x00
13,1,3,2,0,0,3,63,0,0x00
13,1,3,3,0,0,3,129,0,0x00
13,1,3,4,0,1,2,191,12,0x00
13,1,3,5,0,1,2,211,9,0x00
13,1,3,6,0,1,2,191,12,0x00
13,1,3,7,0,0,3,129,0,0x00
13,1,3,8,0,0,3,63,0,0x00
13,1,3,9,0,0,4,20,20,0x00
13,1,4,1,0,0,4,31,31,0x00
13,1,4,2,0,0,3,91,0,0x00
13,1,4,3,0,1,2,191,12,0x00
13,1,4,4,0,0,1,262,10,0x00
13,1,4,5,0,0,1,287,12,0x00
13,1,4,6,0,0,1,262,10,0x00
13,1,4,7,0,1,2,191,12,0x00
13,1,4,8,0,0,3,91,0,0x00
13,1,4,9,0,0,4,31,31,0x00
13,1,5,1,0,0,4,35,34,0x00
13,1,5,2,0,0,3,101,0,0x00
13,1,5,3,0,1,2,211,9,0x00
13,1,5,4,0,0,1,287,12,0x00
13,1,5,5,0,0,1,309,12,0x00
13,1,5,6,0,0,1,287,12,0x00
13,1,5,7,0,1,2,211,9,0x00
13,1,5,8,0,0,3,101,0,0x00
13,1,5,9,0,0,4,35,34,0x00
13,1,6,1,0,0,4,31,31,0x00
13,1,6,2,0,0,3,91,0,0x00
13,1,6,3,0,1,2,191,12,0x00
13,1,6,4,0,0,1,262,10,0x00
13,1,6,5,0,0,1,287,12,0x00
13,1,6,6,0,0,1,262,10,0x00
13,1,6,7,0,1,2,191,12,0x00
13,1,6,8,0,0,3,91,0,0x00
13,1,6,9,0,0,4,31,31,0x00
13,1,7,1,0,0,4,20,20,0x00
13,1,7,2,0,0,3,63,0,0x00
13,1,7,3,0,0,3,129,0,0x00
13,1,7,4,0,1,2,191,12,0x00
13,1,7,5,0,1,2,211,9,0x00
13,1,7,6,0,1,2,191,12,0x00
13,1,7,7,0,0,3,129,0,0x00
13,1,7,8,0,0,3,63,0,0x00
13,1,7,9,0,0,4,20,20,0x00
13,1,8,2,0,0,4,29,29,0x00
13,1,8,3,0,0,3,63,0,0x00
13,1,8,4,0,0,3,91,0,0x00
13,1,8,5,0,0,3,101,0,0x00
13,1,8,6,0,0,3,91,0,0x00
13,1,8,7,0,0,3,63,0,0x00
13,1,8,8,0,0,4,29,29,0x00
13,1,9,3,0,0,4,20,20,0x00
13,1,9,4,0,0,4,31,31,0x00
13,1,9,5,0,0,4,35,34,0x00
13,1,9,6,0,0,4,31,31,0x00
13,1,9,7,0,0,4,20,20,0x00
13,2,1,3,0,0,4,28,28,0x00
13,2,1,4,0,0,4,40,39,0x00
13,2,1,5,0,0,4,44,43,0x00
13,2,1,6,0,0,4,40,39,0x00
13,2,1,7,0,0,4,28,28,0x00
13,2,2,2,0,0,4,35,34,0x00
13,2,2,3,0,0,3,82,0,0x00
13,2,2,4,0,0,3,113,0,0x00
13,2,2,5,0,0,3,124,0,0x00
13,2,2,6,0,0,3,113,0,0x00
13,2,2,7,0,0,3,82,0,0x00
13,2,2,8,0,0,4,35,34,0x00
13,2,3,1,0,0,4,28,28,0x00
13,2,3,2,0,0,3,82,0,0x00
13,2,3,3,0,1,2,178,10,0x00
13,2,3,4,0,1,2,241,12,0x00
13,2,3,5,0,1,2,254,10,0x00
13,2,3,6,0,1,2,241,12,0x00
13,2,3,7,0,1,2,178,10,0x00
13,2,3,8,0,0,3,82,0,0x00
13,2,3,9,0,0,4,28,28,0x00
13,2,4,1,0,0,4,40,39,0x00
13,2,4,2,0,0,3,113,0,0x00
13,2,4,3,0,1,2,241,12,0x00
13,2,4,4,0,0,1,309,12,0x00
13,2,4,5,0,0,1,331,13,0x00
13,2,4,6,0,0,1,309,12,0x00
13,2,4,7,0,1,2,241,12,0x00
13,2,4,8,0,0,3,113,0,0x00
13,2,4,9,0,0,4,40,39,0x00
13,2,5,1,0,0,4,44,43,0x00
13,2,5,2,0,0,3,124,0,0x00
13,2,5,3,0,1,2,254,10,0x00
13,2,5,4,0,0,1,331,13,0x00
13,2,5,5,0,0,0,354,12,0x00
13,2,5,6,0,0,1,331,13,0x00
13,2,5,7,0,1,2,254,10,0x00
13,2,5,8,0,0,3,124,0,0x00
13,2,5,9,0,0,4,44,43,0x00
13,2,6,1,0,0,4,40,39,0x00
13,2,6,2,0,0,3,113,0,0x00
13,2,6,3,0,1,2,241,12,0x00
13,2,6,4,0,0,1,309,12,0x00
13,2,6,5,0,0,1,331,13,0x00
13,2,6,6,0,0,1,309,12,0x00
13,2,6,7,0,1,2,241,12,0x00
13,2,6,8,0,0,3,113,0,0x00
13,2,6,9,0,0,4,40,39,0x00
13,2,7,1,0,0,4,28,28,0x00
13,2,7,2,0,0,3,82,0,0x00
13,2,7,3,0,1,2,178,10,0x00
13,2,7,4,0,1,2,241,12,0x00
13,2,7,5,0,1,2,254,10,0x00
13,2,7,6,0,1,2,241,12,0x00
13,2,7,7,0,1,2,178,10,0x00
13,2,7,8,0,0,3,82,0,0x00
13,2,7,9,0,0,4,28,28,0x00
13,2,8,2,0,0,4,35,34,0x00
13,2,8,3,0,0,3,82,0,0x00
13,2,8,4,0,0,3,113,0,0x00
13,2,8,5,0,0,3,124,0,0x00
13,2,8,6,0,0,3,113,0,0x00
13,2,8,7,0,0,3,82,0,0x00
13,2,8,8,0,0,4,35,34,0x00
13,2,9,3,0,0,4,28,28,0x00
13,2,9,4,0,0,4,40,39,0x00
13,2,9,5,0,0,4,44,43,0x00
13,2,9,6,0,0,4,40,39,0x00
13,2,9,7,0,0,4,28,28,0x00
13,3,1,3,0,0,4,29,29,0x00
13,3,1,4,0,0,4,41,40,0x00
13,3,1,5,0,0,4,46,45,0x00
13,3,1,6,0,0,4,41,40,0x00
13,3,1,7,0,0,4,29,29,0x00
13,3,2,2,0,0,4,36,35,0x00
13,3,2,3,0,0,3,84,0,0x00
13,3,2,4,0,0,3,116,0,0x00
13,3,2,5,0,0,3,127,0,0x00
13,3,2,6,0,0,3,116,0,0x00
13,3,2,7,0,0,3,84,0,0x00
13,3,2,8,0,0,4,36,35,0x00
13,3,3,1,0,0,4,29,29,0x00
13,3,3,2,0,0,3,84,0,0x00
13,3,3,3,0,1,2,187,11,0x00
13,3,3,4,0,1,2,244,11,0x00
13,3,3,5,0,1,2,260,10,0x00
13,3,3,6,0,1,2,244,11,0x00
13,3,3,7,0,1,2,187,11,0x00
13,3,3,8,0,0,3,84,0,0x00
13,3,3,9,0,0,4,29,29,0x00
13,3,4,1,0,0,4,41,40,0x00
13,3,4,2,0,0,3,116,0,0x00
13,3,4,3,0,1,2,244,11,0x00
13,3,4,4,0,0,1,317,12,0x00
13,3,4,5,0,0,1,336,11,0x00
13,3,4,6,0,0,1,317,12,0x00
13,3,4,7,0,1,2,244,11,0x00
13,3,4,8,0,0,3,116,0,0x00
13,3,4,9,0,0,4,41,40,0x00
13,3,5,1,0,0,4,46,45,0x00
13,3,5,2,0,0,3,127,0,0x00
13,3,5,3,0,1,2,260,10,0x00
13,3,5,4,0,0,1,336,11,0x00
13,3,5,5,0,0,0,365,12,0x00
13,3,5,6,0,0,1,336,11,0x00
13,3,5,7,0,1,2,260,10,0x00
13,3,5,8,0,0,3,127,0,0x00
13,3,5,9,0,0,4,46,45,0x00
13,3,6,1,0,0,4,41,40,0x00
13,3,6,2,0,0,3,116,0,0x00
13,3,6,3,0,1,2,244,11,0x00
13,3,6,4,0,0,1,317,12,0x00
13,3,6,5,0,0,1,336,11,0x00
13,3,6,6,0,0,1,317,12,0x00
13,3,6,7,0,1,2,244,11,0x00
13,3,6,8,0,0,3,116,0,0x00
13,3,6,9,0,0,4,41,40,0x00
13,3,7,1,0,0,4,29,29,0x00
13,3,7,2,0,0,3,84,0,0x00
13,3,7,3,0,1,2,187,11,0x00
13,3,7,4,0,1,2,244,11,0x00
13,3,7,5,0,1,2,260,10,0x00
13,3,7,6,0,1,2,244,11,0x00
13,3,7,7,0,1,2,187,11,0x00
13,3,7,8,0,0,3,84,0,0x00
13,3,7,9,0,0,4,29,29,0x00
13,3,8,2,0,0,4,36,35,0x00
13,3,8,3,0,0,3,84,0,0x00
13,3,8,4,0,0,3,116,0,0x00
13,3,8,5,0,0,3,127,0,0x00
13,3,8,6,0,0,3,116,0,0x00
13,3,8,7,0,0,3,84,0,0x00
13,3,8,8,0,0,4,36,35,0x00
13,3,9,3,0,0,4,29,29,0x00
13,3,9,4,0,0,4,41,40,0x00
13,3,9,5,0,0,4,46,45,0x00
13,3,9,6,0,0,4,41,40,0x00
13,3,9,7,0,0,4,29,29,0x00
13,4,1,3,0,0,4,24,24,0x00
13,4,1,4,0,0,4,35,34,0x00
13,4,1,5,0,0,4,39,38,0x00
13,4,1,6,0,0,4,35,34,0x00
13,4,1,7,0,0,4,24,24,0x00
13,4,2,2,0,0,4,31,31,0x00
13,4,2,3,0,0,3,69,0,0x00
13,4,2,4,0,0,3,99,0,0x00
13,4,2,5,0,0,3,110,0,0x00
13,4,2,6,0,0,3,99,0,0x00
13,4,2,7,0,0,3,69,0,0x00
13,4,2,8,0,0,4,31,31,0x00
13,4,3,1,0,0,4,24,24,0x00
13,4,3,2,0,0,3,69,0,0x00
13,4,3,3,0,0,3,137,1,0x00
13,4,3,4,0,1,2,205,11,0x00
13,4,3,5,0,1,2,231,12,0x00
13,4,3,6,0,1,2,205,11,0x00
13,4,3,7,0,0,3,137,1,0x00
13,4,3,8,0,0,3,69,0,0x00
13,4,3,9,0,0,4,24,24,0x00
13,4,4,1,0,0,4,35,34,0x00
13,4,4,2,0,0,3,99,0,0x00
13,4,4,3,0,1,2,205,11,0x00
13,4,4,4,0,0,1,278,13,0x00
13,4,4,5,0,0,1,302,11,0x00
13,4,4,6,0,0,1,278,13,0x00
13,4,4,7,0,1,2,205,11,0x00
13,4,4,8,0,0,3,99,0,0x00
13,4,4,9,0,0,4,35,34,0x00
13,4,5,1,0,0,4,39,38,0x00
13,4,5,2,0,0,3,110,0,0x00
13,4,5,3,0,1,2,231,12,0x00
13,4,5,4,0,0,1,302,11,0x00
13,4,5,5,0,0,1,329,12,0x00
13,4,5,6,0,0,1,302,11,0x00
13,4,5,7,0,1,2,231,12,0x00
13,4,5,8,0,0,3,110,0,0x00
13,4,5,9,0,0,4,39,38,0x00
13,4,6,1,0,0,4,35,34,0x00
13,4,6,2,0,0,3,99,0,0x00
13,4,6,3,0,1,2,205,11,0x00
13,4,6,4,0,0,1,278,13,0x00
13,4,6,5,0,0,1,302,11,0x00
13,4,6,6,0,0,1,278,13,0x00
13,4,6,7,0,1,2,205,11,0x00
13,4,6,8,0,0,3,99,0,0x00
13,4,6,9,0,0,4,35,34,0x00
13,4,7,1,0,0,4,24,24,0x00
13,4,7,2,0,0,3,69,0,0x00
13,4,7,3,0,0,3,137,1,0x00
13,4,7,4,0,1,2,205,11,0x00
13,4,7,5,0,1,2,231,12,0x00
13,4,7,6,0,1,2,205,11,0x00
13,4,7,7,0,0,3,137,1,0x00
13,4,7,8,0,0,3,69,0,0x00
13,4,7,9,0,0,4,24,24,0x00
13,4,8,2,0,0,4,31,31,0x00
13,4,8,3,0,0,3,69,0,0x00
13,4,8,4,0,0,3,99,0,0x00
13,4,8,5,0,0,3,110,0,0x00
13,4,8,6,0,0,3,99,0,0x00
13,4,8,7,0,0,3,69,0,0x00
13,4,8,8,0,0,4,31,31,0x00
13,4,9,3,0,0,4,24,24,0x00
13,4,9,4,0,0,4,35,34,0x00
13,4,9,5,0,0,4,39,38,0x00
13,4,9,6,0,0,4,35,34,0x00
13,4,9,7,0,0,4,24,24,0x00
13,5,1,3,0,0,4,15,15,0x00
13,5,1,4,0,0,4,23,23,0x00
13,5,1,5,0,0,4,26,26,0x00
13,5,1,6,0,0,4,23,23,0x00
13,5,1,7,0,0,4,15,15,0x00
13,5,2,2,0,0,4,19,19,0x00
13,5,2,3,0,0,4,43,42,0x00
13,5,2,4,0,0,3,66,0,0x00
13,5,2,5,0,0,3,76,0,0x00
13,5,2,6,0,0,3,66,0,0x00
13,5,2,7,0,0,4,43,42,0x00
13,5,2,8,0,0,4,19,19,0x00
13,5,3,1,0,0,4,15,15,0x00
13,5,3,2,0,0,4,43,42,0x00
13,5,3,3,0,0,3,86,0,0x00
13,5,3,4,0,0,3,130,0,0x00
13,5,3,5,0,1,2,161,11,0x00
13,5,3,6,0,0,3,130,0,0x00
13,5,3,7,0,0,3,86,0,0x00
13,5,3,8,0,0,4,43,42,0x00
13,5,3,9,0,0,4,15,15,0x00
13,5,4,1,0,0,4,23,23,0x00
13,5,4,2,0,0,3,66,0,0x00
13,5,4,3,0,0,3,130,0,0x00
13,5,4,4,0,1,2,199,11,0x00
13,5,4,5,0,1,2,226,11,0x00
13,5,4,6,0,1,2,199,11,0x00
13,5,4,7,0,0,3,130,0,0x00
13,5,4,8,0,0,3,66,0,0x00
13,5,4,9,0,0,4,23,23,0x00
13,5,5,1,0,0,4,26,26,0x00
13,5,5,2,0,0,3,76,0,0x00
13,5,5,3,0,1,2,161,11,0x00
13,5,5,4,0,1,2,226,11,0x00
13,5,5,5,0,1,2,247,12,0x00
13,5,5,6,0,1,2,226,11,0x00
13,5,5,7,0,1,2,161,11,0x00
13,5,5,8,0,0,3,76,0,0x00
13,5,5,9,0,0,4,26,26,0x00
13,5,6,1,0,0,4,23,23,0x00
13,5,6,2,0,0,3,66,0,0x00
13,5,6,3,0,0,3,130,0,0x00
13,5,6,4,0,1,2,199,11,0x00
13,5,6,5,0,1,2,226,11,0x00
13,5,6,6,0,1,2,199,11,0x00
13,5,6,7,0,0,3,130,0,0x00
13,5,6,8,0,0,3,66,0,0x00
13,5,6,9,0,0,4,23,23,0x00
13,5,7,1,0,0,4,15,15,0x00
13,5,7,2,0,0,4,43,42,0x00
13,5,7,3,0,0,3,86,0,0x00
13,5,7,4,0,0,3,130,0,0x00
13,5,7,5,0,1,2,161,11,0x00
13,5,7,6,0,0,3,130,0,0x00
13,5,7,7,0,0,3,86,0,0x00
13,5,7,8,0,0,4,43,42,0x00
13,5,7,9,0,0,4,15,15,0x00
13,5,8,2,0,0,4,19,19,0x00
13,5,8,3,0,0,4,43,42,0x00
13,5,8,4,0,0,3,66,0,0x00
13,5,8,5,0,0,3,76,0,0x00
13,5,8,6,0,0,3,66,0,0x00
13,5,8,7,0,0,4,43,42,0x00
13,5,8,8,0,0,4,19,19,0x00
13,5,9,3,0,0,4,15,15,0x00
13,5,9,4,0,0,4,23,23,0x00
13,5,9,5,0,0,4,26,26,0x00
13,5,9,6,0,0,4,23,23,0x00
13,5,9,7,0,0,4,15,15,0x00
13,6,2,3,0,0,4,19,19,0x00
13,6,2,4,0,0,4,30,30,0x00
13,6,2,5,0,0,4,32,31,0x00
13,6,2,6,0,0,4,30,30,0x00
13,6,2,7,0,0,4,19,19,0x00
13,6,3,2,0,0,4,19,19,0x00
13,6,3,3,0,0,4,42,41,0x00
13,6,3,4,0,0,3,65,0,0x00
13,6,3,5,0,0,3,74,0,0x00
13,6,3,6,0,0,3,65,0,0x00
13,6,3,7,0,0,4,42,41,0x00
13,6,3,8,0,0,4,19,19,0x00
13,6,4,2,0,0,4,30,30,0x00
13,6,4,3,0,0,3,65,0,0x00
13,6,4,4,0,0,3,94,0,0x00
13,6,4,5,0,0,3,105,0,0x00
13,6,4,6,0,0,3,94,0,0x00
13,6,4,7,0,0,3,65,0,0x00
13,6,4,8,0,0,4,30,30,0x00
13,6,5,2,0,0,4,32,31,0x00
13,6,5,3,0,0,3,74,0,0x00
13,6,5,4,0,0,3,105,0,0x00
13,6,5,5,0,0,3,116,0,0x00
13,6,5,6,0,0,3,105,0,0x00
13,6,5,7,0,0,3,74,0,0x00
13,6,5,8,0,0,4,32,31,0x00
13,6,6,2,0,0,4,30,30,0x00
13,6,6,3,0,0,3,65,0,0x00
13,6,6,4,0,0,3,94,0,0x00
13,6,6,5,0,0,3,105,0,0x00
13,6,6,6,0,0,3,94,0,0x00
13,6,6,7,0,0,3,65,0,0x00
13,6,6,8,0,0,4,30,30,0x00
13,6,7,2,0,0,4,19,19,0x00
13,6,7,3,0,0,4,42,41,0x00
13,6,7,4,0,0,3,65,0,0x00
13,6,7,5,0,0,3,74,0,0x00
13,6,7,6,0,0,3,65,0,0x00
13,6,7,7,0,0,4,42,41,0x00
13,6,7,8,0,0,4,19,19,0x00
13,6,8,3,0,0,4,19,19,0x00
13,6,8,4,0,0,4,30,30,0x00
13,6,8,5,0,0,4,32,31,0x00
13,6,8,6,0,0,4,30,30,0x00
13,6,8,7,0,0,4,19,19,0x00
13,7,3,3,0,0,4,14,14,0x00
13,7,3,4,0,0,4,23,23,0x00
13,7,3,5,0,0,4,26,26,0x00
13,7,3,6,0,0,4,23,23,0x00
13,7,3,7,0,0,4,14,14,0x00
13,7,4,3,0,0,4,23,23,0x00
13,7,4,4,0,0,4,33,32,0x00
13,7,4,5,0,0,4,37,36,0x00
13,7,4,6,0,0,4,33,32,0x00
13,7,4,7,0,0,4,23,23,0x00
13,7,5,3,0,0,4,26,26,0x00
13,7,5,4,0,0,4,37,36,0x00
13,7,5,5,0,0,4,41,40,0x00
13,7,5,6,0,0,4,37,36,0x00
13,7,5,7,0,0,4,26,26,0x00
13,7,6,3,0,0,4,23,23,0x00
13,7,6,4,0,0,4,33,32,0x00
13,7,6,5,0,0,4,37,36,0x00
13,7,6,6,0,0,4,33,32,0x00
13,7,6,7,0,0,4,23,23,0x00
13,7,7,3,0,0,4,14,14,0x00
13,7,7,4,0,0,4,23,23,0x00
13,7,7,5,0,0,4,26,26,0x00
13,7,7,6,0,0,4,23,23,0x00
13,7,7,7,0,0,4,14,14,0x00
13,9,4,4,0,0,4,21,21,0x00
13,9,4,5,0,0,4,26,26,0x00
13,9,4,6,0,0,4,21,21,0x00
13,9,5,4,0,0,4,26,26,0x00
13,9,5,5,0,0,4,31,31,0x00
13,9,5,6,0,0,4,26,26,0x00
13,9,6,4,0,0,4,21,21,0x00
13,9,6,5,0,0,4,26,26,0x00
13,9,6,6,0,0,4,21,21,0x00
13,10,2,4,0,0,4,20,20,0x00
13,10,2,5,0,0,4,25,25,0x00
13,10,2,6,0,0,4,20,20,0x00
13,10,3,3,0,0,4,26,26,0x00
13,10,3,4,0,0,4,44,43,0x00
13,10,3,5,0,0,4,50,49,0x00
13,10,3,6,0,0,4,44,43,0x00
13,10,3,7,0,0,4,26,26,0x00
13,10,4,2,0,0,4,20,20,0x00
13,10,4,3,0,0,4,44,43,0x00
13,10,4,4,0,0,3,75,0,0x00
13,10,4,5,0,0,3,86,0,0x00
13,10,4,6,0,0,3,75,0,0x00
13,10,4,7,0,0,4,44,43,0x00
13,10,4,8,0,0,4,20,20,0x00
13,10,5,2,0,0,4,25,25,0x00
13,10,5,3,0,0,4,50,49,0x00
13,10,5,4,0,0,3,86,0,0x00
13,10,5,5,0,0,3,98,0,0x00
13,10,5,6,0,0,3,86,0,0x00
13,10,5,7,0,0,4,50,49,0x00
13,10,5,8,0,0,4,25,25,0x00
13,10,6,2,0,0,4,20,20,0x00
13,10,6,3,0,0,4,44,43,0x00
13,10,6,4,0,0,3,75,0,0x00
13,10,6,5,0,0,3,86,0,0x00
13,10,6,6,0,0,3,75,0,0x00
13,10,6,7,0,0,4,44,43,0x00
13,10,6,8,0,0,4,20,20,0x00
13,10,7,3,0,0,4,26,26,0x00
13,10,7,4,0,0,4,44,43,0x00
13,10,7,5,0,0,4,50,49,0x00
13,10,7,6,0,0,4,44,43,0x00
13,10,7,7,0,0,4,26,26,0x00
13,10,8,4,0,0,4,20,20,0x00
13,10,8,5,0,0,4,25,25,0x00
13,10,8,6,0,0,4,20,20,0x00
13,0,2,4,1,0,4,20,20,0x19
13,0,2,5,1,0,4,25,25,0x19
13,0,2,6,1,0,4,20,20,0x19
13,0,3,3,1,0,4,26,26,0x19
13,0,3,4,1,0,4,44,43,0x19
13,0,3,5,1,0,4,50,49,0x19
13,0,3,6,1,0,4,44,43,0x19
13,0,3,7,1,0,4,26,26,0x19
13,0,4,2,1,0,4,20,20,0x19
13,0,4,3,1,0,4,44,43,0x19
13,0,4,4,1,0,3,75,0,0x19
13,0,4,5,1,0,3,86,0,0x19
13,0,4,6,1,0,3,75,0,0x19
13,0,4,7,1,0,4,44,43,0x19
13,0,4,8,1,0,4,20,20,0x19
13,0,5,2,1,0,4,25,25,0x19
13,0,5,3,1,0,4,50,49,0x19
13,0,5,4,1,0,3,86,0,0x19
13,0,5,5,1,0,3,98,0,0x19
13,0,5,6,1,0,3,86,0,0x19
13,0,5,7,1,0,4,50,49,0x19
13,0,5,8,1,0,4,25,25,0x19
13,0,6,2,1,0,4,20,20,0x19
13,0,6,3,1,0,4,44,43,0x19
13,0,6,4,1,0,3,75,0,0x19
13,0,6,5,1,0,3,86,0,0x19
13,0,6,6,1,0,3,75,0,0x19
13,0,6,7,1,0,4,44,43,0x19
13,0,6,8,1,0,4,20,20,0x19
13,0,7,3,1,0,4,26,26,0x19
13,0,7,4,1,0,4,44,43,0x19
13,0,7,5,1,0,4,50,49,0x19
13,0,7,6,1,0,4,44,43,0x19
13,0,7,7,1,0,4,26,26,0x19
13,0,8,4,1,0,4,20,20,0x19
13,0,8,5,1,0,4,25,25,0x19
13,0,8,6,1,0,4,20,20,0x19
13,1,4,4,1,0,4,21,21,0x19
13,1,4,5,1,0,4,26,26,0x19
13,1,4,6,1,0,4,21,21,0x19
13,1,5,4,1,0,4,26,26,0x19
13,1,5,5,1,0,4,31,31,0x19
13,1,5,6,1,0,4,26,26,0x19
13,1,6,4,1,0,4,21,21,0x19
13,1,6,5,1,0,4,26,26,0x19
13,1,6,6,1,0,4,21,21,0x19
13,3,3,3,1,0,4,14,14,0x19
13,3,3,4,1,0,4,23,23,0x19
13,3,3,5,1,0,4,26,26,0x19
13,3,3,6,1,0,4,23,23,0x19
13,3,3,7,1,0,4,14,14,0x19
13,3,4,3,1,0,4,23,23,0x19
13,3,4,4,1,0,4,33,32,0x19
13,3,4,5,1,0,4,37,36,0x19
13,3,4,6,1,0,4,33,32,0x19
13,3,4,7,1,0,4,23,23,0x19
13,3,5,3,1,0,4,26,26,0x19
13,3,5,4,1,0,4,37,36,0x19
13,3,5,5,1,0,4,41,40,0x19
13,3,5,6,1,0,4,37,36,0x19
13,3,5,7,1,0,4,26,26,0x19
13,3,6,3,1,0,4,23,23,0x19
13,3,6,4,1,0,4,33,32,0x19
13,3,6,5,1,0,4,37,36,0x19
13,3,6,6,1,0,4,33,32,0x19
13,3,6,7,1,0,4,23,23,0x19
13,3,7,3,1,0,4,14,14,0x19
13,3,7,4,1,0,4,23,23,0x19
13,3,7,5,1,0,4,26,26,0x19
13,3,7,6,1,0,4,23,23,0x19
13,3,7,7,1,0,4,14,14,0x19
13,4,2,3,1,0,4,19,19,0x19
13,4,2,4,1,0,4,30,30,0x19
13,4,2,5,1,0,4,32,31,0x19
13,4,2,6,1,0,4,30,30,0x19
13,4,2,7,1,0,4,19,19,0x19
13,4,3,2,1,0,4,19,19,0x19
13,4,3,3,1,0,4,42,41,0x19
13,4,3,4,1,0,3,65,0,0x19
13,4,3,5,1,0,3,74,0,0x19
13,4,3,6,1,0,3,65,0,0x19
13,4,3,7,1,0,4,42,41,0x19
13,4,3,8,1,0,4,19,19,0x19
13,4,4,2,1,0,4,30,30,0x19
13,4,4,3,1,0,3,65,0,0x19
13,4,4,4,1,0,3,94,0,0x19
13,4,4,5,1,0,3,105,0,0x19
13,4,4,6,1,0,3,94,0,0x19
13,4,4,7,1,0,3,65,0,0x19
13,4,4,8,1,0,4,30,30,0x19
13,4,5,2,1,0,4,32,31,0x19
13,4,5,3,1,0,3,74,0,0x19
13,4,5,4,1,0,3,105,0,0x19
13,4,5,5,1,0,3,116,0,0x19
13,4,5,6,1,0,3,105,0,0x19
13,4,5,7,1,0,3,74,0,0x19
13,4,5,8,1,0,4,32,31,0x19
13,4,6,2,1,0,4,30,30,0x19
13,4,6,3,1,0,3,65,0,0x19
13,4,6,4,1,0,3,94,0,0x19
13,4,6,5,1,0,3,105,0,0x19
13,4,6,6,1,0,3,94,0,0x19
13,4,6,7,1,0,3,65,0,0x19
13,4,6,8,1,0,4,30,30,0x19
13,4,7,2,1,0,4,19,19,0x19
13,4,7,3,1,0,4,42,41,0x19
13,4,7,4,1,0,3,65,0,0x19
13,4,7,5,1,0,3,74,0,0x19
13,4,7,6,1,0,3,65,0,0x19
13,4,7,7,1,0,4,42,41,0x19
13,4,7,8,1,0,4,19,19,0x19
13,4,8,3,1,0,4,19,19,0x19
13,4,8,4,1,0,4,30,30,0x19
13,4,8,5,1,0,4,32,31,0x19
13,4,8,6,1,0,4,30,30,0x19
13,4,8,7,1,0,4,19,19,0x19
13,5,1,3,1,0,4,15,15,0x19
13,5,1,4,1,0,4,23,23,0x19
13,5,1,5,1,0,4,26,26,0x19
13,5,1,6,1,0,4,23,23,0x19
13,5,1,7,1,0,4,15,15,0x19
13,5,2,2,1,0,4,19,19,0x19
13,5,2,3,1,0,4,43,42,0x19
13,5,2,4,1,0,3,66,0,0x19
13,5,2,5,1,0,3,76,0,0x19
13,5,2,6,1,0,3,66,0,0x19
13,5,2,7,1,0,4,43,42,0x19
13,5,2,8,1,0,4,19,19,0x19
13,5,3,1,1,0,4,15,15,0x19
13,5,3,2,1,0,4,43,42,0x19
13,5,3,3,1,0,3,86,0,0x19
13,5,3,4,1,0,3,130,0,0x19
13,5,3,5,1,1,2,161,11,0x19
13,5,3,6,1,0,3,130,0,0x19
13,5,3,7,1,0,3,86,0,0x19
13,5,3,8,1,0,4,43,42,0x19
13,5,3,9,1,0,4,15,15,0x19
13,5,4,1,1,0,4,23,23,0x19
13,5,4,2,1,0,3,66,0,0x19
13,5,4,3,1,0,3,130,0,0x19
13,5,4,4,1,1,2,199,11,0x19
13,5,4,5,1,1,2,226,11,0x19
13,5,4,6,1,1,2,199,11,0x19
13,5,4,7,1,0,3,130,0,0x19
13,5,4,8,1,0,3,66,0,0x19
13,5,4,9,1,0,4,23,23,0x19
13,5,5,1,1,0,4,26,26,0x19
13,5,5,2,1,0,3,76,0,0x19
13,5,5,3,1,1,2,161,11,0x19
13,5,5,4,1,1,2,226,11,0x19
13,5,5,5,1,1,2,247,12,0x19
13,5,5,6,1,1,2,226,11,0x19
13,5,5,7,1,1,2,161,11,0x19
13,5,5,8,1,0,3,76,0,0x19
13,5,5,9,1,0,4,26,26,0x19
13,5,6,1,1,0,4,23,23,0x19
13,5,6,2,1,0,3,66,0,0x19
13,5,6,3,1,0,3,130,0,0x19
13,5,6,4,1,1,2,199,11,0x19
13,5,6,5,1,1,2,226,11,0x19
13,5,6,6,1,1,2,199,11,0x19
13,5,6,7,1,0,3,130,0,0x19
13,5,6,8,1,0,3,66,0,0x19
13,5,6,9,1,0,4,23,23,0x19
13,5,7,1,1,0,4,15,15,0x19
13,5,7,2,1,0,4,43,42,0x19
13,5,7,3,1,0,3,86,0,0x19
13,5,7,4,1,0,3,130,0,0x19
13,5,7,5,1,1,2,161,11,0x19
13,5,7,6,1,0,3,130,0,0x19
13,5,7,7,1,0,3,86,0,0x19
13,5,7,8,1,0,4,43,42,0x19
13,5,7,9,1,0,4,15,15,0x19
13,5,8,2,1,0,4,19,19,0x19
13,5,8,3,1,0,4,43,42,0x19
13,5,8,4,1,0,3,66,0,0x19
13,5,8,5,1,0,3,76,0,0x19
13,5,8,6,1,0,3,66,0,0x19
13,5,8,7,1,0,4,43,42,0x19
13,5,8,8,1,0,4,19,19,0x19
13,5,9,3,1,0,4,15,15,0x19
13,5,9,4,1,0,4,23,23,0x19
13,5,9,5,1,0,4,26,26,0x19
13,5,9,6,1,0,4,23,23,0x19
13,5,9,7,1,0,4,15,15,0x19
13,6,1,3,1,0,4,24,24,0x19
13,6,1,4,1,0,4,35,34,0x19
13,6,1,5,1,0,4,39,38,0x19
13,6,1,6,1,0,4,35,34,0x19
13,6,1,7,1,0,4,24,24,0x19
13,6,2,2,1,0,4,31,31,0x19
13,6,2,3,1,0,3,69,0,0x19
13,6,2,4,1,0,3,99,0,0x19
13,6,2,5,1,0,3,110,0,0x19
13,6,2,6,1,0,3,99,0,0x19
13,6,2,7,1,0,3,69,0,0x19
13,6,2,8,1,0,4,31,31,0x19
13,6,3,1,1,0,4,24,24,0x19
13,6,3,2,1,0,3,69,0,0x19
13,6,3,3,1,0,3,137,1,0x19
13,6,3,4,1,1,2,205,11,0x19
13,6,3,5,1,1,2,231,12,0x19
13,6,3,6,1,1,2,205,11,0x19
13,6,3,7,1,0,3,137,1,0x19
13,6,3,8,1,0,3,69,0,0x19
13,6,3,9,1,0,4,24,24,0x19
13,6,4,1,1,0,4,35,34,0x19
13,6,4,2,1,0,3,99,0,0x19
13,6,4,3,1,1,2,205,11,0x19
13,6,4,4,1,0,1,278,13,0x19
13,6,4,5,1,0,1,302,11,0x19
13,6,4,6,1,0,1,278,13,0x19
13,6,4,7,1,1,2,205,11,0x19
13,6,4,8,1,0,3,99,0,0x19
13,6,4,9,1,0,4,35,34,0x19
13,6,5,1,1,0,4,39,38,0x19
13,6,5,2,1,0,3,110,0,0x19
13,6,5,3,1,1,2,231,12,0x19
13,6,5,4,1,0,1,302,11,0x19
13,6,5,5,1,0,1,329,12,0x19
13,6,5,6,1,0,1,302,11,0x19
13,6,5,7,1,1,2,231,12,0x19
13,6,5,8,1,0,3,110,0,0x19
13,6,5,9,1,0,4,39,38,0x19
13,6,6,1,1,0,4,35,34,0x19
13,6,6,2,1,0,3,99,0,0x19
13,6,6,3,1,1,2,205,11,0x19
13,6,6,4,1,0,1,278,13,0x19
13,6,6,5,1,0,1,302,11,0x19
13,6,6,6,1,0,1,278,13,0x19
13,6,6,7,1,1,2,205,11,0x19
13,6,6,8,1,0,3,99,0,0x19
13,6,6,9,1,0,4,35,34,0x19
13,6,7,1,1,0,4,24,24,0x19
13,6,7,2,1,0,3,69,0,0x19
13,6,7,3,1,0,3,137,1,0x19
13,6,7,4,1,1,2,205,11,0x19
13,6,7,5,1,1,2,231,12,0x19
13,6,7,6,1,1,2,205,11,0x19
13,6,7,7,1,0,3,137,1,0x19
13,6,7,8,1,0,3,69,0,0x19
13,6,7,9,1,0,4,24,24,0x19
13,6,8,2,1,0,4,31,31,0x19
13,6,8,3,1,0,3,69,0,0x19
13,6,8,4,1,0,3,99,0,0x19
13,6,8,5,1,0,3,110,0,0x19
13,6,8,6,1,0,3,99,0,0x19
13,6,8,7,1,0,3,69,0,0x19
13,6,8,8,1,0,4,31,31,0x19
13,6,9,3,1,0,4,24,24,0x19
13,6,9,4,1,0,4,35,34,0x19
13,6,9,5,1,0,4,39,38,0x19
13,6,9,6,1,0,4,35,34,0x19
13,6,9,7,1,0,4,24,24,0x19
13,7,1,3,1,0,4,29,29,0x19
13,7,1,4,1,0,4,41,40,0x19
13,7,1,5,1,0,4,46,45,0x19
13,7,1,6,1,0,4,41,40,0x19
13,7,1,7,1,0,4,29,29,0x19
13,7,2,2,1,0,4,36,35,0x19
13,7,2,3,1,0,3,84,0,0x19
13,7,2,4,1,0,3,116,0,0x19
13,7,2,5,1,0,3,127,0,0x19
13,7,2,6,1,0,3,116,0,0x19
13,7,2,7,1,0,3,84,0,0x19
13,7,2,8,1,0,4,36,35,0x19
13,7,3,1,1,0,4,29,29,0x19
13,7,3,2,1,0,3,84,0,0x19
13,7,3,3,1,1,2,187,11,0x19
13,7,3,4,1,1,2,244,11,0x19
13,7,3,5,1,1,2,260,10,0x19
13,7,3,6,1,1,2,244,11,0x19
13,7,3,7,1,1,2,187,11,0x19
13,7,3,8,1,0,3,84,0,0x19
13,7,3,9,1,0,4,29,29,0x19
13,7,4,1,1,0,4,41,40,0x19
13,7,4,2,1,0,3,116,0,0x19
13,7,4,3,1,1,2,244,11,0x19
13,7,4,4,1,0,1,317,12,0x19
13,7,4,5,1,0,1,336,11,0x19
13,7,4,6,1,0,1,317,12,0x19
13,7,4,7,1,1,2,244,11,0x19
13,7,4,8,1,0,3,116,0,0x19
13,7,4,9,1,0,4,41,40,0x19
13,7,5,1,1,0,4,46,45,0x19
13,7,5,2,1,0,3,127,0,0x19
13,7,5,3,1,1,2,260,10,0x19
13,7,5,4,1,0,1,336,11,0x19
13,7,5,5,1,0,0,365,12,0x19
13,7,5,6,1,0,1,336,11,0x19
13,7,5,7,1,1,2,260,10,0x19
13,7,5,8,1,0,3,127,0,0x19
13,7,5,9,1,0,4,46,45,0x19
13,7,6,1,1,0,4,41,40,0x19
13,7,6,2,1,0,3,116,0,0x19
13,7,6,3,1,1,2,244,11,0x19
13,7,6,4,1,0,1,317,12,0x19
13,7,6,5,1,0,1,336,11,0x19
13,7,6,6,1,0,1,317,12,0x19
13,7,6,7,1,1,2,244,11,0x19
13,7,6,8,1,0,3,116,0,0x19
13,7,6,9,1,0,4,41,40,0x19
13,7,7,1,1,0,4,29,29,0x19
13,7,7,2,1,0,3,84,0,0x19
13,7,7,3,1,1,2,187,11,0x19
13,7,7,4,1,1,2,244,11,0x19
13,7,7,5,1,1,2,260,10,0x19
13,7,7,6,1,1,2,244,11,0x19
13,7,7,7,1,1,2,187,11,0x19
13,7,7,8,1,0,3,84,0,0x19
13,7,7,9,1,0,4,29,29,0x19
13,7,8,2,1,0,4,36,35,0x19
13,7,8,3,1,0,3,84,0,0x19
13,7,8,4,1,0,3,116,0,0x19
13,7,8,5,1,0,3,127,0,0x19
13,7,8,6,1,0,3,116,0,0x19
13,7,8,7,1,0,3,84,0,0x19
13,7,8,8,1,0,4,36,35,0x19
13,7,9,3,1,0,4,29,29,0x19
13,7,9,4,1,0,4,41,40,0x19
13,7,9,5,1,0,4,46,45,0x19
13,7,9,6,1,0,4,41,40,0x19
13,7,9,7,1,0,4,29,29,0x19
13,8,1,3,1,0,4,28,28,0x19
13,8,1,4,1,0,4,40,39,0x19
13,8,1,5,1,0,4,44,43,0x19
13,8,1,6,1,0,4,40,39,0x19
13,8,1,7,1,0,4,28,28,0x19
13,8,2,2,1,0,4,35,34,0x19
13,8,2,3,1,0,3,82,0,0x19
13,8,2,4,1,0,3,113,0,0x19
13,8,2,5,1,0,3,124,0,0x19
13,8,2,6,1,0,3,113,0,0x19
13,8,2,7,1,0,3,82,0,0x19
13,8,2,8,1,0,4,35,34,0x19
13,8,3,1,1,0,4,28,28,0x19
13,8,3,2,1,0,3,82,0,0x19
13,8,3,3,1,1,2,178,10,0x19
13,8,3,4,1,1,2,241,12,0x19
13,8,3,5,1,1,2,254,10,0x19
13,8,3,6,1,1,2,241,12,0x19
13,8,3,7,1,1,2,178,10,0x19
13,8,3,8,1,0,3,82,0,0x19
13,8,3,9,1,0,4,28,28,0x19
13,8,4,1,1,0,4,40,39,0x19
13,8,4,2,1,0,3,113,0,0x19
13,8,4,3,1,1,2,241,12,0x19
13,8,4,4,1,0,1,309,12,0x19
13,8,4,5,1,0,1,331,13,0x19
13,8,4,6,1,0,1,309,12,0x19
13,8,4,7,1,1,2,241,12,0x19
13,8,4,8,1,0,3,113,0,0x19
13,8,4,9,1,0,4,40,39,0x19
13,8,5,1,1,0,4,44,43,0x19
13,8,5,2,1,0,3,124,0,0x19
13,8,5,3,1,1,2,254,10,0x19
13,8,5,4,1,0,1,331,13,0x19
13,8,5,5,1,0,0,354,12,0x3F
13,8,5,6,1,0,1,331,13,0x19
13,8,5,7,1,1,2,254,10,0x19
13,8,5,8,1,0,3,124,0,0x19
13,8,5,9,1,0,4,44,43,0x19
13,8,6,1,1,0,4,40,39,0x19
13,8,6,2,1,0,3,113,0,0x19
13,8,6,3,1,1,2,241,12,0x19
13,8,6,4,1,0,1,309,12,0x19
13,8,6,5,1,0,1,331,13,0x19
13,8,6,6,1,0,1,309,12,0x19
13,8,6,7,1,1,2,241,12,0x19
13,8,6,8,1,0,3,113,0,0x19
13,8,6,9,1,0,4,40,39,0x19
13,8,7,1,1,0,4,28,28,0x19
13,8,7,2,1,0,3,82,0,0x19
13,8,7,3,1,1,2,178,10,0x19
13,8,7,4,1,1,2,241,12,0x19
13,8,7,5,1,1,2,254,10,0x19
13,8,7,6,1,1,2,241,12,0x19
13,8,7,7,1,1,2,178,10,0x19
13,8,7,8,1,0,3,82,0,0x19
13,8,7,9,1,0,4,28,28,0x19
13,8,8,2,1,0,4,35,34,0x19
13,8,8,3,1,0,3,82,0,0x19
13,8,8,4,1,0,3,113,0,0x19
13,8,8,5,1,0,3,124,0,0x19
13,8,8,6,1,0,3,113,0,0x19
13,8,8,7,1,0,3,82,0,0x19
13,8,8,8,1,0,4,35,34,0x19
13,8,9,3,1,0,4,28,28,0x19
13,8,9,4,1,0,4,40,39,0x19
13,8,9,5,1,0,4,44,43,0x19
13,8,9,6,1,0,4,40,39,0x19
13,8,9,7,1,0,4,28,28,0x19
13,9,1,3,1,0,4,20,20,0x19
13,9,1,4,1,0,4,31,31,0x19
13,9,1,5,1,0,4,35,34,0x19
13,9,1,6,1,0,4,31,31,0x19
13,9,1,7,1,0,4,20,20,0x19
13,9,2,2,1,0,4,29,29,0x19
13,9,2,3,1,0,3,63,0,0x19
13,9,2,4,1,0,3,91,0,0x19
13,9,2,5,1,0,3,101,0,0x19
13,9,2,6,1,0,3,91,0,0x19
13,9,2,7,1,0,3,63,0,0x19
13,9,2,8,1,0,4,29,29,0x19
13,9,3,1,1,0,4,20,20,0x19
13,9,3,2,1,0,3,63,0,0x19
13,9,3,3,1,0,3,129,0,0x19
13,9,3,4,1,1,2,191,12,0x19
13,9,3,5,1,1,2,211,9,0x19
13,9,3,6,1,1,2,191,12,0x19
13,9,3,7,1,0,3,129,0,0x19
13,9,3,8,1,0,3,63,0,0x19
13,9,3,9,1,0,4,20,20,0x19
13,9,4,1,1,0,4,31,31,0x19
13,9,4,2,1,0,3,91,0,0x19
13,9,4,3,1,1,2,191,12,0x19
13,9,4,4,1,0,1,262,10,0x19
13,9,4,5,1,0,1,287,12,0x19
13,9,4,6,1,0,1,262,10,0x19
13,9,4,7,1,1,2,191,12,0x19
13,9,4,8,1,0,3,91,0,0x19
13,9,4,9,1,0,4,31,31,0x19
13,9,5,1,1,0,4,35,34,0x19
13,9,5,2,1,0,3,101,0,0x19
13,9,5,3,1,1,2,211,9,0x19
13,9,5,4,1,0,1,287,12,0x19
13,9,5,5,1,0,1,309,12,0x19
13,9,5,6,1,0,1,287,12,0x19
13,9,5,7,1,1,2,211,9,0x19
13,9,5,8,1,0,3,101,0,0x19
13,9,5,9,1,0,4,35,34,0x19
13,9,6,1,1,0,4,31,31,0x19
13,9,6,2,1,0,3,91,0,0x19
13,9,6,3,1,1,2,191,12,0x19
13,9,6,4,1,0,1,262,10,0x19
13,9,6,5,1,0,1,287,12,0x19
13,9,6,6,1,0,1,262,10,0x19
13,9,6,7,1,1,2,191,12,0x19
13,9,6,8,1,0,3,91,0,0x19
13,9,6,9,1,0,4,31,31,0x19
13,9,7,1,1,0,4,20,20,0x19
13,9,7,2,1,0,3,63,0,0x19
13,9,7,3,1,0,3,129,0,0x19
13,9,7,4,1,1,2,191,12,0x19
13,9,7,5,1,1,2,211,9,0x19
13,9,7,6,1,1,2,191,12,0x19
13,9,7,7,1,0,3,129,0,0x19
13,9,7,8,1,0,3,63,0,0x19
13,9,7,9,1,0,4,20,20,0x19
13,9,8,2,1,0,4,29,29,0x19
13,9,8,3,1,0,3,63,0,0x19
13,9,8,4,1,0,3,91,0,0x19
13,9,8,5,1,0,3,101,0,0x19
13,9,8,6,1,0,3,91,0,0x19
13,9,8,7,1,0,3,63,0,0x19
13,9,8,8,1,0,4,29,29,0x19
13,9,9,3,1,0,4,20,20,0x19
13,9,9,4,1,0,4,31,31,0x19
13,9,9,5,1,0,4,35,34,0x19
13,9,9,6,1,0,4,31,31,0x19
13,9,9,7,1,0,4,20,20,0x19
13,10,1,4,1,0,4,17,17,0x19
13,10,1,5,1,0,4,21,21,0x19
13,10,1,6,1,0,4,17,17,0x19
13,10,2,2,1,0,4,15,15,0x19
13,10,2,3,1,0,4,31,31,0x19
13,10,2,4,1,0,4,52,51,0x19
13,10,2,5,1,0,3,62,0,0x19
13,10,2,6,1,0,4,52,51,0x19
13,10,2,7,1,0,4,31,31,0x19
13,10,2,8,1,0,4,15,15,0x19
13,10,3,2,1,0,4,31,31,0x19
13,10,3,3,1,0,3,71,0,0x19
13,10,3,4,1,0,3,110,0,0x19
13,10,3,5,1,0,3,124,0,0x19
13,10,3,6,1,0,3,110,0,0x19
13,10,3,7,1,0,3,71,0,0x19
13,10,3,8,1,0,4,31,31,0x19
13,10,4,1,1,0,4,17,17,0x19
13,10,4,2,1,0,4,52,51,0x19
13,10,4,3,1,0,3,110,0,0x19
13,10,4,4,1,1,2,181,10,0x19
13,10,4,5,1,1,2,206,11,0x19
13,10,4,6,1,1,2,181,10,0x19
13,10,4,7,1,0,3,110,0,0x19
13,10,4,8,1,0,4,52,51,0x19
13,10,4,9,1,0,4,17,17,0x19
13,10,5,1,1,0,4,21,21,0x19
13,10,5,2,1,0,3,62,0,0x19
13,10,5,3,1,0,3,124,0,0x19
13,10,5,4,1,1,2,206,11,0x19
13,10,5,5,1,1,2,222,14,0x19
13,10,5,6,1,1,2,206,11,0x19
13,10,5,7,1,0,3,124,0,0x19
13,10,5,8,1,0,3,62,0,0x19
13,10,5,9,1,0,4,21,21,0x19
13,10,6,1,1,0,4,17,17,0x19
13,10,6,2,1,0,4,52,51,0x19
13,10,6,3,1,0,3,110,0,0x19
13,10,6,4,1,1,2,181,10,0x19
13,10,6,5,1,1,2,206,11,0x19
13,10,6,6,1,1,2,181,10,0x19
13,10,6,7,1,0,3,110,0,0x19
13,10,6,8,1,0,4,52,51,0x19
13,10,6,9,1,0,4,17,17,0x19
13,10,7,2,1,0,4,31,31,0x19
13,10,7,3,1,0,3,71,0,0x19
13,10,7,4,1,0,3,110,0,0x19
13,10,7,5,1,0,3,124,0,0x19
13,10,7,6,1,0,3,110,0,0x19
13,10,7,7,1,0,3,71,0,0x19
13,10,7,8,1,0,4,31,31,0x19
13,10,8,2,1,0,4,15,15,0x19
13,10,8,3,1,0,4,31,31,0x19
13,10,8,4,1,0,4,52,51,0x19
13,10,8,5,1,0,3,62,0,0x19
13,10,8,6,1,0,4,52,51,0x19
13,10,8,7,1,0,4,31,31,0x19
13,10,8,8,1,0,4,15,15,0x19
13,10,9,4,1,0,4,17,17,0x19
13,10,9,5,1,0,4,21,21,0x19
13,10,9,6,1,0,4,17,17,0x19
14,0,1,4,0,0,4,17,17,0x00
14,0,1,5,0,0,4,21,21,0x00
14,0,1,6,0,0,4,17,17,0x00
14,0,2,2,0,0,4,15,15,0x00
14,0,2,3,0,0,4,31,31,0x00
14,0,2,4,0,0,4,52,51,0x00
14,0,2,5,0,1,3,62,0,0x00
14,0,2,6,0,0,4,52,51,0x00
14,0,2,7,0,0,4,31,31,0x00
14,0,2,8,0,0,4,15,15,0x00
14,0,3,2,0,0,4,31,31,0x00
14,0,3,3,0,1,3,71,0,0x00
14,0,3,4,0,1,3,110,0,0x00
14,0,3,5,0,1,3,123,0,0x00
14,0,3,6,0,1,3,110,0,0x00
14,0,3,7,0,1,3,71,0,0x00
14,0,3,8,0,0,4,31,31,0x00
14,0,4,1,0,0,4,17,17,0x00
14,0,4,2,0,0,4,52,51,0x00
14,0,4,3,0,1,3,110,0,0x00
14,0,4,4,0,0,2,178,10,0x00
14,0,4,5,0,0,2,201,11,0x00
14,0,4,6,0,0,2,178,10,0x00
14,0,4,7,0,1,3,110,0,0x00
14,0,4,8,0,0,4,52,51,0x00
14,0,4,9,0,0,4,17,17,0x00
14,0,5,1,0,0,4,21,21,0x00
14,0,5,2,0,1,3,62,0,0x00
14,0,5,3,0,1,3,123,0,0x00
14,0,5,4,0,0,2,201,11,0x00
14,0,5,5,0,0,2,221,12,0x00
14,0,5,6,0,0,2,201,11,0x00
14,0,5,7,0,1,3,123,0,0x00
14,0,5,8,0,1,3,62,0,0x00
14,0,5,9,0,0,4,21,21,0x00
14,0,6,1,0,0,4,17,17,0x00
14,0,6,2,0,0,4,52,51,0x00
14,0,6,3,0,1,3,110,0,0x00
14,0,6,4,0,0,2,178,10,0x00
14,0,6,5,0,0,2,201,11,0x00
14,0,6,6,0,0,2,178,10,0x00
14,0,6,7,0,1,3,110,0,0x00
14,0,6,8,0,0,4,52,51,0x00
14,0,6,9,0,0,4,17,17,0x00
14,0,7,2,0,0,4,31,31,0x00
14,0,7,3,0,1,3,71,0,0x00
14,0,7,4,0,1,3,110,0,0x00
14,0,7,5,0,1,3,123,0,0x00
14,0,7,6,0,1,3,110,0,0x00
14,0,7,7,0,1,3,71,0,0x00
14,0,7,8,0,0,4,31,31,0x00
14,0,8,2,0,0,4,15,15,0x00
14,0,8,3,0,0,4,31,31,0x00
14,0,8,4,0,0,4,52,51,0x00
14,0,8,5,0,1,3,62,0,0x00
14,0,8,6,0,0,4,52,51,0x00
14,0,8,7,0,0,4,31,31,0x00
14,0,8,8,0,0,4,15,15,0x00
14,0,9,4,0,0,4,17,17,0x00
14,0,9,5,0,0,4,21,21,0x00
14,0,9,6,0,0,4,17,17,0x00
14,1,1,3,0,0,4,20,20,0x00
14,1,1,4,0,0,4,31,31,0x00
14,1,1,5,0,0,4,35,34,0x00
14,1,1,6,0,0,4,31,31,0x00
14,1,1,7,0,0,4,20,20,0x00
14,1,2,2,0,0,4,29,29,0x00
14,1,2,3,0,1,3,63,0,0x00
14,1,2,4,0,1,3,91,0,0x00
14,1,2,5,0,1,3,101,0,0x00
14,1,2,6,0,1,3,91,0,0x00
14,1,2,7,0,1,3,63,0,0x00
14,1,2,8,0,0,4,29,29,0x00
14,1,3,1,0,0,4,20,20,0x00
14,1,3,2,0,1,3,63,0,0x00
14,1,3,3,0,1,3,129,1,0x00
14,1,3,4,0,0,2,195,11,0x00
14,1,3,5,0,0,2,211,11,0x00
14,1,3,6,0,0,2,195,11,0x00
14,1,3,7,0,1,3,129,1,0x00
14,1,3,8,0,1,3,63,0,0x00
14,1,3,9,0,0,4,20,20,0x00
14,1,4,1,0,0,4,31,31,0x00
14,1,4,2,0,1,3,91,0,0x00
14,1,4,3,0,0,2,195,11,0x00
14,1,4,4,0,0,1,263,12,0x00
14,1,4,5,0,0,1,287,11,0x00
14,1,4,6,0,0,1,263,12,0x00
14,1,4,7,0,0,2,195,11,0x00
14,1,4,8,0,1,3,91,0,0x00
14,1,4,9,0,0,4,31,31,0x00
14,1,5,1,0,0,4,35,34,0x00
14,1,5,2,0,1,3,101,0,0x00
14,1,5,3,0,0,2,211,11,0x00
14,1,5,4,0,0,1,287,11,0x00
14,1,5,5,0,0,1,309,13,0x00
14,1,5,6,0,0,1,287,11,0x00
14,1,5,7,0,0,2,211,11,0x00
14,1,5,8,0,1,3,101,0,0x00
14,1,5,9,0,0,4,35,34,0x00
14,1,6,1,0,0,4,31,31,0x00
14,1,6,2,0,1,3,91,0,0x00
14,1,6,3,0,0,2,195,11,0x00
14,1,6,4,0,0,1,263,12,0x00
14,1,6,5,0,0,1,287,11,0x00
14,1,6,6,0,0,1,263,12,0x00
14,1,6,7,0,0,2,195,11,0x00
14,1,6,8,0,1,3,91,0,0x00
14,1,6,9,0,0,4,31,31,0x00
14,1,7,1,0,0,4,20,20,0x00
14,1,7,2,0,1,3,63,0,0x00
14,1,7,3,0,1,3,129,1,0x00
14,1,7,4,0,0,2,195,11,0x00
14,1,7,5,0,0,2,211,11,0x00
14,1,7,6,0,0,2,195,11,0x00
14,1,7,7,0,1,3,129,1,0x00
14,1,7,8,0,1,3,63,0,0x00
14,1,7,9,0,0,4,20,20,0x00
14,1,8,2,0,0,4,29,29,0x00
14,1,8,3,0,1,3,63,0,0x00
14,1,8,4,0,1,3,91,0,0x00
14,1,8,5,0,1,3,101,0,0x00
14,1,8,6,0,1,3,91,0,0x00
14,1,8,7,0,1,3,63,0,0x00
14,1,8,8,0,0,4,29,29,0x00
14,1,9,3,0,0,4,20,20,0x00
14,1,9,4,0,0,4,31,31,0x00
14,1,9,5,0,0,4,35,34,0x00
14,1,9,6,0,0,4,31,31,0x00
14,1,9,7,0,0,4,20,20,0x00
14,2,1,3,0,0,4,28,28,0x00
14,2,1,4,0,0,4,40,39,0x00
14,2,1,5,0,0,4,44,43,0x00
14,2,1,6,0,0,4,40,39,0x00
14,2,1,7,0,0,4,28,28,0x00
14,2,2,2,0,0,4,35,34,0x00
14,2,2,3,0,1,3,82,0,0x00
14,2,2,4,0,1,3,113,0,0x00
14,2,2,5,0,1,3,124,0,0x00
14,2,2,6,0,1,3,113,0,0x00
14,2,2,7,0,1,3,82,0,0x00
14,2,2,8,0,0,4,35,34,0x00
14,2,3,1,0,0,4,28,28,0x00
14,2,3,2,0,1,3,82,0,0x00
14,2,3,3,0,0,2,176,9,0x00
14,2,3,4,0,0,2,233,11,0x00
14,2,3,5,0,0,2,253,12,0x00
14,2,3,6,0,0,2,233,11,0x00
14,2,3,7,0,0,2,176,9,0x00
14,2,3,8,0,1,3,82,0,0x00
14,2,3,9,0,0,4,28,28,0x00
14,2,4,1,0,0,4,40,39,0x00
14,2,4,2,0,1,3,113,0,0x00
14,2,4,3,0,0,2,233,11,0x00
14,2,4,4,0,0,1,303,10,0x00
14,2,4,5,0,0,1,328,12,0x00
14,2,4,6,0,0,1,303,10,0x00
14,2,4,7,0,0,2,233,11,0x00
14,2,4,8,0,1,3,113,0,0x00
14,2,4,9,0,0,4,40,39,0x00
14,2,5,1,0,0,4,44,43,0x00
14,2,5,2,0,1,3,124,0,0x00
14,2,5,3,0,0,2,253,12,0x00
14,2,5,4,0,0,1,328,12,0x00
14,2,5,5,0,0,0,349,9,0x00
14,2,5,6,0,0,1,328,12,0x00
14,2,5,7,0,0,2,253,12,0x00
14,2,5,8,0,1,3,124,0,0x00
14,2,5,9,0,0,4,44,43,0x00
14,2,6,1,0,0,4,40,39,0x00
14,2,6,2,0,1,3,113,0,0x00
14,2,6,3,0,0,2,233,11,0x00
14,2,6,4,0,0,1,303,10,0x00
14,2,6,5,0,0,1,328,12,0x00
14,2,6,6,0,0,1,303,10,0x00
14,2,6,7,0,0,2,233,11,0x00
14,2,6,8,0,1,3,113,0,0x00
14,2,6,9,0,0,4,40,39,0x00
14,2,7,1,0,0,4,28,28,0x00
14,2,7,2,0,1,3,82,0,0x00
14,2,7,3,0,0,2,176,9,0x00
14,2,7,4,0,0,2,233,11,0x00
14,2,7,5,0,0,2,253,12,0x00
14,2,7,6,0,0,2,233,11,0x00
14,2,7,7,0,0,2,176,9,0x00
14,2,7,8,0,1,3,82,0,0x00
14,2,7,9,0,0,4,28,28,0x00
14,2,8,2,0,0,4,35,34,0x00
14,2,8,3,0,1,3,82,0,0x00
14,2,8,4,0,1,3,113,0,0x00
14,2,8,5,0,1,3,124,0,0x00
14,2,8,6,0,1,3,113,0,0x00
14,2,8,7,0,1,3,82,0,0x00
14,2,8,8,0,0,4,35,34,0x00
14,2,9,3,0,0,4,28,28,0x00
14,2,9,4,0,0,4,40,39,0x00
14,2,9,5,0,0,4,44,43,0x00
14,2,9,6,0,0,4,40,39,0x00
14,2,9,7,0,0,4,28,28,0x00
14,3,1,3,0,0,4,29,29,0x00
14,3,1,4,0,0,4,41,40,0x00
14,3,1,5,0,0,4,46,45,0x00
14,3,1,6,0,0,4,41,40,0x00
14,3,1,7,0,0,4,29,29,0x00
14,3,2,2,0,0,4,36,35,0x00
14,3,2,3,0,1,3,84,0,0x00
14,3,2,4,0,1,3,116,0,0x00
14,3,2,5,0,1,3,127,0,0x00
14,3,2,6,0,1,3,116,0,0x00
14,3,2,7,0,1,3,84,0,0x00
14,3,2,8,0,0,4,36,35,0x00
14,3,3,1,0,0,4,29,29,0x00
14,3,3,2,0,1,3,84,0,0x00
14,3,3,3,0,0,2,181,12,0x00
14,3,3,4,0,0,2,236,11,0x00
14,3,3,5,0,0,2,258,11,0x00
14,3,3,6,0,0,2,236,11,0x00
14,3,3,7,0,0,2,181,12,0x00
14,3,3,8,0,1,3,84,0,0x00
14,3,3,9,0,0,4,29,29,0x00
14,3,4,1,0,0,4,41,40,0x00
14,3,4,2,0,1,3,116,0,0x00
14,3,4,3,0,0,2,236,11,0x00
14,3,4,4,0,0,1,312,10,0x00
14,3,4,5,0,0,1,333,11,0x00
14,3,4,6,0,0,1,312,10,0x00
14,3,4,7,0,0,2,236,11,0x00
14,3,4,8,0,1,3,116,0,0x00
14,3,4,9,0,0,4,41,40,0x00
14,3,5,1,0,0,4,46,45,0x00
14,3,5,2,0,1,3,127,0,0x00
14,3,5,3,0,0,2,258,11,0x00
14,3,5,4,0,0,1,333,11,0x00
14,3,5,5,0,0,0,358,12,0x00
14,3,5,6,0,0,1,333,11,0x00
14,3,5,7,0,0,2,258,11,0x00
14,3,5,8,0,1,3,127,0,0x00
14,3,5,9,0,0,4,46,45,0x00
14,3,6,1,0,0,4,41,40,0x00
14,3,6,2,0,1,3,116,0,0x00
14,3,6,3,0,0,2,236,11,0x00
14,3,6,4,0,0,1,312,10,0x00
14,3,6,5,0,0,1,333,11,0x00
14,3,6,6,0,0,1,312,10,0x00
14,3,6,7,0,0,2,236,11,0x00
14,3,6,8,0,1,3,116,0,0x00
14,3,6,9,0,0,4,41,40,0x00
14,3,7,1,0,0,4,29,29,0x00
14,3,7,2,0,1,3,84,0,0x00
14,3,7,3,0,0,2,181,12,0x00
14,3,7,4,0,0,2,236,11,0x00
14,3,7,5,0,0,2,258,11,0x00
14,3,7,6,0,0,2,236,11,0x00
14,3,7,7,0,0,2,181,12,0x00
14,3,7,8,0,1,3,84,0,0x00
14,3,7,9,0,0,4,29,29,0x00
14,3,8,2,0,0,4,36,35,0x00
14,3,8,3,0,1,3,84,0,0x00
14,3,8,4,0,1,3,116,0,0x00
14,3,8,5,0,1,3,127,0,0x00
14,3,8,6,0,1,3,116,0,0x00
14,3,8,7,0,1,3,84,0,0x00
14,3,8,8,0,0,4,36,35,0x00
14,3,9,3,0,0,4,29,29,0x00
14,3,9,4,0,0,4,41,40,0x00
14,3,9,5,0,0,4,46,45,0x00
14,3,9,6,0,0,4,41,40,0x00
14,3,9,7,0,0,4,29,29,0x00
14,4,1,3,0,0,4,24,24,0x00
14,4,1,4,0,0,4,35,34,0x00
14,4,1,5,0,0,4,39,38,0x00
14,4,1,6,0,0,4,35,34,0x00
14,4,1,7,0,0,4,24,24,0x00
14,4,2,2,0,0,4,31,31,0x00
14,4,2,3,0,1,3,69,0,0x00
14,4,2,4,0,1,3,99,0,0x00
14,4,2,5,0,1,3,110,0,0x00
14,4,2,6,0,1,3,99,0,0x00
14,4,2,7,0,1,3,69,0,0x00
14,4,2,8,0,0,4,31,31,0x00
14,4,3,1,0,0,4,24,24,0x00
14,4,3,2,0,1,3,69,0,0x00
14,4,3,3,0,1,3,136,0,0x00
14,4,3,4,0,0,2,205,10,0x00
14,4,3,5,0,0,2,226,10,0x00
14,4,3,6,0,0,2,205,10,0x00
14,4,3,7,0,1,3,136,0,0x00
14,4,3,8,0,1,3,69,0,0x00
14,4,3,9,0,0,4,24,24,0x00
14,4,4,1,0,0,4,35,34,0x00
14,4,4,2,0,1,3,99,0,0x00
14,4,4,3,0,0,2,205,10,0x00
14,4,4,4,0,0,1,276,11,0x00
14,4,4,5,0,0,1,297,11,0x00
14,4,4,6,0,0,1,276,11,0x00
14,4,4,7,0,0,2,205,10,0x00
14,4,4,8,0,1,3,99,0,0x00
14,4,4,9,0,0,4,35,34,0x00
14,4,5,1,0,0,4,39,38,0x00
14,4,5,2,0,1,3,110,0,0x00
14,4,5,3,0,0,2,226,10,0x00
14,4,5,4,0,0,1,297,11,0x00
14,4,5,5,0,0,1,316,10,0x00
14,4,5,6,0,0,1,297,11,0x00
14,4,5,7,0,0,2,226,10,0x00
14,4,5,8,0,1,3,110,0,0x00
14,4,5,9,0,0,4,39,38,0x00
14,4,6,1,0,0,4,35,34,0x00
14,4,6,2,0,1,3,99,0,0x00
14,4,6,3,0,0,2,205,10,0x00
14,4,6,4,0,0,1,276,11,0x00
14,4,6,5,0,0,1,297,11,0x00
14,4,6,6,0,0,1,276,11,0x00
14,4,6,7,0,0,2,205,10,0x00
14,4,6,8,0,1,3,99,0,0x00
14,4,6,9,0,0,4,35,34,0x00
14,4,7,1,0,0,4,24,24,0x00
14,4,7,2,0,1,3,69,0,0x00
14,4,7,3,0,1,3,136,0,0x00
14,4,7,4,0,0,2,205,10,0x00
14,4,7,5,0,0,2,226,10,0x00
14,4,7,6,0,0,2,205,10,0x00
14,4,7,7,0,1,3,136,0,0x00
14,4,7,8,0,1,3,69,0,0x00
14,4,7,9,0,0,4,24,24,0x00
14,4,8,2,0,0,4,31,31,0x00
14,4,8,3,0,1,3,69,0,0x00
14,4,8,4,0,1,3,99,0,0x00
14,4,8,5,0,1,3,110,0,0x00
14,4,8,6,0,1,3,99,0,0x00
14,4,8,7,0,1,3,69,0,0x00
14,4,8,8,0,0,4,31,31,0x00
14,4,9,3,0,0,4,24,24,0x00
14,4,9,4,0,0,4,35,34,0x00
14,4,9,5,0,0,4,39,38,0x00
14,4,9,6,0,0,4,35,34,0x00
14,4,9,7,0,0,4,24,24,0x00
14,5,1,3,0,0,4,15,15,0x00
14,5,1,4,0,0,4,23,23,0x00
14,5,1,5,0,0,4,26,26,0x00
14,5,1,6,0,0,4,23,23,0x00
14,5,1,7,0,0,4,15,15,0x00
14,5,2,2,0,0,4,19,19,0x00
14,5,2,3,0,0,4,43,42,0x00
14,5,2,4,0,1,3,66,0,0x00
14,5,2,5,0,1,3,76,0,0x00
14,5,2,6,0,1,3,66,0,0x00
14,5,2,7,0,0,4,43,42,0x00
14,5,2,8,0,0,4,19,19,0x00
14,5,3,1,0,0,4,15,15,0x00
14,5,3,2,0,0,4,43,42,0x00
14,5,3,3,0,1,3,86,0,0x00
14,5,3,4,0,1,3,131,0,0x00
14,5,3,5,0,0,2,159,11,0x00
14,5,3,6,0,1,3,131,0,0x00
14,5,3,7,0,1,3,86,0,0x00
14,5,3,8,0,0,4,43,42,0x00
14,5,3,9,0,0,4,15,15,0x00
14,5,4,1,0,0,4,23,23,0x00
14,5,4,2,0,1,3,66,0,0x00
14,5,4,3,0,1,3,131,0,0x00
14,5,4,4,0,0,2,200,10,0x00
14,5,4,5,0,0,2,221,10,0x00
14,5,4,6,0,0,2,200,10,0x00
14,5,4,7,0,1,3,131,0,0x00
14,5,4,8,0,1,3,66,0,0x00
14,5,4,9,0,0,4,23,23,0x00
14,5,5,1,0,0,4,26,26,0x00
14,5,5,2,0,1,3,76,0,0x00
14,5,5,3,0,0,2,159,11,0x00
14,5,5,4,0,0,2,221,10,0x00
14,5,5,5,0,0,2,239,10,0x00
14,5,5,6,0,0,2,221,10,0x00
14,5,5,7,0,0,2,159,11,0x00
14,5,5,8,0,1,3,76,0,0x00
14,5,5,9,0,0,4,26,26,0x00
14,5,6,1,0,0,4,23,23,0x00
14,5,6,2,0,1,3,66,0,0x00
14,5,6,3,0,1,3,131,0,0x00
14,5,6,4,0,0,2,200,10,0x00
14,5,6,5,0,0,2,221,10,0x00
14,5,6,6,0,0,2,200,10,0x00
14,5,6,7,0,1,3,131,0,0x00
14,5,6,8,0,1,3,66,0,0x00
14,5,6,9,0,0,4,23,23,0x00
14,5,7,1,0,0,4,15,15,0x00
14,5,7,2,0,0,4,43,42,0x00
14,5,7,3,0,1,3,86,0,0x00
14,5,7,4,0,1,3,131,0,0x00
14,5,7,5,0,0,2,159,11,0x00
14,5,7,6,0,1,3,131,0,0x00
14,5,7,7,0,1,3,86,0,0x00
14,5,7,8,0,0,4,43,42,0x00
14,5,7,9,0,0,4,15,15,0x00
14,5,8,2,0,0,4,19,19,0x00
14,5,8,3,0,0,4,43,42,0x00
14,5,8,4,0,1,3,66,0,0x00
14,5,8,5,0,1,3,76,0,0x00
14,5,8,6,0,1,3,66,0,0x00
14,5,8,7,0,0,4,43,42,0x00
14,5,8,8,0,0,4,19,19,0x00
14,5,9,3,0,0,4,15,15,0x00
14,5,9,4,0,0,4,23,23,0x00
14,5,9,5,0,0,4,26,26,0x00
14,5,9,6,0,0,4,23,23,0x00
14,5,9,7,0,0,4,15,15,0x00
14,6,2,3,0,0,4,19,19,0x00
14,6,2,4,0,0,4,30,30,0x00
14,6,2,5,0,0,4,32,31,0x00
14,6,2,6,0,0,4,30,30,0x00
14,6,2,7,0,0,4,19,19,0x00
14,6,3,2,0,0,4,19,19,0x00
14,6,3,3,0,0,4,42,41,0x00
14,6,3,4,0,1,3,65,0,0x00
14,6,3,5,0,1,3,74,0,0x00
14,6,3,6,0,1,3,65,0,0x00
14,6,3,7,0,0,4,42,41,0x00
14,6,3,8,0,0,4,19,19,0x00
14,6,4,2,0,0,4,30,30,0x00
14,6,4,3,0,1,3,65,0,0x00
14,6,4,4,0,1,3,94,0,0x00
14,6,4,5,0,1,3,105,0,0x00
14,6,4,6,0,1,3,94,0,0x00
14,6,4,7,0,1,3,65,0,0x00
14,6,4,8,0,0,4,30,30,0x00
14,6,5,2,0,0,4,32,31,0x00
14,6,5,3,0,1,3,74,0,0x00
14,6,5,4,0,1,3,105,0,0x00
14,6,5,5,0,1,3,116,0,0x00
14,6,5,6,0,1,3,105,0,0x00
14,6,5,7,0,1,3,74,0,0x00
14,6,5,8,0,0,4,32,31,0x00
14,6,6,2,0,0,4,30,30,0x00
14,6,6,3,0,1,3,65,0,0x00
14,6,6,4,0,1,3,94,0,0x00
14,6,6,5,0,1,3,105,0,0x00
14,6,6,6,0,1,3,94,0,0x00
14,6,6,7,0,1,3,65,0,0x00
14,6,6,8,0,0,4,30,30,0x00
14,6,7,2,0,0,4,19,19,0x00
14,6,7,3,0,0,4,42,41,0x00
14,6,7,4,0,1,3,65,0,0x00
14,6,7,5,0,1,3,74,0,0x00
14,6,7,6,0,1,3,65,0,0x00
14,6,7,7,0,0,4,42,41,0x00
14,6,7,8,0,0,4,19,19,0x00
14,6,8,3,0,0,4,19,19,0x00
14,6,8,4,0,0,4,30,30,0x00
14,6,8,5,0,0,4,32,31,0x00
14,6,8,6,0,0,4,30,30,0x00
14,6,8,7,0,0,4,19,19,0x00
14,7,3,3,0,0,4,14,14,0x00
14,7,3,4,0,0,4,23,23,0x00
14,7,3,5,0,0,4,26,26,0x00
14,7,3,6,0,0,4,23,23,0x00
14,7,3,7,0,0,4,14,14,0x00
14,7,4,3,0,0,4,23,23,0x00
14,7,4,4,0,0,4,33,32,0x00
14,7,4,5,0,0,4,37,36,0x00
14,7,4,6,0,0,4,33,32,0x00
14,7,4,7,0,0,4,23,23,0x00
14,7,5,3,0,0,4,26,26,0x00
14,7,5,4,0,0,4,37,36,0x00
14,7,5,5,0,0,4,41,40,0x00
14,7,5,6,0,0,4,37,36,0x00
14,7,5,7,0,0,4,26,26,0x00
14,7,6,3,0,0,4,23,23,0x00
14,7,6,4,0,0,4,33,32,0x00
14,7,6,5,0,0,4,37,36,0x00
14,7,6,6,0,0,4,33,32,0x00
14,7,6,7,0,0,4,23,23,0x00
14,7,7,3,0,0,4,14,14,0x00
14,7,7,4,0,0,4,23,23,0x00
14,7,7,5,0,0,4,26,26,0x00
14,7,7,6,0,0,4,23,23,0x00
14,7,7,7,0,0,4,14,14,0x00
14,9,4,4,0,0,4,21,21,0x00
14,9,4,5,0,0,4,26,26,0x00
14,9,4,6,0,0,4,21,21,0x00
14,9,5,4,0,0,4,26,26,0x00
14,9,5,5,0,0,4,31,31,0x00
14,9,5,6,0,0,4,26,26,0x00
14,9,6,4,0,0,4,21,21,0x00
14,9,6,5,0,0,4,26,26,0x00
14,9,6,6,0,0,4,21,21,0x00
14,10,2,4,0,0,4,20,20,0x00
14,10,2,5,0,0,4,25,25,0x00
14,10,2,6,0,0,4,20,20,0x00
14,10,3,3,0,0,4,26,26,0x00
14,10,3,4,0,0,4,44,43,0x00
14,10,3,5,0,0,4,50,49,0x00
14,10,3,6,0,0,4,44,43,0x00
14,10,3,7,0,0,4,26,26,0x00
14,10,4,2,0,0,4,20,20,0x00
14,10,4,3,0,0,4,44,43,0x00
14,10,4,4,0,1,3,75,0,0x00
14,10,4,5,0,1,3,86,0,0x00
14,10,4,6,0,1,3,75,0,0x00
14,10,4,7,0,0,4,44,43,0x00
14,10,4,8,0,0,4,20,20,0x00
14,10,5,2,0,0,4,25,25,0x00
14,10,5,3,0,0,4,50,49,0x00
14,10,5,4,0,1,3,86,0,0x00
14,10,5,5,0,1,3,98,0,0x00
14,10,5,6,0,1,3,86,0,0x00
14,10,5,7,0,0,4,50,49,0x00
14,10,5,8,0,0,4,25,25,0x00
14,10,6,2,0,0,4,20,20,0x00
14,10,6,3,0,0,4,44,43,0x00
14,10,6,4,0,1,3,75,0,0x00
14,10,6,5,0,1,3,86,0,0x00
14,10,6,6,0,1,3,75,0,0x00
14,10,6,7,0,0,4,44,43,0x00
14,10,6,8,0,0,4,20,20,0x00
14,10,7,3,0,0,4,26,26,0x00
14,10,7,4,0,0,4,44,43,0x00
14,10,7,5,0,0,4,50,49,0x00
14,10,7,6,0,0,4,44,43,0x00
14,10,7,7,0,0,4,26,26,0x00
14,10,8,4,0,0,4,20,20,0x00
14,10,8,5,0,0,4,25,25,0x00
14,10,8,6,0,0,4,20,20,0x00
14,0,2,4,1,0,4,20,20,0x19
14,0,2,5,1,0,4,25,25,0x19
14,0,2,6,1,0,4,20,20,0x19
14,0,3,3,1,0,4,26,26,0x19
14,0,3,4,1,0,4,44,43,0x19
14,0,3,5,1,0,4,50,49,0x19
14,0,3,6,1,0,4,44,43,0x19
14,0,3,7,1,0,4,26,26,0x19
14,0,4,2,1,0,4,20,20,0x19
14,0,4,3,1,0,4,44,43,0x19
14,0,4,4,1,1,3,75,0,0x19
14,0,4,5,1,1,3,86,0,0x19
14,0,4,6,1,1,3,75,0,0x19
14,0,4,7,1,0,4,44,43,0x19
14,0,4,8,1,0,4,20,20,0x19
14,0,5,2,1,0,4,25,25,0x19
14,0,5,3,1,0,4,50,49,0x19
14,0,5,4,1,1,3,86,0,0x19
14,0,5,5,1,1,3,98,0,0x19
14,0,5,6,1,1,3,86,0,0x19
14,0,5,7,1,0,4,50,49,0x19
14,0,5,8,1,0,4,25,25,0x19
14,0,6,2,1,0,4,20,20,0x19
14,0,6,3,1,0,4,44,43,0x19
14,0,6,4,1,1,3,75,0,0x19
14,0,6,5,1,1,3,86,0,0x19
14,0,6,6,1,1,3,75,0,0x19
14,0,6,7,1,0,4,44,43,0x19
14,0,6,8,1,0,4,20,20,0x19
14,0,7,3,1,0,4,26,26,0x19
14,0,7,4,1,0,4,44,43,0x19
14,0,7,5,1,0,4,50,49,0x19
14,0,7,6,1,0,4,44,43,0x19
14,0,7,7,1,0,4,26,26,0x19
14,0,8,4,1,0,4,20,20,0x19
14,0,8,5,1,0,4,25,25,0x19
14,0,8,6,1,0,4,20,20,0x19
14,1,4,4,1,0,4,21,21,0x19
14,1,4,5,1,0,4,26,26,0x19
14,1,4,6,1,0,4,21,21,0x19
14,1,5,4,1,0,4,26,26,0x19
14,1,5,5,1,0,4,31,31,0x19
14,1,5,6,1,0,4,26,26,0x19
14,1,6,4,1,0,4,21,21,0x19
14,1,6,5,1,0,4,26,26,0x19
14,1,6,6,1,0,4,21,21,0x19
14,3,3,3,1,0,4,14,14,0x19
14,3,3,4,1,0,4,23,23,0x19
14,3,3,5,1,0,4,26,26,0x19
14,3,3,6,1,0,4,23,23,0x19
14,3,3,7,1,0,4,14,14,0x19
14,3,4,3,1,0,4,23,23,0x19
14,3,4,4,1,0,4,33,32,0x19
14,3,4,5,1,0,4,37,36,0x19
14,3,4,6,1,0,4,33,32,0x19
14,3,4,7,1,0,4,23,23,0x19
14,3,5,3,1,0,4,26,26,0x19
14,3,5,4,1,0,4,37,36,0x19
14,3,5,5,1,0,4,41,40,0x19
14,3,5,6,1,0,4,37,36,0x19
14,3,5,7,1,0,4,26,26,0x19
14,3,6,3,1,0,4,23,23,0x19
14,3,6,4,1,0,4,33,32,0x19
14,3,6,5,1,0,4,37,36,0x19
14,3,6,6,1,0,4,33,32,0x19
14,3,6,7,1,0,4,23,23,0x19
14,3,7,3,1,0,4,14,14,0x19
14,3,7,4,1,0,4,23,23,0x19
14,3,7,5,1,0,4,26,26,0x19
14,3,7,6,1,0,4,23,23,0x19
14,3,7,7,1,0,4,14,14,0x19
14,4,2,3,1,0,4,19,19,0x19
14,4,2,4,1,0,4,30,30,0x19
14,4,2,5,1,0,4,32,31,0x19
14,4,2,6,1,0,4,30,30,0x19
14,4,2,7,1,0,4,19,19,0x19
14,4,3,2,1,0,4,19,19,0x19
14,4,3,3,1,0,4,42,41,0x19
14,4,3,4,1,1,3,65,0,0x19
14,4,3,5,1,1,3,74,0,0x19
14,4,3,6,1,1,3,65,0,0x19
14,4,3,7,1,0,4,42,41,0x19
14,4,3,8,1,0,4,19,19,0x19
14,4,4,2,1,0,4,30,30,0x19
14,4,4,3,1,1,3,65,0,0x19
14,4,4,4,1,1,3,94,0,0x19
14,4,4,5,1,1,3,105,0,0x19
14,4,4,6,1,1,3,94,0,0x19
14,4,4,7,1,1,3,65,0,0x19
14,4,4,8,1,0,4,30,30,0x19
14,4,5,2,1,0,4,32,31,0x19
14,4,5,3,1,1,3,74,0,0x19
14,4,5,4,1,1,3,105,0,0x19
14,4,5,5,1,1,3,116,0,0x19
14,4,5,6,1,1,3,105,0,0x19
14,4,5,7,1,1,3,74,0,0x19
14,4,5,8,1,0,4,32,31,0x19
14,4,6,2,1,0,4,30,30,0x19
14,4,6,3,1,1,3,65,0,0x19
14,4,6,4,1,1,3,94,0,0x19
14,4,6,5,1,1,3,105,0,0x19
14,4,6,6,1,1,3,94,0,0x19
14,4,6,7,1,1,3,65,0,0x19
14,4,6,8,1,0,4,30,30,0x19
14,4,7,2,1,0,4,19,19,0x19
14,4,7,3,1,0,4,42,41,0x19
14,4,7,4,1,1,3,65,0,0x19
14,4,7,5,1,1,3,74,0,0x19
14,4,7,6,1,1,3,65,0,0x19
14,4,7,7,1,0,4,42,41,0x19
14,4,7,8,1,0,4,19,19,0x19
14,4,8,3,1,0,4,19,19,0x19
14,4,8,4,1,0,4,30,30,0x19
14,4,8,5,1,0,4,32,31,0x19
14,4,8,6,1,0,4,30,30,0x19
14,4,8,7,1,0,4,19,19,0x19
14,5,1,3,1,0,4,15,15,0x19
14,5,1,4,1,0,4,23,23,0x19
14,5,1,5,1,0,4,26,26,0x19
14,5,1,6,1,0,4,23,23,0x19
14,5,1,7,1,0,4,15,15,0x19
14,5,2,2,1,0,4,19,19,0x19
14,5,2,3,1,0,4,43,42,0x19
14,5,2,4,1,1,3,66,0,0x19
14,5,2,5,1,1,3,76,0,0x19
14,5,2,6,1,1,3,66,0,0x19
14,5,2,7,1,0,4,43,42,0x19
14,5,2,8,1,0,4,19,19,0x19
14,5,3,1,1,0,4,15,15,0x19
14,5,3,2,1,0,4,43,42,0x19
14,5,3,3,1,1,3,86,0,0x19
14,5,3,4,1,1,3,131,0,0x19
14,5,3,5,1,0,2,159,11,0x19
14,5,3,6,1,1,3,131,0,0x19
14,5,3,7,1,1,3,86,0,0x19
14,5,3,8,1,0,4,43,42,0x19
14,5,3,9,1,0,4,15,15,0x19
14,5,4,1,1,0,4,23,23,0x19
14,5,4,2,1,1,3,66,0,0x19
14,5,4,3,1,1,3,131,0,0x19
14,5,4,4,1,0,2,200,10,0x19
14,5,4,5,1,0,2,221,10,0x19
14,5,4,6,1,0,2,200,10,0x19
14,5,4,7,1,1,3,131,0,0x19
14,5,4,8,1,1,3,66,0,0x19
14,5,4,9,1,0,4,23,23,0x19
14,5,5,1,1,0,4,26,26,0x19
14,5,5,2,1,1,3,76,0,0x19
14,5,5,3,1,0,2,159,11,0x19
14,5,5,4,1,0,2,221,10,0x19
14,5,5,5,1,0,2,239,10,0x19
14,5,5,6,1,0,2,221,10,0x19
14,5,5,7,1,0,2,159,11,0x19
14,5,5,8,1,1,3,76,0,0x19
14,5,5,9,1,0,4,26,26,0x19
14,5,6,1,1,0,4,23,23,0x19
14,5,6,2,1,1,3,66,0,0x19
14,5,6,3,1,1,3,131,0,0x19
14,5,6,4,1,0,2,200,10,0x19
14,5,6,5,1,0,2,221,10,0x19
14,5,6,6,1,0,2,200,10,0x19
14,5,6,7,1,1,3,131,0,0x19
14,5,6,8,1,1,3,66,0,0x19
14,5,6,9,1,0,4,23,23,0x19
14,5,7,1,1,0,4,15,15,0x19
14,5,7,2,1,0,4,43,42,0x19
14,5,7,3,1,1,3,86,0,0x19
14,5,7,4,1,1,3,131,0,0x19
14,5,7,5,1,0,2,159,11,0x19
14,5,7,6,1,1,3,131,0,0x19
14,5,7,7,1,1,3,86,0,0x19
14,5,7,8,1,0,4,43,42,0x19
14,5,7,9,1,0,4,15,15,0x19
14,5,8,2,1,0,4,19,19,0x19
14,5,8,3,1,0,4,43,42,0x19
14,5,8,4,1,1,3,66,0,0x19
14,5,8,5,1,1,3,76,0,0x19
14,5,8,6,1,1,3,66,0,0x19
14,5,8,7,1,0,4,43,42,0x19
14,5,8,8,1,0,4,19,19,0x19
14,5,9,3,1,0,4,15,15,0x19
14,5,9,4,1,0,4,23,23,0x19
14,5,9,5,1,0,4,26,26,0x19
14,5,9,6,1,0,4,23,23,0x19
14,5,9,7,1,0,4,15,15,0x19
14,6,1,3,1,0,4,24,24,0x19
14,6,1,4,1,0,4,35,34,0x19
14,6,1,5,1,0,4,39,38,0x19
14,6,1,6,1,0,4,35,34,0x19
14,6,1,7,1,0,4,24,24,0x19
14,6,2,2,1,0,4,31,31,0x19
14,6,2,3,1,1,3,69,0,0x19
14,6,2,4,1,1,3,99,0,0x19
14,6,2,5,1,1,3,110,0,0x19
14,6,2,6,1,1,3,99,0,0x19
14,6,2,7,1,1,3,69,0,0x19
14,6,2,8,1,0,4,31,31,0x19
14,6,3,1,1,0,4,24,24,0x19
14,6,3,2,1,1,3,69,0,0x19
14,6,3,3,1,1,3,136,0,0x19
14,6,3,4,1,0,2,205,10,0x19
14,6,3,5,1,0,2,226,10,0x19
14,6,3,6,1,0,2,205,10,0x19
14,6,3,7,1,1,3,136,0,0x19
14,6,3,8,1,1,3,69,0,0x19
14,6,3,9,1,0,4,24,24,0x19
14,6,4,1,1,0,4,35,34,0x19
14,6,4,2,1,1,3,99,0,0x19
14,6,4,3,1,0,2,205,10,0x19
14,6,4,4,1,0,1,276,11,0x19
14,6,4,5,1,0,1,297,11,0x19
14,6,4,6,1,0,1,276,11,0x19
14,6,4,7,1,0,2,205,10,0x19
14,6,4,8,1,1,3,99,0,0x19
14,6,4,9,1,0,4,35,34,0x19
14,6,5,1,1,0,4,39,38,0x19
14,6,5,2,1,1,3,110,0,0x19
14,6,5,3,1,0,2,226,10,0x19
14,6,5,4,1,0,1,297,11,0x19
14,6,5,5,1,0,1,316,10,0x19
14,6,5,6,1,0,1,297,11,0x19
14,6,5,7,1,0,2,226,10,0x19
14,6,5,8,1,1,3,110,0,0x19
14,6,5,9,1,0,4,39,38,0x19
14,6,6,1,1,0,4,35,34,0x19
14,6,6,2,1,1,3,99,0,0x19
14,6,6,3,1,0,2,205,10,0x19
14,6,6,4,1,0,1,276,11,0x19
14,6,6,5,1,0,1,297,11,0x19
14,6,6,6,1,0,1,276,11,0x19
14,6,6,7,1,0,2,205,10,0x19
14,6,6,8,1,1,3,99,0,0x19
14,6,6,9,1,0,4,35,34,0x19
14,6,7,1,1,0,4,24,24,0x19
14,6,7,2,1,1,3,69,0,0x19
14,6,7,3,1,1,3,136,0,0x19
14,6,7,4,1,0,2,205,10,0x19
14,6,7,5,1,0,2,226,10,0x19
14,6,7,6,1,0,2,205,10,0x19
14,6,7,7,1,1,3,136,0,0x19
14,6,7,8,1,1,3,69,0,0x19
14,6,7,9,1,0,4,24,24,0x19
14,6,8,2,1,0,4,31,31,0x19
14,6,8,3,1,1,3,69,0,0x19
14,6,8,4,1,1,3,99,0,0x19
14,6,8,5,1,1,3,110,0,0x19
14,6,8,6,1,1,3,99,0,0x19
14,6,8,7,1,1,3,69,0,0x19
14,6,8,8,1,0,4,31,31,0x19
14,6,9,3,1,0,4,24,24,0x19
14,6,9,4,1,0,4,35,34,0x19
14,6,9,5,1,0,4,39,38,0x19
14,6,9,6,1,0,4,35,34,0x19
14,6,9,7,1,0,4,24,24,0x19
14,7,1,3,1,0,4,29,29,0x19
14,7,1,4,1,0,4,41,40,0x19
14,7,1,5,1,0,4,46,45,0x19
14,7,1,6,1,0,4,41,40,0x19
14,7,1,7,1,0,4,29,29,0x19
14,7,2,2,1,0,4,36,35,0x19
14,7,2,3,1,1,3,84,0,0x19
14,7,2,4,1,1,3,116,0,0x19
14,7,2,5,1,1,3,127,0,0x19
14,7,2,6,1,1,3,116,0,0x19
14,7,2,7,1,1,3,84,0,0x19
14,7,2,8,1,0,4,36,35,0x19
14,7,3,1,1,0,4,29,29,0x19
14,7,3,2,1,1,3,84,0,0x19
14,7,3,3,1,0,2,181,12,0x19
14,7,3,4,1,0,2,236,11,0x19
14,7,3,5,1,0,2,258,11,0x19
14,7,3,6,1,0,2,236,11,0x19
14,7,3,7,1,0,2,181,12,0x19
14,7,3,8,1,1,3,84,0,0x19
14,7,3,9,1,0,4,29,29,0x19
14,7,4,1,1,0,4,41,40,0x19
14,7,4,2,1,1,3,116,0,0x19
14,7,4,3,1,0,2,236,11,0x19
14,7,4,4,1,0,1,312,10,0x19
14,7,4,5,1,0,1,333,11,0x19
14,7,4,6,1,0,1,312,10,0x19
14,7,4,7,1,0,2,236,11,0x19
14,7,4,8,1,1,3,116,0,0x19
14,7,4,9,1,0,4,41,40,0x19
14,7,5,1,1,0,4,46,45,0x19
14,7,5,2,1,1,3,127,0,0x19
14,7,5,3,1,0,2,258,11,0x19
14,7,5,4,1,0,1,333,11,0x19
14,7,5,5,1,0,0,358,12,0x19
14,7,5,6,1,0,1,333,11,0x19
14,7,5,7,1,0,2,258,11,0x19
14,7,5,8,1,1,3,127,0,0x19
14,7,5,9,1,0,4,46,45,0x19
14,7,6,1,1,0,4,41,40,0x19
14,7,6,2,1,1,3,116,0,0x19
14,7,6,3,1,0,2,236,11,0x19
14,7,6,4,1,0,1,312,10,0x19
14,7,6,5,1,0,1,333,11,0x19
14,7,6,6,1,0,1,312,10,0x19
14,7,6,7,1,0,2,236,11,0x19
14,7,6,8,1,1,3,116,0,0x19
14,7,6,9,1,0,4,41,40,0x19
14,7,7,1,1,0,4,29,29,0x19
14,7,7,2,1,1,3,84,0,0x19
14,7,7,3,1,0,2,181,12,0x19
14,7,7,4,1,0,2,236,11,0x19
14,7,7,5,1,0,2,258,11,0x19
14,7,7,6,1,0,2,236,11,0x19
14,7,7,7,1,0,2,181,12,0x19
14,7,7,8,1,1,3,84,0,0x19
14,7,7,9,1,0,4,29,29,0x19
14,7,8,2,1,0,4,36,35,0x19
14,7,8,3,1,1,3,84,0,0x19
14,7,8,4,1,1,3,116,0,0x19
14,7,8,5,1,1,3,127,0,0x19
14,7,8,6,1,1,3,116,0,0x19
14,7,8,7,1,1,3,84,0,0x19
14,7,8,8,1,0,4,36,35,0x19
14,7,9,3,1,0,4,29,29,0x19
14,7,9,4,1,0,4,41,40,0x19
14,7,9,5,1,0,4,46,45,0x19
14,7,9,6,1,0,4,41,40,0x19
14,7,9,7,1,0,4,29,29,0x19
14,8,1,3,1,0,4,28,28,0x19
14,8,1,4,1,0,4,40,39,0x19
14,8,1,5,1,0,4,44,43,0x19
14,8,1,6,1,0,4,40,39,0x19
14,8,1,7,1,0,4,28,28,0x19
14,8,2,2,1,0,4,35,34,0x19
14,8,2,3,1,1,3,82,0,0x19
14,8,2,4,1,1,3,113,0,0x19
14,8,2,5,1,1,3,124,0,0x19
14,8,2,6,1,1,3,113,0,0x19
14,8,2,7,1,1,3,82,0,0x19
14,8,2,8,1,0,4,35,34,0x19
14,8,3,1,1,0,4,28,28,0x19
14,8,3,2,1,1,3,82,0,0x19
14,8,3,3,1,0,2,176,9,0x19
14,8,3,4,1,0,2,233,11,0x19
14,8,3,5,1,0,2,253,12,0x19
14,8,3,6,1,0,2,233,11,0x19
14,8,3,7,1,0,2,176,9,0x19
14,8,3,8,1,1,3,82,0,0x19
14,8,3,9,1,0,4,28,28,0x19
14,8,4,1,1,0,4,40,39,0x19
14,8,4,2,1,1,3,113,0,0x19
14,8,4,3,1,0,2,233,11,0x19
14,8,4,4,1,0,1,303,10,0x19
14,8,4,5,1,0,1,328,12,0x19
14,8,4,6,1,0,1,303,10,0x19
14,8,4,7,1,0,2,233,11,0x19
14,8,4,8,1,1,3,113,0,0x19
14,8,4,9,1,0,4,40,39,0x19
14,8,5,1,1,0,4,44,43,0x19
14,8,5,2,1,1,3,124,0,0x19
14,8,5,3,1,0,2,253,12,0x19
14,8,5,4,1,0,1,328,12,0x19
14,8,5,5,1,0,0,349,9,0x3F
14,8,5,6,1,0,1,328,12,0x19
14,8,5,7,1,0,2,253,12,0x19
14,8,5,8,1,1,3,124,0,0x19
14,8,5,9,1,0,4,44,43,0x19
14,8,6,1,1,0,4,40,39,0x19
14,8,6,2,1,1,3,113,0,0x19
14,8,6,3,1,0,2,233,11,0x19
14,8,6,4,1,0,1,303,10,0x19
14,8,6,5,1,0,1,328,12,0x19
14,8,6,6,1,0,1,303,10,0x19
14,8,6,7,1,0,2,233,11,0x19
14,8,6,8,1,1,3,113,0,0x19
14,8,6,9,1,0,4,40,39,0x19
14,8,7,1,1,0,4,28,28,0x19
14,8,7,2,1,1,3,82,0,0x19
14,8,7,3,1,0,2,176,9,0x19
14,8,7,4,1,0,2,233,11,0x19
14,8,7,5,1,0,2,253,12,0x19
14,8,7,6,1,0,2,233,11,0x19
14,8,7,7,1,0,2,176,9,0x19
14,8,7,8,1,1,3,82,0,0x19
14,8,7,9,1,0,4,28,28,0x19
14,8,8,2,1,0,4,35,34,0x19
14,8,8,3,1,1,3,82,0,0x19
14,8,8,4,1,1,3,113,0,0x19
14,8,8,5,1,1,3,124,0,0x19
14,8,8,6,1,1,3,113,0,0x19
14,8,8,7,1,1,3,82,0,0x19
14,8,8,8,1,0,4,35,34,0x19
14,8,9,3,1,0,4,28,28,0x19
14,8,9,4,1,0,4,40,39,0x19
14,8,9,5,1,0,4,44,43,0x19
14,8,9,6,1,0,4,40,39,0x19
14,8,9,7,1,0,4,28,28,0x19
14,9,1,3,1,0,4,20,20,0x19
14,9,1,4,1,0,4,31,31,0x19
14,9,1,5,1,0,4,35,34,0x19
14,9,1,6,1,0,4,31,31,0x19
14,9,1,7,1,0,4,20,20,0x19
14,9,2,2,1,0,4,29,29,0x19
14,9,2,3,1,1,3,63,0,0x19
14,9,2,4,1,1,3,91,0,0x19
14,9,2,5,1,1,3,101,0,0x19
14,9,2,6,1,1,3,91,0,0x19
14,9,2,7,1,1,3,63,0,0x19
14,9,2,8,1,0,4,29,29,0x19
14,9,3,1,1,0,4,20,20,0x19
14,9,3,2,1,1,3,63,0,0x19
14,9,3,3,1,1,3,129,1,0x19
14,9,3,4,1,0,2,195,11,0x19
14,9,3,5,1,0,2,211,11,0x19
14,9,3,6,1,0,2,195,11,0x19
14,9,3,7,1,1,3,129,1,0x19
14,9,3,8,1,1,3,63,0,0x19
14,9,3,9,1,0,4,20,20,0x19
14,9,4,1,1,0,4,31,31,0x19
14,9,4,2,1,1,3,91,0,0x19
14,9,4,3,1,0,2,195,11,0x19
14,9,4,4,1,0,1,263,12,0x19
14,9,4,5,1,0,1,287,11,0x19
14,9,4,6,1,0,1,263,12,0x19
14,9,4,7,1,0,2,195,11,0x19
14,9,4,8,1,1,3,91,0,0x19
14,9,4,9,1,0,4,31,31,0x19
14,9,5,1,1,0,4,35,34,0x19
14,9,5,2,1,1,3,101,0,0x19
14,9,5,3,1,0,2,211,11,0x19
14,9,5,4,1,0,1,287,11,0x19
14,9,5,5,1,0,1,309,13,0x19
14,9,5,6,1,0,1,287,11,0x19
14,9,5,7,1,0,2,211,11,0x19
14,9,5,8,1,1,3,101,0,0x19
14,9,5,9,1,0,4,35,34,0x19
14,9,6,1,1,0,4,31,31,0x19
14,9,6,2,1,1,3,91,0,0x19
14,9,6,3,1,0,2,195,11,0x19
14,9,6,4,1,0,1,263,12,0x19
14,9,6,5,1,0,1,287,11,0x19
14,9,6,6,1,0,1,263,12,0x19
14,9,6,7,1,0,2,195,11,0x19
14,9,6,8,1,1,3,91,0,0x19
14,9,6,9,1,0,4,31,31,0x19
14,9,7,1,1,0,4,20,20,0x19
14,9,7,2,1,1,3,63,0,0x19
14,9,7,3,1,1,3,129,1,0x19
14,9,7,4,1,0,2,195,11,0x19
14,9,7,5,1,0,2,211,11,0x19
14,9,7,6,1,0,2,195,11,0x19
14,9,7,7,1,1,3,129,1,0x19
14,9,7,8,1,1,3,63,0,0x19
14,9,7,9,1,0,4,20,20,0x19
14,9,8,2,1,0,4,29,29,0x19
14,9,8,3,1,1,3,63,0,0x19
14,9,8,4,1,1,3,91,0,0x19
14,9,8,5,1,1,3,101,0,0x19
14,9,8,6,1,1,3,91,0,0x19
14,9,8,7,1,1,3,63,0,0x19
14,9,8,8,1,0,4,29,29,0x19
14,9,9,3,1,0,4,20,20,0x19
14,9,9,4,1,0,4,31,31,0x19
14,9,9,5,1,0,4,35,34,0x19
14,9,9,6,1,0,4,31,31,0x19
14,9,9,7,1,0,4,20,20,0x19
14,10,1,4,1,0,4,17,17,0x19
14,10,1,5,1,0,4,21,21,0x19
14,10,1,6,1,0,4,17,17,0x19
14,10,2,2,1,0,4,15,15,0x19
14,10,2,3,1,0,4,31,31,0x19
14,10,2,4,1,0,4,52,51,0x19
14,10,2,5,1,1,3,62,0,0x19
14,10,2,6,1,0,4,52,51,0x19
14,10,2,7,1,0,4,31,31,0x19
14,10,2,8,1,0,4,15,15,0x19
14,10,3,2,1,0,4,31,31,0x19
14,10,3,3,1,1,3,71,0,0x19
14,10,3,4,1,1,3,110,0,0x19
14,10,3,5,1,1,3,123,0,0x19
14,10,3,6,1,1,3,110,0,0x19
14,10,3,7,1,1,3,71,0,0x19
14,10,3,8,1,0,4,31,31,0x19
14,10,4,1,1,0,4,17,17,0x19
14,10,4,2,1,0,4,52,51,0x19
14,10,4,3,1,1,3,110,0,0x19
14,10,4,4,1,0,2,178,10,0x19
14,10,4,5,1,0,2,201,11,0x19
14,10,4,6,1,0,2,178,10,0x19
14,10,4,7,1,1,3,110,0,0x19
14,10,4,8,1,0,4,52,51,0x19
14,10,4,9,1,0,4,17,17,0x19
14,10,5,1,1,0,4,21,21,0x19
14,10,5,2,1,1,3,62,0,0x19
14,10,5,3,1,1,3,123,0,0x19
14,10,5,4,1,0,2,201,11,0x19
14,10,5,5,1,0,2,221,12,0x19
14,10,5,6,1,0,2,201,11,0x19
14,10,5,7,1,1,3,123,0,0x19
14,10,5,8,1,1,3,62,0,0x19
14,10,5,9,1,0,4,21,21,0x19
14,10,6,1,1,0,4,17,17,0x19
14,10,6,2,1,0,4,52,51,0x19
14,10,6,3,1,1,3,110,0,0x19
14,10,6,4,1,0,2,178,10,0x19
14,10,6,5,1,0,2,201,11,0x19
14,10,6,6,1,0,2,178,10,0x19
14,10,6,7,1,1,3,110,0,0x19
14,10,6,8,1,0,4,52,51,0x19
14,10,6,9,1,0,4,17,17,0x19
14,10,7,2,1,0,4,31,31,0x19
14,10,7,3,1,1,3,71,0,0x19
14,10,7,4,1,1,3,110,0,0x19
14,10,7,5,1,1,3,123,0,0x19
14,10,7,6,1,1,3,110,0,0x19
14,10,7,7,1,1,3,71,0,0x19
14,10,7,8,1,0,4,31,31,0x19
14,10,8,2,1,0,4,15,15,0x19
14,10,8,3,1,0,4,31,31,0x19
14,10,8,4,1,0,4,52,51,0x19
14,10,8,5,1,1,3,62,0,0x19
14,10,8,6,1,0,4,52,51,0x19
14,10,8,7,1,0,4,31,31,0x19
14,10,8,8,1,0,4,15,15,0x19
14,10,9,4,1,0,4,17,17,0x19
14,10,9,5,1,0,4,21,21,0x19
14,10,9,6,1,0,4,17,17,0x19
15,0,1,4,0,1,4,17,17,0x00
15,0,1,5,0,1,4,21,21,0x00
15,0,1,6,0,1,4,17,17,0x00
15,0,2,2,0,1,4,15,15,0x00
15,0,2,3,0,1,4,31,31,0x00
15,0,2,4,0,1,4,52,51,0x00
15,0,2,5,0,0,3,62,0,0x00
15,0,2,6,0,1,4,52,51,0x00
15,0,2,7,0,1,4,31,31,0x00
15,0,2,8,0,1,4,15,15,0x00
15,0,3,2,0,1,4,31,31,0x00
15,0,3,3,0,0,3,71,0,0x00
15,0,3,4,0,0,3,115,1,0x00
15,0,3,5,0,0,3,128,0,0x00
15,0,3,6,0,0,3,115,1,0x00
15,0,3,7,0,0,3,71,0,0x00
15,0,3,8,0,1,4,31,31,0x00
15,0,4,1,0,1,4,17,17,0x00
15,0,4,2,0,1,4,52,51,0x00
15,0,4,3,0,0,3,115,1,0x00
15,0,4,4,0,0,2,183,10,0x00
15,0,4,5,0,0,2,203,11,0x00
15,0,4,6,0,0,2,183,10,0x00
15,0,4,7,0,0,3,115,1,0x00
15,0,4,8,0,1,4,52,51,0x00
15,0,4,9,0,1,4,17,17,0x00
15,0,5,1,0,1,4,21,21,0x00
15,0,5,2,0,0,3,62,0,0x00
15,0,5,3,0,0,3,128,0,0x00
15,0,5,4,0,0,2,203,11,0x00
15,0,5,5,0,0,2,227,11,0x00
15,0,5,6,0,0,2,203,11,0x00
15,0,5,7,0,0,3,128,0,0x00
15,0,5,8,0,0,3,62,0,0x00
15,0,5,9,0,1,4,21,21,0x00
15,0,6,1,0,1,4,17,17,0x00
15,0,6,2,0,1,4,52,51,0x00
15,0,6,3,0,0,3,115,1,0x00
15,0,6,4,0,0,2,183,10,0x00
15,0,6,5,0,0,2,203,11,0x00
15,0,6,6,0,0,2,183,10,0x00
15,0,6,7,0,0,3,115,1,0x00
15,0,6,8,0,1,4,52,51,0x00
15,0,6,9,0,1,4,17,17,0x00
15,0,7,2,0,1,4,31,31,0x00
15,0,7,3,0,0,3,71,0,0x00
15,0,7,4,0,0,3,115,1,0x00
15,0,7,5,0,0,3,128,0,0x00
15,0,7,6,0,0,3,115,1,0x00
15,0,7,7,0,0,3,71,0,0x00
15,0,7,8,0,1,4,31,31,0x00
15,0,8,2,0,1,4,15,15,0x00
15,0,8,3,0,1,4,31,31,0x00
15,0,8,4,0,1,4,52,51,0x00
15,0,8,5,0,0,3,62,0,0x00
15,0,8,6,0,1,4,52,51,0x00
15,0,8,7,0,1,4,31,31,0x00
15,0,8,8,0,1,4,15,15,0x00
15,0,9,4,0,1,4,17,17,0x00
15,0,9,5,0,1,4,21,21,0x00
15,0,9,6,0,1,4,17,17,0x00
15,1,1,3,0,1,4,20,20,0x00
15,1,1,4,0,1,4,31,31,0x00
15,1,1,5,0,1,4,35,34,0x00
15,1,1,6,0,1,4,31,31,0x00
15,1,1,7,0,1,4,20,20,0x00
15,1,2,2,0,1,4,29,29,0x00
15,1,2,3,0,0,3,63,0,0x00
15,1,2,4,0,0,3,91,0,0x00
15,1,2,5,0,0,3,101,0,0x00
15,1,2,6,0,0,3,91,0,0x00
15,1,2,7,0,0,3,63,0,0x00
15,1,2,8,0,1,4,29,29,0x00
15,1,3,1,0,1,4,20,20,0x00
15,1,3,2,0,0,3,63,0,0x00
15,1,3,3,0,0,3,132,1,0x00
15,1,3,4,0,0,2,197,11,0x00
15,1,3,5,0,0,2,214,11,0x00
15,1,3,6,0,0,2,197,11,0x00
15,1,3,7,0,0,3,132,1,0x00
15,1,3,8,0,0,3,63,0,0x00
15,1,3,9,0,1,4,20,20,0x00
15,1,4,1,0,1,4,31,31,0x00
15,1,4,2,0,0,3,91,0,0x00
15,1,4,3,0,0,2,197,11,0x00
15,1,4,4,0,0,1,271,12,0x00
15,1,4,5,0,0,1,290,12,0x00
15,1,4,6,0,0,1,271,12,0x00
15,1,4,7,0,0,2,197,11,0x00
15,1,4,8,0,0,3,91,0,0x00
15,1,4,9,0,1,4,31,31,0x00
15,1,5,1,0,1,4,35,34,0x00
15,1,5,2,0,0,3,101,0,0x00
15,1,5,3,0,0,2,214,11,0x00
15,1,5,4,0,0,1,290,12,0x00
15,1,5,5,0,0,1,318,13,0x00
15,1,5,6,0,0,1,290,12,0x00
15,1,5,7,0,0,2,214,11,0x00
15,1,5,8,0,0,3,101,0,0x00
15,1,5,9,0,1,4,35,34,0x00
15,1,6,1,0,1,4,31,31,0x00
15,1,6,2,0,0,3,91,0,0x00
15,1,6,3,0,0,2,197,11,0x00
15,1,6,4,0,0,1,271,12,0x00
15,1,6,5,0,0,1,290,12,0x00
15,1,6,6,0,0,1,271,12,0x00
15,1,6,7,0,0,2,197,11,0x00
15,1,6,8,0,0,3,91,0,0x00
15,1,6,9,0,1,4,31,31,0x00
15,1,7,1,0,1,4,20,20,0x00
15,1,7,2,0,0,3,63,0,0x00
15,1,7,3,0,0,3,132,1,0x00
15,1,7,4,0,0,2,197,11,0x00
15,1,7,5,0,0,2,214,11,0x00
15,1,7,6,0,0,2,197,11,0x00
15,1,7,7,0,0,3,132,1,0x00
15,1,7,8,0,0,3,63,0,0x00
15,1,7,9,0,1,4,20,20,0x00
15,1,8,2,0,1,4,29,29,0x00
15,1,8,3,0,0,3,63,0,0x00
15,1,8,4,0,0,3,91,0,0x00
15,1,8,5,0,0,3,101,0,0x00
15,1,8,6,0,0,3,91,0,0x00
15,1,8,7,0,0,3,63,0,0x00
15,1,8,8,0,1,4,29,29,0x00
15,1,9,3,0,1,4,20,20,0x00
15,1,9,4,0,1,4,31,31,0x00
15,1,9,5,0,1,4,35,34,0x00
15,1,9,6,0,1,4,31,31,0x00
15,1,9,7,0,1,4,20,20,0x00
15,2,1,3,0,1,4,28,28,0x00
15,2,1,4,0,1,4,40,39,0x00
15,2,1,5,0,1,4,44,43,0x00
15,2,1,6,0,1,4,40,39,0x00
15,2,1,7,0,1,4,28,28,0x00
15,2,2,2,0,1,4,35,34,0x00
15,2,2,3,0,0,3,82,0,0x00
15,2,2,4,0,0,3,113,0,0x00
15,2,2,5,0,0,3,124,0,0x00
15,2,2,6,0,0,3,113,0,0x00
15,2,2,7,0,0,3,82,0,0x00
15,2,2,8,0,1,4,35,34,0x00
15,2,3,1,0,1,4,28,28,0x00
15,2,3,2,0,0,3,82,0,0x00
15,2,3,3,0,0,2,182,12,0x00
15,2,3,4,0,0,2,237,11,0x00
15,2,3,5,0,0,2,260,11,0x00
15,2,3,6,0,0,2,237,11,0x00
15,2,3,7,0,0,2,182,12,0x00
15,2,3,8,0,0,3,82,0,0x00
15,2,3,9,0,1,4,28,28,0x00
15,2,4,1,0,1,4,40,39,0x00
15,2,4,2,0,0,3,113,0,0x00
15,2,4,3,0,0,2,237,11,0x00
15,2,4,4,0,0,1,311,11,0x00
15,2,4,5,0,0,1,334,11,0x00
15,2,4,6,0,0,1,311,11,0x00
15,2,4,7,0,0,2,237,11,0x00
15,2,4,8,0,0,3,113,0,0x00
15,2,4,9,0,1,4,40,39,0x00
15,2,5,1,0,1,4,44,43,0x00
15,2,5,2,0,0,3,124,0,0x00
15,2,5,3,0,0,2,260,11,0x00
15,2,5,4,0,0,1,334,11,0x00
15,2,5,5,0,0,0,360,12,0x00
15,2,5,6,0,0,1,334,11,0x00
15,2,5,7,0,0,2,260,11,0x00
15,2,5,8,0,0,3,124,0,0x00
15,2,5,9,0,1,4,44,43,0x00
15,2,6,1,0,1,4,40,39,0x00
15,2,6,2,0,0,3,113,0,0x00
15,2,6,3,0,0,2,237,11,0x00
15,2,6,4,0,0,1,311,11,0x00
15,2,6,5,0,0,1,334,11,0x00
15,2,6,6,0,0,1,311,11,0x00
15,2,6,7,0,0,2,237,11,0x00
15,2,6,8,0,0,3,113,0,0x00
15,2,6,9,0,1,4,40,39,0x00
15,2,7,1,0,1,4,28,28,0x00
15,2,7,2,0,0,3,82,0,0x00
15,2,7,3,0,0,2,182,12,0x00
15,2,7,4,0,0,2,237,11,0x00
15,2,7,5,0,0,2,260,11,0x00
15,2,7,6,0,0,2,237,11,0x00
15,2,7,7,0,0,2,182,12,0x00
15,2,7,8,0,0,3,82,0,0x00
15,2,7,9,0,1,4,28,28,0x00
15,2,8,2,0,1,4,35,34,0x00
15,2,8,3,0,0,3,82,0,0x00
15,2,8,4,0,0,3,113,0,0x00
15,2,8,5,0,0,3,124,0,0x00
15,2,8,6,0,0,3,113,0,0x00
15,2,8,7,0,0,3,82,0,0x00
15,2,8,8,0,1,4,35,34,0x00
15,2,9,3,0,1,4,28,28,0x00
15,2,9,4,0,1,4,40,39,0x00
15,2,9,5,0,1,4,44,43,0x00
15,2,9,6,0,1,4,40,39,0x00
15,2,9,7,0,1,4,28,28,0x00
15,3,1,3,0,1,4,29,29,0x00
15,3,1,4,0,1,4,41,40,0x00
15,3,1,5,0,1,4,46,45,0x00
15,3,1,6,0,1,4,41,40,0x00
15,3,1,7,0,1,4,29,29,0x00
15,3,2,2,0,1,4,36,35,0x00
15,3,2,3,0,0,3,84,0,0x00
15,3,2,4,0,0,3,116,0,0x00
15,3,2,5,0,0,3,127,0,0x00
15,3,2,6,0,0,3,116,0,0x00
15,3,2,7,0,0,3,84,0,0x00
15,3,2,8,0,1,4,36,35,0x00
15,3,3,1,0,1,4,29,29,0x00
15,3,3,2,0,0,3,84,0,0x00
15,3,3,3,0,0,2,184,11,0x00
15,3,3,4,0,0,2,243,11,0x00
15,3,3,5,0,0,2,265,11,0x00
15,3,3,6,0,0,2,243,11,0x00
15,3,3,7,0,0,2,184,11,0x00
15,3,3,8,0,0,3,84,0,0x00
15,3,3,9,0,1,4,29,29,0x00
15,3,4,1,0,1,4,41,40,0x00
15,3,4,2,0,0,3,116,0,0x00
15,3,4,3,0,0,2,243,11,0x00
15,3,4,4,0,0,1,315,11,0x00
15,3,4,5,0,0,1,340,12,0x00
15,3,4,6,0,0,1,315,11,0x00
15,3,4,7,0,0,2,243,11,0x00
15,3,4,8,0,0,3,116,0,0x00
15,3,4,9,0,1,4,41,40,0x00
15,3,5,1,0,1,4,46,45,0x00
15,3,5,2,0,0,3,127,0,0x00
15,3,5,3,0,0,2,265,11,0x00
15,3,5,4,0,0,1,340,12,0x00
15,3,5,5,0,0,0,356,11,0x00
15,3,5,6,0,0,1,340,12,0x00
15,3,5,7,0,0,2,265,11,0x00
15,3,5,8,0,0,3,127,0,0x00
15,3,5,9,0,1,4,46,45,0x00
15,3,6,1,0,1,4,41,40,0x00
15,3,6,2,0,0,3,116,0,0x00
15,3,6,3,0,0,2,243,11,0x00
15,3,6,4,0,0,1,315,11,0x00
15,3,6,5,0,0,1,340,12,0x00
15,3,6,6,0,0,1,315,11,0x00
15,3,6,7,0,0,2,243,11,0x00
15,3,6,8,0,0,3,116,0,0x00
15,3,6,9,0,1,4,41,40,0x00
15,3,7,1,0,1,4,29,29,0x00
15,3,7,2,0,0,3,84,0,0x00
15,3,7,3,0,0,2,184,11,0x00
15,3,7,4,0,0,2,243,11,0x00
15,3,7,5,0,0,2,265,11,0x00
15,3,7,6,0,0,2,243,11,0x00
15,3,7,7,0,0,2,184,11,0x00
15,3,7,8,0,0,3,84,0,0x00
15,3,7,9,0,1,4,29,29,0x00
15,3,8,2,0,1,4,36,35,0x00
15,3,8,3,0,0,3,84,0,0x00
15,3,8,4,0,0,3,116,0,0x00
15,3,8,5,0,0,3,127,0,0x00
15,3,8,6,0,0,3,116,0,0x00
15,3,8,7,0,0,3,84,0,0x00
15,3,8,8,0,1,4,36,35,0x00
15,3,9,3,0,1,4,29,29,0x00
15,3,9,4,0,1,4,41,40,0x00
15,3,9,5,0,1,4,46,45,0x00
15,3,9,6,0,1,4,41,40,0x00
15,3,9,7,0,1,4,29,29,0x00
15,4,1,3,0,1,4,24,24,0x00
15,4,1,4,0,1,4,35,34,0x00
15,4,1,5,0,1,4,39,38,0x00
15,4,1,6,0,1,4,35,34,0x00
15,4,1,7,0,1,4,24,24,0x00
15,4,2,2,0,1,4,31,31,0x00
15,4,2,3,0,0,3,69,0,0x00
15,4,2,4,0,0,3,99,0,0x00
15,4,2,5,0,0,3,110,0,0x00
15,4,2,6,0,0,3,99,0,0x00
15,4,2,7,0,0,3,69,0,0x00
15,4,2,8,0,1,4,31,31,0x00
15,4,3,1,0,1,4,24,24,0x00
15,4,3,2,0,0,3,69,0,0x00
15,4,3,3,0,0,3,140,0,0x00
15,4,3,4,0,0,2,207,11,0x00
15,4,3,5,0,0,2,235,11,0x00
15,4,3,6,0,0,2,207,11,0x00
15,4,3,7,0,0,3,140,0,0x00
15,4,3,8,0,0,3,69,0,0x00
15,4,3,9,0,1,4,24,24,0x00
15,4,4,1,0,1,4,35,34,0x00
15,4,4,2,0,0,3,99,0,0x00
15,4,4,3,0,0,2,207,11,0x00
15,4,4,4,0,0,1,275,10,0x00
15,4,4,5,0,0,1,299,12,0x00
15,4,4,6,0,0,1,275,10,0x00
15,4,4,7,0,0,2,207,11,0x00
15,4,4,8,0,0,3,99,0,0x00
15,4,4,9,0,1,4,35,34,0x00
15,4,5,1,0,1,4,39,38,0x00
15,4,5,2,0,0,3,110,0,0x00
15,4,5,3,0,0,2,235,11,0x00
15,4,5,4,0,0,1,299,12,0x00
15,4,5,5,0,0,1,324,12,0x00
15,4,5,6,0,0,1,299,12,0x00
15,4,5,7,0,0,2,235,11,0x00
15,4,5,8,0,0,3,110,0,0x00
15,4,5,9,0,1,4,39,38,0x00
15,4,6,1,0,1,4,35,34,0x00
15,4,6,2,0,0,3,99,0,0x00
15,4,6,3,0,0,2,207,11,0x00
15,4,6,4,0,0,1,275,10,0x00
15,4,6,5,0,0,1,299,12,0x00
15,4,6,6,0,0,1,275,10,0x00
15,4,6,7,0,0,2,207,11,0x00
15,4,6,8,0,0,3,99,0,0x00
15,4,6,9,0,1,4,35,34,0x00
15,4,7,1,0,1,4,24,24,0x00
15,4,7,2,0,0,3,69,0,0x00
15,4,7,3,0,0,3,140,0,0x00
15,4,7,4,0,0,2,207,11,0x00
15,4,7,5,0,0,2,235,11,0x00
15,4,7,6,0,0,2,207,11,0x00
15,4,7,7,0,0,3,140,0,0x00
15,4,7,8,0,0,3,69,0,0x00
15,4,7,9,0,1,4,24,24,0x00
15,4,8,2,0,1,4,31,31,0x00
15,4,8,3,0,0,3,69,0,0x00
15,4,8,4,0,0,3,99,0,0x00
15,4,8,5,0,0,3,110,0,0x00
15,4,8,6,0,0,3,99,0,0x00
15,4,8,7,0,0,3,69,0,0x00
15,4,8,8,0,1,4,31,31,0x00
15,4,9,3,0,1,4,24,24,0x00
15,4,9,4,0,1,4,35,34,0x00
15,4,9,5,0,1,4,39,38,0x00
15,4,9,6,0,1,4,35,34,0x00
15,4,9,7,0,1,4,24,24,0x00
15,5,1,3,0,1,4,15,15,0x00
15,5,1,4,0,1,4,23,23,0x00
15,5,1,5,0,1,4,26,26,0x00
15,5,1,6,0,1,4,23,23,0x00
15,5,1,7,0,1,4,15,15,0x00
15,5,2,2,0,1,4,19,19,0x00
15,5,2,3,0,1,4,43,42,0x00
15,5,2,4,0,0,3,66,0,0x00
15,5,2,5,0,0,3,76,0,0x00
15,5,2,6,0,0,3,66,0,0x00
15,5,2,7,0,1,4,43,42,0x00
15,5,2,8,0,1,4,19,19,0x00
15,5,3,1,0,1,4,15,15,0x00
15,5,3,2,0,1,4,43,42,0x00
15,5,3,3,0,0,3,86,0,0x00
15,5,3,4,0,0,3,132,1,0x00
15,5,3,5,0,0,2,165,12,0x00
15,5,3,6,0,0,3,132,1,0x00
15,5,3,7,0,0,3,86,0,0x00
15,5,3,8,0,1,4,43,42,0x00
15,5,3,9,0,1,4,15,15,0x00
15,5,4,1,0,1,4,23,23,0x00
15,5,4,2,0,0,3,66,0,0x00
15,5,4,3,0,0,3,132,1,0x00
15,5,4,4,0,0,2,201,12,0x00
15,5,4,5,0,0,2,222,13,0x00
15,5,4,6,0,0,2,201,12,0x00
15,5,4,7,0,0,3,132,1,0x00
15,5,4,8,0,0,3,66,0,0x00
15,5,4,9,0,1,4,23,23,0x00
15,5,5,1,0,1,4,26,26,0x00
15,5,5,2,0,0,3,76,0,0x00
15,5,5,3,0,0,2,165,12,0x00
15,5,5,4,0,0,2,222,13,0x00
15,5,5,5,0,0,2,241,9,0x00
15,5,5,6,0,0,2,222,13,0x00
15,5,5,7,0,0,2,165,12,0x00
15,5,5,8,0,0,3,76,0,0x00
15,5,5,9,0,1,4,26,26,0x00
15,5,6,1,0,1,4,23,23,0x00
15,5,6,2,0,0,3,66,0,0x00
15,5,6,3,0,0,3,132,1,0x00
15,5,6,4,0,0,2,201,12,0x00
15,5,6,5,0,0,2,222,13,0x00
15,5,6,6,0,0,2,201,12,0x00
15,5,6,7,0,0,3,132,1,0x00
15,5,6,8,0,0,3,66,0,0x00
15,5,6,9,0,1,4,23,23,0x00
15,5,7,1,0,1,4,15,15,0x00
15,5,7,2,0,1,4,43,42,0x00
15,5,7,3,0,0,3,86,0,0x00
15,5,7,4,0,0,3,132,1,0x00
15,5,7,5,0,0,2,165,12,0x00
15,5,7,6,0,0,3,132,1,0x00
15,5,7,7,0,0,3,86,0,0x00
15,5,7,8,0,1,4,43,42,0x00
15,5,7,9,0,1,4,15,15,0x00
15,5,8,2,0,1,4,19,19,0x00
15,5,8,3,0,1,4,43,42,0x00
15,5,8,4,0,0,3,66,0,0x00
15,5,8,5,0,0,3,76,0,0x00
15,5,8,6,0,0,3,66,0,0x00
15,5,8,7,0,1,4,43,42,0x00
15,5,8,8,0,1,4,19,19,0x00
15,5,9,3,0,1,4,15,15,0x00
15,5,9,4,0,1,4,23,23,0x00
15,5,9,5,0,1,4,26,26,0x00
15,5,9,6,0,1,4,23,23,0x00
15,5,9,7,0,1,4,15,15,0x00
15,6,2,3,0,1,4,19,19,0x00
15,6,2,4,0,1,4,30,30,0x00
15,6,2,5,0,1,4,32,31,0x00
15,6,2,6,0,1,4,30,30,0x00
15,6,2,7,0,1,4,19,19,0x00
15,6,3,2,0,1,4,19,19,0x00
15,6,3,3,0,1,4,42,41,0x00
15,6,3,4,0,0,3,65,0,0x00
15,6,3,5,0,0,3,74,0,0x00
15,6,3,6,0,0,3,65,0,0x00
15,6,3,7,0,1,4,42,41,0x00
15,6,3,8,0,1,4,19,19,0x00
15,6,4,2,0,1,4,30,30,0x00
15,6,4,3,0,0,3,65,0,0x00
15,6,4,4,0,0,3,94,0,0x00
15,6,4,5,0,0,3,105,0,0x00
15,6,4,6,0,0,3,94,0,0x00
15,6,4,7,0,0,3,65,0,0x00
15,6,4,8,0,1,4,30,30,0x00
15,6,5,2,0,1,4,32,31,0x00
15,6,5,3,0,0,3,74,0,0x00
15,6,5,4,0,0,3,105,0,0x00
15,6,5,5,0,0,3,116,0,0x00
15,6,5,6,0,0,3,105,0,0x00
15,6,5,7,0,0,3,74,0,0x00
15,6,5,8,0,1,4,32,31,0x00
15,6,6,2,0,1,4,30,30,0x00
15,6,6,3,0,0,3,65,0,0x00
15,6,6,4,0,0,3,94,0,0x00
15,6,6,5,0,0,3,105,0,0x00
15,6,6,6,0,0,3,94,0,0x00
15,6,6,7,0,0,3,65,0,0x00
15,6,6,8,0,1,4,30,30,0x00
15,6,7,2,0,1,4,19,19,0x00
15,6,7,3,0,1,4,42,41,0x00
15,6,7,4,0,0,3,65,0,0x00
15,6,7,5,0,0,3,74,0,0x00
15,6,7,6,0,0,3,65,0,0x00
15,6,7,7,0,1,4,42,41,0x00
15,6,7,8,0,1,4,19,19,0x00
15,6,8,3,0,1,4,19,19,0x00
15,6,8,4,0,1,4,30,30,0x00
15,6,8,5,0,1,4,32,31,0x00
15,6,8,6,0,1,4,30,30,0x00
15,6,8,7,0,1,4,19,19,0x00
15,7,3,3,0,1,4,14,14,0x00
15,7,3,4,0,1,4,23,23,0x00
15,7,3,5,0,1,4,26,26,0x00
15,7,3,6,0,1,4,23,23,0x00
15,7,3,7,0,1,4,14,14,0x00
15,7,4,3,0,1,4,23,23,0x00
15,7,4,4,0,1,4,33,32,0x00
15,7,4,5,0,1,4,37,36,0x00
15,7,4,6,0,1,4,33,32,0x00
15,7,4,7,0,1,4,23,23,0x00
15,7,5,3,0,1,4,26,26,0x00
15,7,5,4,0,1,4,37,36,0x00
15,7,5,5,0,1,4,41,40,0x00
15,7,5,6,0,1,4,37,36,0x00
15,7,5,7,0,1,4,26,26,0x00
15,7,6,3,0,1,4,23,23,0x00
15,7,6,4,0,1,4,33,32,0x00
15,7,6,5,0,1,4,37,36,0x00
15,7,6,6,0,1,4,33,32,0x00
15,7,6,7,0,1,4,23,23,0x00
15,7,7,3,0,1,4,14,14,0x00
15,7,7,4,0,1,4,23,23,0x00
15,7,7,5,0,1,4,26,26,0x00
15,7,7,6,0,1,4,23,23,0x00
15,7,7,7,0,1,4,14,14,0x00
15,9,4,4,0,1,4,21,21,0x00
15,9,4,5,0,1,4,26,26,0x00
15,9,4,6,0,1,4,21,21,0x00
15,9,5,4,0,1,4,26,26,0x00
15,9,5,5,0,1,4,31,31,0x00
15,9,5,6,0,1,4,26,26,0x00
15,9,6,4,0,1,4,21,21,0x00
15,9,6,5,0,1,4,26,26,0x00
15,9,6,6,0,1,4,21,21,0x00
15,10,2,4,0,1,4,20,20,0x00
15,10,2,5,0,1,4,25,25,0x00
15,10,2,6,0,1,4,20,20,0x00
15,10,3,3,0,1,4,26,26,0x00
15,10,3,4,0,1,4,44,43,0x00
15,10,3,5,0,1,4,50,49,0x00
15,10,3,6,0,1,4,44,43,0x00
15,10,3,7,0,1,4,26,26,0x00
15,10,4,2,0,1,4,20,20,0x00
15,10,4,3,0,1,4,44,43,0x00
15,10,4,4,0,0,3,75,0,0x00
15,10,4,5,0,0,3,86,0,0x00
15,10,4,6,0,0,3,75,0,0x00
15,10,4,7,0,1,4,44,43,0x00
15,10,4,8,0,1,4,20,20,0x00
15,10,5,2,0,1,4,25,25,0x00
15,10,5,3,0,1,4,50,49,0x00
15,10,5,4,0,0,3,86,0,0x00
15,10,5,5,0,0,3,98,0,0x00
15,10,5,6,0,0,3,86,0,0x00
15,10,5,7,0,1,4,50,49,0x00
15,10,5,8,0,1,4,25,25,0x00
15,10,6,2,0,1,4,20,20,0x00
15,10,6,3,0,1,4,44,43,0x00
15,10,6,4,0,0,3,75,0,0x00
15,10,6,5,0,0,3,86,0,0x00
15,10,6,6,0,0,3,75,0,0x00
15,10,6,7,0,1,4,44,43,0x00
15,10,6,8,0,1,4,20,20,0x00
15,10,7,3,0,1,4,26,26,0x00
15,10,7,4,0,1,4,44,43,0x00
15,10,7,5,0,1,4,50,49,0x00
15,10,7,6,0,1,4,44,43,0x00
15,10,7,7,0,1,4,26,26,0x00
15,10,8,4,0,1,4,20,20,0x00
15,10,8,5,0,1,4,25,25,0x00
15,10,8,6,0,1,4,20,20,0x00
15,0,2,4,1,1,4,20,20,0x19
15,0,2,5,1,1,4,25,25,0x19
15,0,2,6,1,1,4,20,20,0x19
15,0,3,3,1,1,4,26,26,0x19
15,0,3,4,1,1,4,44,43,0x19
15,0,3,5,1,1,4,50,49,0x19
15,0,3,6,1,1,4,44,43,0x19
15,0,3,7,1,1,4,26,26,0x19
15,0,4,2,1,1,4,20,20,0x19
15,0,4,3,1,1,4,44,43,0x19
15,0,4,4,1,0,3,75,0,0x19
15,0,4,5,1,0,3,86,0,0x19
15,0,4,6,1,0,3,75,0,0x19
15,0,4,7,1,1,4,44,43,0x19
15,0,4,8,1,1,4,20,20,0x19
15,0,5,2,1,1,4,25,25,0x19
15,0,5,3,1,1,4,50,49,0x19
15,0,5,4,1,0,3,86,0,0x19
15,0,5,5,1,0,3,98,0,0x19
15,0,5,6,1,0,3,86,0,0x19
15,0,5,7,1,1,4,50,49,0x19
15,0,5,8,1,1,4,25,25,0x19
15,0,6,2,1,1,4,20,20,0x19
15,0,6,3,1,1,4,44,43,0x19
15,0,6,4,1,0,3,75,0,0x19
15,0,6,5,1,0,3,86,0,0x19
15,0,6,6,1,0,3,75,0,0x19
15,0,6,7,1,1,4,44,43,0x19
15,0,6,8,1,1,4,20,20,0x19
15,0,7,3,1,1,4,26,26,0x19
15,0,7,4,1,1,4,44,43,0x19
15,0,7,5,1,1,4,50,49,0x19
15,0,7,6,1,1,4,44,43,0x19
15,0,7,7,1,1,4,26,26,0x19
15,0,8,4,1,1,4,20,20,0x19
15,0,8,5,1,1,4,25,25,0x19
15,0,8,6,1,1,4,20,20,0x19
15,1,4,4,1,1,4,21,21,0x19
15,1,4,5,1,1,4,26,26,0x19
15,1,4,6,1,1,4,21,21,0x19
15,1,5,4,1,1,4,26,26,0x19
15,1,5,5,1,1,4,31,31,0x19
15,1,5,6,1,1,4,26,26,0x19
15,1,6,4,1,1,4,21,21,0x19
15,1,6,5,1,1,4,26,26,0x19
15,1,6,6,1,1,4,21,21,0x19
15,3,3,3,1,1,4,14,14,0x19
15,3,3,4,1,1,4,23,23,0x19
15,3,3,5,1,1,4,26,26,0x19
15,3,3,6,1,1,4,23,23,0x19
15,3,3,7,1,1,4,14,14,0x19
15,3,4,3,1,1,4,23,23,0x19
15,3,4,4,1,1,4,33,32,0x19
15,3,4,5,1,1,4,37,36,0x19
15,3,4,6,1,1,4,33,32,0x19
15,3,4,7,1,1,4,23,23,0x19
15,3,5,3,1,1,4,26,26,0x19
15,3,5,4,1,1,4,37,36,0x19
15,3,5,5,1,1,4,41,40,0x19
15,3,5,6,1,1,4,37,36,0x19
15,3,5,7,1,1,4,26,26,0x19
15,3,6,3,1,1,4,23,23,0x19
15,3,6,4,1,1,4,33,32,0x19
15,3,6,5,1,1,4,37,36,0x19
15,3,6,6,1,1,4,33,32,0x19
15,3,6,7,1,1,4,23,23,0x19
15,3,7,3,1,1,4,14,14,0x19
15,3,7,4,1,1,4,23,23,0x19
15,3,7,5,1,1,4,26,26,0x19
15,3,7,6,1,1,4,23,23,0x19
15,3,7,7,1,1,4,14,14,0x19
15,4,2,3,1,1,4,19,19,0x19
15,4,2,4,1,1,4,30,30,0x19
15,4,2,5,1,1,4,32,31,0x19
15,4,2,6,1,1,4,30,30,0x19
15,4,2,7,1,1,4,19,19,0x19
15,4,3,2,1,1,4,19,19,0x19
15,4,3,3,1,1,4,42,41,0x19
15,4,3,4,1,0,3,65,0,0x19
15,4,3,5,1,0,3,74,0,0x19
15,4,3,6,1,0,3,65,0,0x19
15,4,3,7,1,1,4,42,41,0x19
15,4,3,8,1,1,4,19,19,0x19
15,4,4,2,1,1,4,30,30,0x19
15,4,4,3,1,0,3,65,0,0x19
15,4,4,4,1,0,3,94,0,0x19
15,4,4,5,1,0,3,105,0,0x19
15,4,4,6,1,0,3,94,0,0x19
15,4,4,7,1,0,3,65,0,0x19
15,4,4,8,1,1,4,30,30,0x19
15,4,5,2,1,1,4,32,31,0x19
15,4,5,3,1,0,3,74,0,0x19
15,4,5,4,1,0,3,105,0,0x19
15,4,5,5,1,0,3,116,0,0x19
15,4,5,6,1,0,3,105,0,0x19
15,4,5,7,1,0,3,74,0,0x19
15,4,5,8,1,1,4,32,31,0x19
15,4,6,2,1,1,4,30,30,0x19
15,4,6,3,1,0,3,65,0,0x19
15,4,6,4,1,0,3,94,0,0x19
15,4,6,5,1,0,3,105,0,0x19
15,4,6,6,1,0,3,94,0,0x19
15,4,6,7,1,0,3,65,0,0x19
15,4,6,8,1,1,4,30,30,0x19
15,4,7,2,1,1,4,19,19,0x19
15,4,7,3,1,1,4,42,41,0x19
15,4,7,4,1,0,3,65,0,0x19
15,4,7,5,1,0,3,74,0,0x19
15,4,7,6,1,0,3,65,0,0x19
15,4,7,7,1,1,4,42,41,0x19
15,4,7,8,1,1,4,19,19,0x19
15,4,8,3,1,1,4,19,19,0x19
15,4,8,4,1,1,4,30,30,0x19
15,4,8,5,1,1,4,32,31,0x19
15,4,8,6,1,1,4,30,30,0x19
15,4,8,7,1,1,4,19,19,0x19
15,5,1,3,1,1,4,15,15,0x19
15,5,1,4,1,1,4,23,23,0x19
15,5,1,5,1,1,4,26,26,0x19
15,5,1,6,1,1,4,23,23,0x19
15,5,1,7,1,1,4,15,15,0x19
15,5,2,2,1,1,4,19,19,0x19
15,5,2,3,1,1,4,43,42,0x19
15,5,2,4,1,0,3,66,0,0x19
15,5,2,5,1,0,3,76,0,0x19
15,5,2,6,1,0,3,66,0,0x19
15,5,2,7,1,1,4,43,42,0x19
15,5,2,8,1,1,4,19,19,0x19
15,5,3,1,1,1,4,15,15,0x19
15,5,3,2,1,1,4,43,42,0x19
15,5,3,3,1,0,3,86,0,0x19
15,5,3,4,1,0,3,132,1,0x19
15,5,3,5,1,0,2,165,12,0x19
15,5,3,6,1,0,3,132,1,0x19
15,5,3,7,1,0,3,86,0,0x19
15,5,3,8,1,1,4,43,42,0x19
15,5,3,9,1,1,4,15,15,0x19
15,5,4,1,1,1,4,23,23,0x19
15,5,4,2,1,0,3,66,0,0x19
15,5,4,3,1,0,3,132,1,0x19
15,5,4,4,1,0,2,201,12,0x19
15,5,4,5,1,0,2,222,13,0x19
15,5,4,6,1,0,2,201,12,0x19
15,5,4,7,1,0,3,132,1,0x19
15,5,4,8,1,0,3,66,0,0x19
15,5,4,9,1,1,4,23,23,0x19
15,5,5,1,1,1,4,26,26,0x19
15,5,5,2,1,0,3,76,0,0x19
15,5,5,3,1,0,2,165,12,0x19
15,5,5,4,1,0,2,222,13,0x19
15,5,5,5,1,0,2,241,9,0x19
15,5,5,6,1,0,2,222,13,0x19
15,5,5,7,1,0,2,165,12,0x19
15,5,5,8,1,0,3,76,0,0x19
15,5,5,9,1,1,4,26,26,0x19
15,5,6,1,1,1,4,23,23,0x19
15,5,6,2,1,0,3,66,0,0x19
15,5,6,3,1,0,3,132,1,0x19
15,5,6,4,1,0,2,201,12,0x19
15,5,6,5,1,0,2,222,13,0x19
15,5,6,6,1,0,2,201,12,0x19
15,5,6,7,1,0,3,132,1,0x19
15,5,6,8,1,0,3,66,0,0x19
15,5,6,9,1,1,4,23,23,0x19
15,5,7,1,1,1,4,15,15,0x19
15,5,7,2,1,1,4,43,42,0x19
15,5,7,3,1,0,3,86,0,0x19
15,5,7,4,1,0,3,132,1,0x19
15,5,7,5,1,0,2,165,12,0x19
15,5,7,6,1,0,3,132,1,0x19
15,5,7,7,1,0,3,86,0,0x19
15,5,7,8,1,1,4,43,42,0x19
15,5,7,9,1,1,4,15,15,0x19
15,5,8,2,1,1,4,19,19,0x19
15,5,8,3,1,1,4,43,42,0x19
15,5,8,4,1,0,3,66,0,0x19
15,5,8,5,1,0,3,76,0,0x19
15,5,8,6,1,0,3,66,0,0x19
15,5,8,7,1,1,4,43,42,0x19
15,5,8,8,1,1,4,19,19,0x19
15,5,9,3,1,1,4,15,15,0x19
15,5,9,4,1,1,4,23,23,0x19
15,5,9,5,1,1,4,26,26,0x19
15,5,9,6,1,1,4,23,23,0x19
15,5,9,7,1,1,4,15,15,0x19
15,6,1,3,1,1,4,24,24,0x19
15,6,1,4,1,1,4,35,34,0x19
15,6,1,5,1,1,4,39,38,0x19
15,6,1,6,1,1,4,35,34,0x19
15,6,1,7,1,1,4,24,24,0x19
15,6,2,2,1,1,4,31,31,0x19
15,6,2,3,1,0,3,69,0,0x19
15,6,2,4,1,0,3,99,0,0x19
15,6,2,5,1,0,3,110,0,0x19
15,6,2,6,1,0,3,99,0,0x19
15,6,2,7,1,0,3,69,0,0x19
15,6,2,8,1,1,4,31,31,0x19
15,6,3,1,1,1,4,24,24,0x19
15,6,3,2,1,0,3,69,0,0x19
15,6,3,3,1,0,3,140,0,0x19
15,6,3,4,1,0,2,207,11,0x19
15,6,3,5,1,0,2,235,11,0x19
15,6,3,6,1,0,2,207,11,0x19
15,6,3,7,1,0,3,140,0,0x19
15,6,3,8,1,0,3,69,0,0x19
15,6,3,9,1,1,4,24,24,0x19
15,6,4,1,1,1,4,35,34,0x19
15,6,4,2,1,0,3,99,0,0x19
15,6,4,3,1,0,2,207,11,0x19
15,6,4,4,1,0,1,275,10,0x19
15,6,4,5,1,0,1,299,12,0x19
15,6,4,6,1,0,1,275,10,0x19
15,6,4,7,1,0,2,207,11,0x19
15,6,4,8,1,0,3,99,0,0x19
15,6,4,9,1,1,4,35,34,0x19
15,6,5,1,1,1,4,39,38,0x19
15,6,5,2,1,0,3,110,0,0x19
15,6,5,3,1,0,2,235,11,0x19
15,6,5,4,1,0,1,299,12,0x19
15,6,5,5,1,0,1,324,12,0x19
15,6,5,6,1,0,1,299,12,0x19
15,6,5,7,1,0,2,235,11,0x19
15,6,5,8,1,0,3,110,0,0x19
15,6,5,9,1,1,4,39,38,0x19
15,6,6,1,1,1,4,35,34,0x19
15,6,6,2,1,0,3,99,0,0x19
15,6,6,3,1,0,2,207,11,0x19
15,6,6,4,1,0,1,275,10,0x19
15,6,6,5,1,0,1,299,12,0x19
15,6,6,6,1,0,1,275,10,0x19
15,6,6,7,1,0,2,207,11,0x19
15,6,6,8,1,0,3,99,0,0x19
15,6,6,9,1,1,4,35,34,0x19
15,6,7,1,1,1,4,24,24,0x19
15,6,7,2,1,0,3,69,0,0x19
15,6,7,3,1,0,3,140,0,0x19
15,6,7,4,1,0,2,207,11,0x19
15,6,7,5,1,0,2,235,11,0x19
15,6,7,6,1,0,2,207,11,0x19
15,6,7,7,1,0,3,140,0,0x19
15,6,7,8,1,0,3,69,0,0x19
15,6,7,9,1,1,4,24,24,0x19
15,6,8,2,1,1,4,31,31,0x19
15,6,8,3,1,0,3,69,0,0x19
15,6,8,4,1,0,3,99,0,0x19
15,6,8,5,1,0,3,110,0,0x19
15,6,8,6,1,0,3,99,0,0x19
15,6,8,7,1,0,3,69,0,0x19
15,6,8,8,1,1,4,31,31,0x19
15,6,9,3,1,1,4,24,24,0x19
15,6,9,4,1,1,4,35,34,0x19
15,6,9,5,1,1,4,39,38,0x19
15,6,9,6,1,1,4,35,34,0x19
15,6,9,7,1,1,4,24,24,0x19
15,7,1,3,1,1,4,29,29,0x19
15,7,1,4,1,1,4,41,40,0x19
15,7,1,5,1,1,4,46,45,0x19
15,7,1,6,1,1,4,41,40,0x19
15,7,1,7,1,1,4,29,29,0x19
15,7,2,2,1,1,4,36,35,0x19
15,7,2,3,1,0,3,84,0,0x19
15,7,2,4,1,0,3,116,0,0x19
15,7,2,5,1,0,3,127,0,0x19
15,7,2,6,1,0,3,116,0,0x19
15,7,2,7,1,0,3,84,0,0x19
15,7,2,8,1,1,4,36,35,0x19
15,7,3,1,1,1,4,29,29,0x19
15,7,3,2,1,0,3,84,0,0x19
15,7,3,3,1,0,2,184,11,0x19
15,7,3,4,1,0,2,243,11,0x19
15,7,3,5,1,0,2,265,11,0x19
15,7,3,6,1,0,2,243,11,0x19
15,7,3,7,1,0,2,184,11,0x19
15,7,3,8,1,0,3,84,0,0x19
15,7,3,9,1,1,4,29,29,0x19
15,7,4,1,1,1,4,41,40,0x19
15,7,4,2,1,0,3,116,0,0x19
15,7,4,3,1,0,2,243,11,0x19
15,7,4,4,1,0,1,315,11,0x19
15,7,4,5,1,0,1,340,12,0x19
15,7,4,6,1,0,1,315,11,0x19
15,7,4,7,1,0,2,243,11,0x19
15,7,4,8,1,0,3,116,0,0x19
15,7,4,9,1,1,4,41,40,0x19
15,7,5,1,1,1,4,46,45,0x19
15,7,5,2,1,0,3,127,0,0x19
15,7,5,3,1,0,2,265,11,0x19
15,7,5,4,1,0,1,340,12,0x19
15,7,5,5,1,0,0,356,11,0x19
15,7,5,6,1,0,1,340,12,0x19
15,7,5,7,1,0,2,265,11,0x19
15,7,5,8,1,0,3,127,0,0x19
15,7,5,9,1,1,4,46,45,0x19
15,7,6,1,1,1,4,41,40,0x19
15,7,6,2,1,0,3,116,0,0x19
15,7,6,3,1,0,2,243,11,0x19
15,7,6,4,1,0,1,315,11,0x19
15,7,6,5,1,0,1,340,12,0x19
15,7,6,6,1,0,1,315,11,0x19
15,7,6,7,1,0,2,243,11,0x19
15,7,6,8,1,0,3,116,0,0x19
15,7,6,9,1,1,4,41,40,0x19
15,7,7,1,1,1,4,29,29,0x19
15,7,7,2,1,0,3,84,0,0x19
15,7,7,3,1,0,2,184,11,0x19
15,7,7,4,1,0,2,243,11,0x19
15,7,7,5,1,0,2,265,11,0x19
15,7,7,6,1,0,2,243,11,0x19
15,7,7,7,1,0,2,184,11,0x19
15,7,7,8,1,0,3,84,0,0x19
15,7,7,9,1,1,4,29,29,0x19
15,7,8,2,1,1,4,36,35,0x19
15,7,8,3,1,0,3,84,0,0x19
15,7,8,4,1,0,3,116,0,0x19
15,7,8,5,1,0,3,127,0,0x19
15,7,8,6,1,0,3,116,0,0x19
15,7,8,7,1,0,3,84,0,0x19
15,7,8,8,1,1,4,36,35,0x19
15,7,9,3,1,1,4,29,29,0x19
15,7,9,4,1,1,4,41,40,0x19
15,7,9,5,1,1,4,46,45,0x19
15,7,9,6,1,1,4,41,40,0x19
15,7,9,7,1,1,4,29,29,0x19
15,8,1,3,1,1,4,28,28,0x19
15,8,1,4,1,1,4,40,39,0x19
15,8,1,5,1,1,4,44,43,0x19
15,8,1,6,1,1,4,40,39,0x19
15,8,1,7,1,1,4,28,28,0x19
15,8,2,2,1,1,4,35,34,0x19
15,8,2,3,1,0,3,82,0,0x19
15,8,2,4,1,0,3,113,0,0x19
15,8,2,5,1,0,3,124,0,0x19
15,8,2,6,1,0,3,113,0,0x19
15,8,2,7,1,0,3,82,0,0x19
15,8,2,8,1,1,4,35,34,0x19
15,8,3,1,1,1,4,28,28,0x19
15,8,3,2,1,0,3,82,0,0x19
15,8,3,3,1,0,2,182,12,0x19
15,8,3,4,1,0,2,237,11,0x19
15,8,3,5,1,0,2,260,11,0x19
15,8,3,6,1,0,2,237,11,0x19
15,8,3,7,1,0,2,182,12,0x19
15,8,3,8,1,0,3,82,0,0x19
15,8,3,9,1,1,4,28,28,0x19
15,8,4,1,1,1,4,40,39,0x19
15,8,4,2,1,0,3,113,0,0x19
15,8,4,3,1,0,2,237,11,0x19
15,8,4,4,1,0,1,311,11,0x19
15,8,4,5,1,0,1,334,11,0x19
15,8,4,6,1,0,1,311,11,0x19
15,8,4,7,1,0,2,237,11,0x19
15,8,4,8,1,0,3,113,0,0x19
15,8,4,9,1,1,4,40,39,0x19
15,8,5,1,1,1,4,44,43,0x19
15,8,5,2,1,0,3,124,0,0x19
15,8,5,3,1,0,2,260,11,0x19
15,8,5,4,1,0,1,334,11,0x19
15,8,5,5,1,0,0,360,12,0x3F
15,8,5,6,1,0,1,334,11,0x19
15,8,5,7,1,0,2,260,11,0x19
15,8,5,8,1,0,3,124,0,0x19
15,8,5,9,1,1,4,44,43,0x19
15,8,6,1,1,1,4,40,39,0x19
15,8,6,2,1,0,3,113,0,0x19
15,8,6,3,1,0,2,237,11,0x19
15,8,6,4,1,0,1,311,11,0x19
15,8,6,5,1,0,1,334,11,0x19
15,8,6,6,1,0,1,311,11,0x19
15,8,6,7,1,0,2,237,11,0x19
15,8,6,8,1,0,3,113,0,0x19
15,8,6,9,1,1,4,40,39,0x19
15,8,7,1,1,1,4,28,28,0x19
15,8,7,2,1,0,3,82,0,0x19
15,8,7,3,1,0,2,182,12,0x19
15,8,7,4,1,0,2,237,11,0x19
15,8,7,5,1,0,2,260,11,0x19
15,8,7,6,1,0,2,237,11,0x19
15,8,7,7,1,0,2,182,12,0x19
15,8,7,8,1,0,3,82,0,0x19
15,8,7,9,1,1,4,28,28,0x19
15,8,8,2,1,1,4,35,34,0x19
15,8,8,3,1,0,3,82,0,0x19
15,8,8,4,1,0,3,113,0,0x19
15,8,8,5,1,0,3,124,0,0x19
15,8,8,6,1,0,3,113,0,0x19
15,8,8,7,1,0,3,82,0,0x19
15,8,8,8,1,1,4,35,34,0x19
15,8,9,3,1,1,4,28,28,0x19
15,8,9,4,1,1,4,40,39,0x19
15,8,9,5,1,1,4,44,43,0x19
15,8,9,6,1,1,4,40,39,0x19
15,8,9,7,1,1,4,28,28,0x19
15,9,1,3,1,1,4,20,20,0x19
15,9,1,4,1,1,4,31,31,0x19
15,9,1,5,1,1,4,35,34,0x19
15,9,1,6,1,1,4,31,31,0x19
15,9,1,7,1,1,4,20,20,0x19
15,9,2,2,1,1,4,29,29,0x19
15,9,2,3,1,0,3,63,0,0x19
15,9,2,4,1,0,3,91,0,0x19
15,9,2,5,1,0,3,101,0,0x19
15,9,2,6,1,0,3,91,0,0x19
15,9,2,7,1,0,3,63,0,0x19
15,9,2,8,1,1,4,29,29,0x19
15,9,3,1,1,1,4,20,20,0x19
15,9,3,2,1,0,3,63,0,0x19
15,9,3,3,1,0,3,132,1,0x19
15,9,3,4,1,0,2,197,11,0x19
15,9,3,5,1,0,2,214,11,0x19
15,9,3,6,1,0,2,197,11,0x19
15,9,3,7,1,0,3,132,1,0x19
15,9,3,8,1,0,3,63,0,0x19
15,9,3,9,1,1,4,20,20,0x19
15,9,4,1,1,1,4,31,31,0x19
15,9,4,2,1,0,3,91,0,0x19
15,9,4,3,1,0,2,197,11,0x19
15,9,4,4,1,0,1,271,12,0x19
15,9,4,5,1,0,1,290,12,0x19
15,9,4,6,1,0,1,271,12,0x19
15,9,4,7,1,0,2,197,11,0x19
15,9,4,8,1,0,3,91,0,0x19
15,9,4,9,1,1,4,31,31,0x19
15,9,5,1,1,1,4,35,34,0x19
15,9,5,2,1,0,3,101,0,0x19
15,9,5,3,1,0,2,214,11,0x19
15,9,5,4,1,0,1,290,12,0x19
15,9,5,5,1,0,1,318,13,0x19
15,9,5,6,1,0,1,290,12,0x19
15,9,5,7,1,0,2,214,11,0x19
15,9,5,8,1,0,3,101,0,0x19
15,9,5,9,1,1,4,35,34,0x19
15,9,6,1,1,1,4,31,31,0x19
15,9,6,2,1,0,3,91,0,0x19
15,9,6,3,1,0,2,197,11,0x19
15,9,6,4,1,0,1,271,12,0x19
15,9,6,5,1,0,1,290,12,0x19
15,9,6,6,1,0,1,271,12,0x19
15,9,6,7,1,0,2,197,11,0x19
15,9,6,8,1,0,3,91,0,0x19
15,9,6,9,1,1,4,31,31,0x19
15,9,7,1,1,1,4,20,20,0x19
15,9,7,2,1,0,3,63,0,0x19
15,9,7,3,1,0,3,132,1,0x19
15,9,7,4,1,0,2,197,11,0x19
15,9,7,5,1,0,2,214,11,0x19
15,9,7,6,1,0,2,197,11,0x19
15,9,7,7,1,0,3,132,1,0x19
15,9,7,8,1,0,3,63,0,0x19
15,9,7,9,1,1,4,20,20,0x19
15,9,8,2,1,1,4,29,29,0x19
15,9,8,3,1,0,3,63,0,0x19
15,9,8,4,1,0,3,91,0,0x19
15,9,8,5,1,0,3,101,0,0x19
15,9,8,6,1,0,3,91,0,0x19
15,9,8,7,1,0,3,63,0,0x19
15,9,8,8,1,1,4,29,29,0x19
15,9,9,3,1,1,4,20,20,0x19
15,9,9,4,1,1,4,31,31,0x19
15,9,9,5,1,1,4,35,34,0x19
15,9,9,6,1,1,4,31,31,0x19
15,9,9,7,1,1,4,20,20,0x19
15,10,1,4,1,1,4,17,17,0x19
15,10,1,5,1,1,4,21,21,0x19
15,10,1,6,1,1,4,17,17,0x19
15,10,2,2,1,1,4,15,15,0x19
15,10,2,3,1,1,4,31,31,0x19
15,10,2,4,1,1,4,52,51,0x19
15,10,2,5,1,0,3,62,0,0x19
15,10,2,6,1,1,4,52,51,0x19
15,10,2,7,1,1,4,31,31,0x19
15,10,2,8,1,1,4,15,15,0x19
15,10,3,2,1,1,4,31,31,0x19
15,10,3,3,1,0,3,71,0,0x19
15,10,3,4,1,0,3,115,1,0x19
15,10,3,5,1,0,3,128,0,0x19
15,10,3,6,1,0,3,115,1,0x19
15,10,3,7,1,0,3,71,0,0x19
15,10,3,8,1,1,4,31,31,0x19
15,10,4,1,1,1,4,17,17,0x19
15,10,4,2,1,1,4,52,51,0x19
15,10,4,3,1,0,3,115,1,0x19
15,10,4,4,1,0,2,183,10,0x19
15,10,4,5,1,0,2,203,11,0x19
15,10,4,6,1,0,2,183,10,0x19
15,10,4,7,1,0,3,115,1,0x19
15,10,4,8,1,1,4,52,51,0x19
15,10,4,9,1,1,4,17,17,0x19
15,10,5,1,1,1,4,21,21,0x19
15,10,5,2,1,0,3,62,0,0x19
15,10,5,3,1,0,3,128,0,0x19
15,10,5,4,1,0,2,203,11,0x19
15,10,5,5,1,0,2,227,11,0x19
15,10,5,6,1,0,2,203,11,0x19
15,10,5,7,1,0,3,128,0,0x19
15,10,5,8,1,0,3,62,0,0x19
15,10,5,9,1,1,4,21,21,0x19
15,10,6,1,1,1,4,17,17,0x19
15,10,6,2,1,1,4,52,51,0x19
15,10,6,3,1,0,3,115,1,0x19
15,10,6,4,1,0,2,183,10,0x19
15,10,6,5,1,0,2,203,11,0x19
15,10,6,6,1,0,2,183,10,0x19
15,10,6,7,1,0,3,115,1,0x19
15,10,6,8,1,1,4,52,51,0x19
15,10,6,9,1,1,4,17,17,0x19
15,10,7,2,1,1,4,31,31,0x19
15,10,7,3,1,0,3,71,0,0x19
15,10,7,4,1,0,3,115,1,0x19
15,10,7,5,1,0,3,128,0,0x19
15,10,7,6,1,0,3,115,1,0x19
15,10,7,7,1,0,3,71,0,0x19
15,10,7,8,1,1,4,31,31,0x19
15,10,8,2,1,1,4,15,15,0x19
15,10,8,3,1,1,4,31,31,0x19
15,10,8,4,1,1,4,52,51,0x19
15,10,8,5,1,0,3,62,0,0x19
15,10,8,6,1,1,4,52,51,0x19
15,10,8,7,1,1,4,31,31,0x19
15,10,8,8,1,1,4,15,15,0x19
15,10,9,4,1,1,4,17,17,0x19
15,10,9,5,1,1,4,21,21,0x19
15,10,9,6,1,1,4,17,17,0x19
16,0,0,3,0,1,5,0,0,0x00
16,0,0,4,0,1,5,0,0,0x00
16,0,0,5,0,1,5,0,0,0x00
16,0,0,6,0,1,5,0,0,0x00
16,0,0,7,0,1,5,0,0,0x00
16,0,1,2,0,1,5,0,0,0x00
16,0,1,3,0,1,5,0,0,0x00
16,0,1,4,0,0,4,17,17,0x00
16,0,1,5,0,0,4,21,21,0x00
16,0,1,6,0,0,4,17,17,0x00
16,0,1,7,0,1,5,0,0,0x00
16,0,1,8,0,1,5,0,0,0x00
16,0,2,1,0,1,5,0,0,0x00
16,0,2,2,0,0,4,15,15,0x00
16,0,2,3,0,0,4,31,31,0x00
16,0,2,4,0,0,4,52,51,0x00
16,0,2,5,0,0,3,62,0,0x00
16,0,2,6,0,0,4,52,51,0x00
16,0,2,7,0,0,4,31,31,0x00
16,0,2,8,0,0,4,15,15,0x00
16,0,2,9,0,1,5,0,0,0x00
16,0,3,0,0,1,5,0,0,0x00
16,0,3,1,0,1,5,0,0,0x00
16,0,3,2,0,0,4,31,31,0x00
16,0,3,3,0,0,3,71,0,0x00
16,0,3,4,0,0,3,110,0,0x00
16,0,3,5,0,0,3,123,0,0x00
16,0,3,6,0,0,3,110,0,0x00
16,0,3,7,0,0,3,71,0,0x00
16,0,3,8,0,0,4,31,31,0x00
16,0,3,9,0,1,5,0,0,0x00
16,0,3,10,0,1,5,0,0,0x00
16,0,4,0,0,1,5,0,0,0x00
16,0,4,1,0,0,4,17,17,0x00
16,0,4,2,0,0,4,52,51,0x00
16,0,4,3,0,0,3,110,0,0x00
16,0,4,4,0,0,2,184,12,0x00
16,0,4,5,0,0,2,199,11,0x00
16,0,4,6,0,0,2,184,12,0x00
16,0,4,7,0,0,3,110,0,0x00
16,0,4,8,0,0,4,52,51,0x00
16,0,4,9,0,0,4,17,17,0x00
16,0,4,10,0,1,5,0,0,0x00
16,0,5,0,0,1,5,0,0,0x00
16,0,5,1,0,0,4,21,21,0x00
16,0,5,2,0,0,3,62,0,0x00
16,0,5,3,0,0,3,123,0,0x00
16,0,5,4,0,0,2,199,11,0x00
16,0,5,5,0,0,2,228,11,0x00
16,0,5,6,0,0,2,199,11,0x00
16,0,5,7,0,0,3,123,0,0x00
16,0,5,8,0,0,3,62,0,0x00
16,0,5,9,0,0,4,21,21,0x00
16,0,5,10,0,1,5,0,0,0x00
16,0,6,0,0,1,5,0,0,0x00
16,0,6,1,0,0,4,17,17,0x00
16,0,6,2,0,0,4,52,51,0x00
16,0,6,3,0,0,3,110,0,0x00
16,0,6,4,0,0,2,184,12,0x00
16,0,6,5,0,0,2,199,11,0x00
16,0,6,6,0,0,2,184,12,0x00
16,0,6,7,0,0,3,110,0,0x00
16,0,6,8,0,0,4,52,51,0x00
16,0,6,9,0,0,4,17,17,0x00
16,0,6,10,0,1,5,0,0,0x00
16,0,7,0,0,1,5,0,0,0x00
16,0,7,1,0,1,5,0,0,0x00
16,0,7,2,0,0,4,31,31,0x00
16,0,7,3,0,0,3,71,0,0x00
16,0,7,4,0,0,3,110,0,0x00
16,0,7,5,0,0,3,123,0,0x00
16,0,7,6,0,0,3,110,0,0x00
16,0,7,7,0,0,3,71,0,0x00
16,0,7,8,0,0,4,31,31,0x00
16,0,7,9,0,1,5,0,0,0x00
16,0,7,10,0,1,5,0,0,0x00
16,0,8,1,0,1,5,0,0,0x00
16,0,8,2,0,0,4,15,15,0x00
16,0,8,3,0,0,4,31,31,0x00
16,0,8,4,0,0,4,52,51,0x00
16,0,8,5,0,0,3,62,0,0x00
16,0,8,6,0,0,4,52,51,0x00
16,0,8,7,0,0,4,31,31,0x00
16,0,8,8,0,0,4,15,15,0x00
16,0,8,9,0,1,5,0,0,0x00
16,0,9,2,0,1,5,0,0,0x00
16,0,9,3,0,1,5,0,0,0x00
16,0,9,4,0,0,4,17,17,0x00
16,0,9,5,0,0,4,21,21,0x00
16,0,9,6,0,0,4,17,17,0x00
16,0,9,7,0,1,5,0,0,0x00
16,0,9,8,0,1,5,0,0,0x00
16,0,10,3,0,1,5,0,0,0x00
16,0,10,4,0,1,5,0,0,0x00
16,0,10,5,0,1,5,0,0,0x00
16,0,10,6,0,1,5,0,0,0x00
16,0,10,7,0,1,5,0,0,0x00
16,1,0,2,0,1,5,0,0,0x00
16,1,0,3,0,1,5,0,0,0x00
16,1,0,4,0,1,5,0,0,0x00
16,1,0,5,0,1,5,0,0,0x00
16,1,0,6,0,1,5,0,0,0x00
16,1,0,7,0,1,5,0,0,0x00
16,1,0,8,0,1,5,0,0,0x00
16,1,1,1,0,1,5,0,0,0x00
16,1,1,2,0,1,5,0,0,0x00
16,1,1,3,0,0,4,20,20,0x00
16,1,1,4,0,0,4,31,31,0x00
16,1,1,5,0,0,4,35,34,0x00
16,1,1,6,0,0,4,31,31,0x00
16,1,1,7,0,0,4,20,20,0x00
16,1,1,8,0,1,5,0,0,0x00
16,1,1,9,0,1,5,0,0,0x00
16,1,2,0,0,1,5,0,0,0x00
16,1,2,1,0,1,5,0,0,0x00
16,1,2,2,0,0,4,29,29,0x00
16,1,2,3,0,0,3,63,0,0x00
16,1,2,4,0,0,3,91,0,0x00
16,1,2,5,0,0,3,101,0,0x00
16,1,2,6,0,0,3,91,0,0x00
16,1,2,7,0,0,3,63,0,0x00
16,1,2,8,0,0,4,29,29,0x00
16,1,2,9,0,1,5,0,0,0x00
16,1,2,10,0,1,5,0,0,0x00
16,1,3,0,0,1,5,0,0,0x00
16,1,3,1,0,0,4,20,20,0x00
16,1,3,2,0,0,3,63,0,0x00
16,1,3,3,0,0,3,127,0,0x00
16,1,3,4,0,0,2,197,12,0x00
16,1,3,5,0,0,2,214,12,0x00
16,1,3,6,0,0,2,197,12,0x00
16,1,3,7,0,0,3,127,0,0x00
16,1,3,8,0,0,3,63,0,0x00
16,1,3,9,0,0,4,20,20,0x00
16,1,3,10,0,1,5,0,0,0x00
16,1,4,0,0,1,5,0,0,0x00
16,1,4,1,0,0,4,31,31,0x00
16,1,4,2,0,0,3,91,0,0x00
16,1,4,3,0,0,2,197,12,0x00
16,1,4,4,0,0,1,265,11,0x00
16,1,4,5,0,0,1,286,10,0x00
16,1,4,6,0,0,1,265,11,0x00
16,1,4,7,0,0,2,197,12,0x00
16,1,4,8,0,0,3,91,0,0x00
16,1,4,9,0,0,4,31,31,0x00
16,1,4,10,0,1,5,0,0,0x00
16,1,5,0,0,1,5,0,0,0x00
16,1,5,1,0,0,4,35,34,0x00
16,1,5,2,0,0,3,101,0,0x00
16,1,5,3,0,0,2,214,12,0x00
16,1,5,4,0,0,1,286,10,0x00
16,1,5,5,0,0,1,313,12,0x00
16,1,5,6,0,0,1,286,10,0x00
16,1,5,7,0,0,2,214,12,0x00
16,1,5,8,0,0,3,101,0,0x00
16,1,5,9,0,0,4,35,34,0x00
16,1,5,10,0,1,5,0,0,0x00
16,1,6,0,0,1,5,0,0,0x00
16,1,6,1,0,0,4,31,31,0x00
16,1,6,2,0,0,3,91,0,0x00
16,1,6,3,0,0,2,197,12,0x00
16,1,6,4,0,0,1,265,11,0x00
16,1,6,5,0,0,1,286,10,0x00
16,1,6,6,0,0,1,265,11,0x00
16,1,6,7,0,0,2,197,12,0x00
16,1,6,8,0,0,3,91,0,0x00
16,1,6,9,0,0,4,31,31,0x00
16,1,6,10,0,1,5,0,0,0x00
16,1,7,0,0,1,5,0,0,0x00
16,1,7,1,0,0,4,20,20,0x00
16,1,7,2,0,0,3,63,0,0x00
16,1,7,3,0,0,3,127,0,0x00
16,1,7,4,0,0,2,197,12,0x00
16,1,7,5,0,0,2,214,12,0x00
16,1,7,6,0,0,2,197,12,0x00
16,1,7,7,0,0,3,127,0,0x00
16,1,7,8,0,0,3,63,0,0x00
16,1,7,9,0,0,4,20,20,0x00
16,1,7,10,0,1,5,0,0,0x00
16,1,8,0,0,1,5,0,0,0x00
16,1,8,1,0,1,5,0,0,0x00
16,1,8,2,0,0,4,29,29,0x00
16,1,8,3,0,0,3,63,0,0x00
16,1,8,4,0,0,3,91,0,0x00
16,1,8,5,0,0,3,101,0,0x00
16,1,8,6,0,0,3,91,0,0x00
16,1,8,7,0,0,3,63,0,0x00
16,1,8,8,0,0,4,29,29,0x00
16,1,8,9,0,1,5,0,0,0x00
16,1,8,10,0,1,5,0,0,0x00
16,1,9,1,0,1,5,0,0,0x00
16,1,9,2,0,1,5,0,0,0x00
16,1,9,3,0,0,4,20,20,0x00
16,1,9,4,0,0,4,31,31,0x00
16,1,9,5,0,0,4,35,34,0x00
16,1,9,6,0,0,4,31,31,0x00
16,1,9,7,0,0,4,20,20,0x00
16,1,9,8,0,1,5,0,0,0x00
16,1,9,9,0,1,5,0,0,0x00
16,1,10,2,0,1,5,0,0,0x00
16,1,10,3,0,1,5,0,0,0x00
16,1,10,4,0,1,5,0,0,0x00
16,1,10,5,0,1,5,0,0,0x00
16,1,10,6,0,1,5,0,0,0x00
16,1,10,7,0,1,5,0,0,0x00
16,1,10,8,0,1,5,0,0,0x00
16,2,0,2,0,1,5,0,0,0x00
16,2,0,3,0,1,5,0,0,0x00
16,2,0,4,0,1,5,0,0,0x00
16,2,0,5,0,1,5,0,0,0x00
16,2,0,6,0,1,5,0,0,0x00
16,2,0,7,0,1,5,0,0,0x00
16,2,0,8,0,1,5,0,0,0x00
16,2,1,1,0,1,5,0,0,0x00
16,2,1,2,0,1,5,0,0,0x00
16,2,1,3,0,0,4,28,28,0x00
16,2,1,4,0,0,4,40,39,0x00
16,2,1,5,0,0,4,44,43,0x00
16,2,1,6,0,0,4,40,39,0x00
16,2,1,7,0,0,4,28,28,0x00
16,2,1,8,0,1,5,0,0,0x00
16,2,1,9,0,1,5,0,0,0x00
16,2,2,0,0,1,5,0,0,0x00
16,2,2,1,0,1,5,0,0,0x00
16,2,2,2,0,0,4,35,34,0x00
16,2,2,3,0,0,3,82,0,0x00
16,2,2,4,0,0,3,113,0,0x00
16,2,2,5,0,0,3,124,0,0x00
16,2,2,6,0,0,3,113,0,0x00
16,2,2,7,0,0,3,82,0,0x00
16,2,2,8,0,0,4,35,34,0x00
16,2,2,9,0,1,5,0,0,0x00
16,2,2,10,0,1,5,0,0,0x00
16,2,3,0,0,1,5,0,0,0x00
16,2,3,1,0,0,4,28,28,0x00
16,2,3,2,0,0,3,82,0,0x00
16,2,3,3,0,0,2,177,11,0x00
16,2,3,4,0,0,2,240,11,0x00
16,2,3,5,0,0,2,255,12,0x00
16,2,3,6,0,0,2,240,11,0x00
16,2,3,7,0,0,2,177,11,0x00
16,2,3,8,0,0,3,82,0,0x00
16,2,3,9,0,0,4,28,28,0x00
16,2,3,10,0,1,5,0,0,0x00
16,2,4,0,0,1,5,0,0,0x00
16,2,4,1,0,0,4,40,39,0x00
16,2,4,2,0,0,3,113,0,0x00
16,2,4,3,0,0,2,240,11,0x00
16,2,4,4,0,0,1,315,12,0x00
16,2,4,5,0,0,1,335,11,0x00
16,2,4,6,0,0,1,315,12,0x00
16,2,4,7,0,0,2,240,11,0x00
16,2,4,8,0,0,3,113,0,0x00
16,2,4,9,0,0,4,40,39,0x00
16,2,4,10,0,1,5,0,0,0x00
16,2,5,0,0,1,5,0,0,0x00
16,2,5,1,0,0,4,44,43,0x00
16,2,5,2,0,0,3,124,0,0x00
16,2,5,3,0,0,2,255,12,0x00
16,2,5,4,0,0,1,335,11,0x00
16,2,5,5,0,0,0,362,11,0x00
16,2,5,6,0,0,1,335,11,0x00
16,2,5,7,0,0,2,255,12,0x00
16,2,5,8,0,0,3,124,0,0x00
16,2,5,9,0,0,4,44,43,0x00
16,2,5,10,0,1,5,0,0,0x00
16,2,6,0,0,1,5,0,0,0x00
16,2,6,1,0,0,4,40,39,0x00
16,2,6,2,0,0,3,113,0,0x00
16,2,6,3,0,0,2,240,11,0x00
16,2,6,4,0,0,1,315,12,0x00
16,2,6,5,0,0,1,335,11,0x00
16,2,6,6,0,0,1,315,12,0x00
16,2,6,7,0,0,2,240,11,0x00
16,2,6,8,0,0,3,113,0,0x00
16,2,6,9,0,0,4,40,39,0x00
16,2,6,10,0,1,5,0,0,0x00
16,2,7,0,0,1,5,0,0,0x00
16,2,7,1,0,0,4,28,28,0x00
16,2,7,2,0,0,3,82,0,0x00
16,2,7,3,0,0,2,177,11,0x00
16,2,7,4,0,0,2,240,11,0x00
16,2,7,5,0,0,2,255,12,0x00
16,2,7,6,0,0,2,240,11,0x00
16,2,7,7,0,0,2,177,11,0x00
16,2,7,8,0,0,3,82,0,0x00
16,2,7,9,0,0,4,28,28,0x00
16,2,7,10,0,1,5,0,0,0x00
16,2,8,0,0,1,5,0,0,0x00
16,2,8,1,0,1,5,0,0,0x00
16,2,8,2,0,0,4,35,34,0x00
16,2,8,3,0,0,3,82,0,0x00
16,2,8,4,0,0,3,113,0,0x00
16,2,8,5,0,0,3,124,0,0x00
16,2,8,6,0,0,3,113,0,0x00
16,2,8,7,0,0,3,82,0,0x00
16,2,8,8,0,0,4,35,34,0x00
16,2,8,9,0,1,5,0,0,0x00
16,2,8,10,0,1,5,0,0,0x00
16,2,9,1,0,1,5,0,0,0x00
16,2,9,2,0,1,5,0,0,0x00
16,2,9,3,0,0,4,28,28,0x00
16,2,9,4,0,0,4,40,39,0x00
16,2,9,5,0,0,4,44,43,0x00
16,2,9,6,0,0,4,40,39,0x00
16,2,9,7,0,0,4,28,28,0x00
16,2,9,8,0,1,5,0,0,0x00
16,2,9,9,0,1,5,0,0,0x00
16,2,10,2,0,1,5,0,0,0x00
16,2,10,3,0,1,5,0,0,0x00
16,2,10,4,0,1,5,0,0,0x00
16,2,10,5,0,1,5,0,0,0x00
16,2,10,6,0,1,5,0,0,0x00
16,2,10,7,0,1,5,0,0,0x00
16,2,10,8,0,1,5,0,0,0x00
16,3,0,2,0,1,5,0,0,0x00
16,3,0,3,0,1,5,0,0,0x00
16,3,0,4,0,1,5,0,0,0x00
16,3,0,5,0,1,5,0,0,0x00
16,3,0,6,0,1,5,0,0,0x00
16,3,0,7,0,1,5,0,0,0x00
16,3,0,8,0,1,5,0,0,0x00
16,3,1,1,0,1,5,0,0,0x00
16,3,1,2,0,1,5,0,0,0x00
16,3,1,3,0,0,4,29,29,0x00
16,3,1,4,0,0,4,41,40,0x00
16,3,1,5,0,0,4,46,45,0x00
16,3,1,6,0,0,4,41,40,0x00
16,3,1,7,0,0,4,29,29,0x00
16,3,1,8,0,1,5,0,0,0x00
16,3,1,9,0,1,5,0,0,0x00
16,3,2,0,0,1,5,0,0,0x00
16,3,2,1,0,1,5,0,0,0x00
16,3,2,2,0,0,4,36,35,0x00
16,3,2,3,0,0,3,84,0,0x00
16,3,2,4,0,0,3,116,0,0x00
16,3,2,5,0,0,3,127,0,0x00
16,3,2,6,0,0,3,116,0,0x00
16,3,2,7,0,0,3,84,0,0x00
16,3,2,8,0,0,4,36,35,0x00
16,3,2,9,0,1,5,0,0,0x00
16,3,2,10,0,1,5,0,0,0x00
16,3,3,0,0,1,5,0,0,0x00
16,3,3,1,0,0,4,29,29,0x00
16,3,3,2,0,0,3,84,0,0x00
16,3,3,3,0,0,2,177,11,0x00
16,3,3,4,0,0,2,244,12,0x00
16,3,3,5,0,0,2,259,12,0x00
16,3,3,6,0,0,2,244,12,0x00
16,3,3,7,0,0,2,177,11,0x00
16,3,3,8,0,0,3,84,0,0x00
16,3,3,9,0,0,4,29,29,0x00
16,3,3,10,0,1,5,0,0,0x00
16,3,4,0,0,1,5,0,0,0x00
16,3,4,1,0,0,4,41,40,0x00
16,3,4,2,0,0,3,116,0,0x00
16,3,4,3,0,0,2,244,12,0x00
16,3,4,4,0,0,1,313,12,0x00
16,3,4,5,0,0,1,336,11,0x00
16,3,4,6,0,0,1,313,12,0x00
16,3,4,7,0,0,2,244,12,0x00
16,3,4,8,0,0,3,116,0,0x00
16,3,4,9,0,0,4,41,40,0x00
16,3,4,10,0,1,5,0,0,0x00
16,3,5,0,0,1,5,0,0,0x00
16,3,5,1,0,0,4,46,45,0x00
16,3,5,2,0,0,3,127,0,0x00
16,3,5,3,0,0,2,259,12,0x00
16,3,5,4,0,0,1,336,11,0x00
16,3,5,5,0,0,0,353,13,0x00
16,3,5,6,0,0,1,336,11,0x00
16,3,5,7,0,0,2,259,12,0x00
16,3,5,8,0,0,3,127,0,0x00
16,3,5,9,0,0,4,46,45,0x00
16,3,5,10,0,1,5,0,0,0x00
16,3,6,0,0,1,5,0,0,0x00
16,3,6,1,0,0,4,41,40,0x00
16,3,6,2,0,0,3,116,0,0x00
16,3,6,3,0,0,2,244,12,0x00
16,3,6,4,0,0,1,313,12,0x00
16,3,6,5,0,0,1,336,11,0x00
16,3,6,6,0,0,1,313,12,0x00
16,3,6,7,0,0,2,244,12,0x00
16,3,6,8,0,0,3,116,0,0x00
16,3,6,9,0,0,4,41,40,0x00
16,3,6,10,0,1,5,0,0,0x00
16,3,7,0,0,1,5,0,0,0x00
16,3,7,1,0,0,4,29,29,0x00
16,3,7,2,0,0,3,84,0,0x00
16,3,7,3,0,0,2,177,11,0x00
16,3,7,4,0,0,2,244,12,0x00
16,3,7,5,0,0,2,259,12,0x00
16,3,7,6,0,0,2,244,12,0x00
16,3,7,7,0,0,2,177,11,0x00
16,3,7,8,0,0,3,84,0,0x00
16,3,7,9,0,0,4,29,29,0x00
16,3,7,10,0,1,5,0,0,0x00
16,3,8,0,0,1,5,0,0,0x00
16,3,8,1,0,1,5,0,0,0x00
16,3,8,2,0,0,4,36,35,0x00
16,3,8,3,0,0,3,84,0,0x00
16,3,8,4,0,0,3,116,0,0x00
16,3,8,5,0,0,3,127,0,0x00
16,3,8,6,0,0,3,116,0,0x00
16,3,8,7,0,0,3,84,0,0x00
16,3,8,8,0,0,4,36,35,0x00
16,3,8,9,0,1,5,0,0,0x00
16,3,8,10,0,1,5,0,0,0x00
16,3,9,1,0,1,5,0,0,0x00
16,3,9,2,0,1,5,0,0,0x00
16,3,9,3,0,0,4,29,29,0x00
16,3,9,4,0,0,4,41,40,0x00
16,3,9,5,0,0,4,46,45,0x00
16,3,9,6,0,0,4,41,40,0x00
16,3,9,7,0,0,4,29,29,0x00
16,3,9,8,0,1,5,0,0,0x00
16,3,9,9,0,1,5,0,0,0x00
16,3,10,2,0,1,5,0,0,0x00
16,3,10,3,0,1,5,0,0,0x00
16,3,10,4,0,1,5,0,0,0x00
16,3,10,5,0,1,5,0,0,0x00
16,3,10,6,0,1,5,0,0,0x00
16,3,10,7,0,1,5,0,0,0x00
16,3,10,8,0,1,5,0,0,0x00
16,4,0,2,0,1,5,0,0,0x00
16,4,0,3,0,1,5,0,0,0x00
16,4,0,4,0,1,5,0,0,0x00
16,4,0,5,0,1,5,0,0,0x00
16,4,0,6,0,1,5,0,0,0x00
16,4,0,7,0,1,5,0,0,0x00
16,4,0,8,0,1,5,0,0,0x00
16,4,1,1,0,1,5,0,0,0x00
16,4,1,2,0,1,5,0,0,0x00
16,4,1,3,0,0,4,24,24,0x00
16,4,1,4,0,0,4,35,34,0x00
16,4,1,5,0,0,4,39,38,0x00
16,4,1,6,0,0,4,35,34,0x00
16,4,1,7,0,0,4,24,24,0x00
16,4,1,8,0,1,5,0,0,0x00
16,4,1,9,0,1,5,0,0,0x00
16,4,2,0,0,1,5,0,0,0x00
16,4,2,1,0,1,5,0,0,0x00
16,4,2,2,0,0,4,31,31,0x00
16,4,2,3,0,0,3,69,0,0x00
16,4,2,4,0,0,3,99,0,0x00
16,4,2,5,0,0,3,110,0,0x00
16,4,2,6,0,0,3,99,0,0x00
16,4,2,7,0,0,3,69,0,0x00
16,4,2,8,0,0,4,31,31,0x00
16,4,2,9,0,1,5,0,0,0x00
16,4,2,10,0,1,5,0,0,0x00
16,4,3,0,0,1,5,0,0,0x00
16,4,3,1,0,0,4,24,24,0x00
16,4,3,2,0,0,3,69,0,0x00
16,4,3,3,0,0,3,137,0,0x00
16,4,3,4,0,0,2,207,11,0x00
16,4,3,5,0,0,2,234,11,0x00
16,4,3,6,0,0,2,207,11,0x00
16,4,3,7,0,0,3,137,0,0x00
16,4,3,8,0,0,3,69,0,0x00
16,4,3,9,0,0,4,24,24,0x00
16,4,3,10,0,1,5,0,0,0x00
16,4,4,0,0,1,5,0,0,0x00
16,4,4,1,0,0,4,35,34,0x00
16,4,4,2,0,0,3,99,0,0x00
16,4,4,3,0,0,2,207,11,0x00
16,4,4,4,0,0,1,277,11,0x00
16,4,4,5,0,0,1,303,12,0x00
16,4,4,6,0,0,1,277,11,0x00
16,4,4,7,0,0,2,207,11,0x00
16,4,4,8,0,0,3,99,0,0x00
16,4,4,9,0,0,4,35,34,0x00
16,4,4,10,0,1,5,0,0,0x00
16,4,5,0,0,1,5,0,0,0x00
16,4,5,1,0,0,4,39,38,0x00
16,4,5,2,0,0,3,110,0,0x00
16,4,5,3,0,0,2,234,11,0x00
16,4,5,4,0,0,1,303,12,0x00
16,4,5,5,0,0,1,317,12,0x00
16,4,5,6,0,0,1,303,12,0x00
16,4,5,7,0,0,2,234,11,0x00
16,4,5,8,0,0,3,110,0,0x00
16,4,5,9,0,0,4,39,38,0x00
16,4,5,10,0,1,5,0,0,0x00
16,4,6,0,0,1,5,0,0,0x00
16,4,6,1,0,0,4,35,34,0x00
16,4,6,2,0,0,3,99,0,0x00
16,4,6,3,0,0,2,207,11,0x00
16,4,6,4,0,0,1,277,11,0x00
16,4,6,5,0,0,1,303,12,0x00
16,4,6,6,0,0,1,277,11,0x00
16,4,6,7,0,0,2,207,11,0x00
16,4,6,8,0,0,3,99,0,0x00
16,4,6,9,0,0,4,35,34,0x00
16,4,6,10,0,1,5,0,0,0x00
16,4,7,0,0,1,5,0,0,0x00
16,4,7,1,0,0,4,24,24,0x00
16,4,7,2,0,0,3,69,0,0x00
16,4,7,3,0,0,3,137,0,0x00
16,4,7,4,0,0,2,207,11,0x00
16,4,7,5,0,0,2,234,11,0x00
16,4,7,6,0,0,2,207,11,0x00
16,4,7,7,0,0,3,137,0,0x00
16,4,7,8,0,0,3,69,0,0x00
16,4,7,9,0,0,4,24,24,0x00
16,4,7,10,0,1,5,0,0,0x00
16,4,8,0,0,1,5,0,0,0x00
16,4,8,1,0,1,5,0,0,0x00
16,4,8,2,0,0,4,31,31,0x00
16,4,8,3,0,0,3,69,0,0x00
16,4,8,4,0,0,3,99,0,0x00
16,4,8,5,0,0,3,110,0,0x00
16,4,8,6,0,0,3,99,0,0x00
16,4,8,7,0,0,3,69,0,0x00
16,4,8,8,0,0,4,31,31,0x00
16,4,8,9,0,1,5,0,0,0x00
16,4,8,10,0,1,5,0,0,0x00
16,4,9,1,0,1,5,0,0,0x00
16,4,9,2,0,1,5,0,0,0x00
16,4,9,3,0,0,4,24,24,0x00
16,4,9,4,0,0,4,35,34,0x00
16,4,9,5,0,0,4,39,38,0x00
16,4,9,6,0,0,4,35,34,0x00
16,4,9,7,0,0,4,24,24,0x00
16,4,9,8,0,1,5,0,0,0x00
16,4,9,9,0,1,5,0,0,0x00
16,4,10,2,0,1,5,0,0,0x00
16,4,10,3,0,1,5,0,0,0x00
16,4,10,4,0,1,5,0,0,0x00
16,4,10,5,0,1,5,0,0,0x00
16,4,10,6,0,1,5,0,0,0x00
16,4,10,7,0,1,5,0,0,0x00
16,4,10,8,0,1,5,0,0,0x00
16,5,0,3,0,1,5,0,0,0x00
16,5,0,4,0,1,5,0,0,0x00
16,5,0,5,0,1,5,0,0,0x00
16,5,0,6,0,1,5,0,0,0x00
16,5,0,7,0,1,5,0,0,0x00
16,5,1,2,0,1,5,0,0,0x00
16,5,1,3,0,0,4,15,15,0x00
16,5,1,4,0,0,4,23,23,0x00
16,5,1,5,0,0,4,26,26,0x00
16,5,1,6,0,0,4,23,23,0x00
16,5,1,7,0,0,4,15,15,0x00
16,5,1,8,0,1,5,0,0,0x00
16,5,2,1,0,1,5,0,0,0x00
16,5,2,2,0,0,4,19,19,0x00
16,5,2,3,0,0,4,43,42,0x00
16,5,2,4,0,0,3,66,0,0x00
16,5,2,5,0,0,3,76,0,0x00
16,5,2,6,0,0,3,66,0,0x00
16,5,2,7,0,0,4,43,42,0x00
16,5,2,8,0,0,4,19,19,0x00
16,5,2,9,0,1,5,0,0,0x00
16,5,3,0,0,1,5,0,0,0x00
16,5,3,1,0,0,4,15,15,0x00
16,5,3,2,0,0,4,43,42,0x00
16,5,3,3,0,0,3,86,0,0x00
16,5,3,4,0,0,3,129,0,0x00
16,5,3,5,0,0,2,164,12,0x00
16,5,3,6,0,0,3,129,0,0x00
16,5,3,7,0,0,3,86,0,0x00
16,5,3,8,0,0,4,43,42,0x00
16,5,3,9,0,0,4,15,15,0x00
16,5,3,10,0,1,5,0,0,0x00
16,5,4,0,0,1,5,0,0,0x00
16,5,4,1,0,0,4,23,23,0x00
16,5,4,2,0,0,3,66,0,0x00
16,5,4,3,0,0,3,129,0,0x00
16,5,4,4,0,0,2,193,12,0x00
16,5,4,5,0,0,2,219,12,0x00
16,5,4,6,0,0,2,193,12,0x00
16,5,4,7,0,0,3,129,0,0x00
16,5,4,8,0,0,3,66,0,0x00
16,5,4,9,0,0,4,23,23,0x00
16,5,4,10,0,1,5,0,0,0x00
16,5,5,0,0,1,5,0,0,0x00
16,5,5,1,0,0,4,26,26,0x00
16,5,5,2,0,0,3,76,0,0x00
16,5,5,3,0,0,2,164,12,0x00
16,5,5,4,0,0,2,219,12,0x00
16,5,5,5,0,0,2,235,11,0x00
16,5,5,6,0,0,2,219,12,0x00
16,5,5,7,0,0,2,164,12,0x00
16,5,5,8,0,0,3,76,0,0x00
16,5,5,9,0,0,4,26,26,0x00
16,5,5,10,0,1,5,0,0,0x00
16,5,6,0,0,1,5,0,0,0x00
16,5,6,1,0,0,4,23,23,0x00
16,5,6,2,0,0,3,66,0,0x00
16,5,6,3,0,0,3,129,0,0x00
16,5,6,4,0,0,2,193,12,0x00
16,5,6,5,0,0,2,219,12,0x00
16,5,6,6,0,0,2,193,12,0x00
16,5,6,7,0,0,3,129,0,0x00
16,5,6,8,0,0,3,66,0,0x00
16,5,6,9,0,0,4,23,23,0x00
16,5,6,10,0,1,5,0,0,0x00
16,5,7,0,0,1,5,0,0,0x00
16,5,7,1,0,0,4,15,15,0x00
16,5,7,2,0,0,4,43,42,0x00
16,5,7,3,0,0,3,86,0,0x00
16,5,7,4,0,0,3,129,0,0x00
16,5,7,5,0,0,2,164,12,0x00
16,5,7,6,0,0,3,129,0,0x00
16,5,7,7,0,0,3,86,0,0x00
16,5,7,8,0,0,4,43,42,0x00
16,5,7,9,0,0,4,15,15,0x00
16,5,7,10,0,1,5,0,0,0x00
16,5,8,1,0,1,5,0,0,0x00
16,5,8,2,0,0,4,19,19,0x00
16,5,8,3,0,0,4,43,42,0x00
16,5,8,4,0,0,3,66,0,0x00
16,5,8,5,0,0,3,76,0,0x00
16,5,8,6,0,0,3,66,0,0x00
16,5,8,7,0,0,4,43,42,0x00
16,5,8,8,0,0,4,19,19,0x00
16,5,8,9,0,1,5,0,0,0x00
16,5,9,2,0,1,5,0,0,0x00
16,5,9,3,0,0,4,15,15,0x00
16,5,9,4,0,0,4,23,23,0x00
16,5,9,5,0,0,4,26,26,0x00
16,5,9,6,0,0,4,23,23,0x00
16,5,9,7,0,0,4,15,15,0x00
16,5,9,8,0,1,5,0,0,0x00
16,5,10,3,0,1,5,0,0,0x00
16,5,10,4,0,1,5,0,0,0x00
16,5,10,5,0,1,5,0,0,0x00
16,5,10,6,0,1,5,0,0,0x00
16,5,10,7,0,1,5,0,0,0x00
16,6,0,4,0,1,5,0,0,0x00
16,6,0,5,0,1,5,0,0,0x00
16,6,0,6,0,1,5,0,0,0x00
16,6,1,2,0,1,5,0,0,0x00
16,6,1,3,0,1,5,0,0,0x00
16,6,1,4,0,1,5,0,0,0x00
16,6,1,5,0,1,5,0,0,0x00
16,6,1,6,0,1,5,0,0,0x00
16,6,1,7,0,1,5,0,0,0x00
16,6,1,8,0,1,5,0,0,0x00
16,6,2,1,0,1,5,0,0,0x00
16,6,2,2,0,1,5,0,0,0x00
16,6,2,3,0,0,4,19,19,0x00
16,6,2,4,0,0,4,30,30,0x00
16,6,2,5,0,0,4,32,31,0x00
16,6,2,6,0,0,4,30,30,0x00
16,6,2,7,0,0,4,19,19,0x00
16,6,2,8,0,1,5,0,0,0x00
16,6,2,9,0,1,5,0,0,0x00
16,6,3,1,0,1,5,0,0,0x00
16,6,3,2,0,0,4,19,19,0x00
16,6,3,3,0,0,4,42,41,0x00
16,6,3,4,0,0,3,65,0,0x00
16,6,3,5,0,0,3,74,0,0x00
16,6,3,6,0,0,3,65,0,0x00
16,6,3,7,0,0,4,42,41,0x00
16,6,3,8,0,0,4,19,19,0x00
16,6,3,9,0,1,5,0,0,0x00
16,6,4,0,0,1,5,0,0,0x00
16,6,4,1,0,1,5,0,0,0x00
16,6,4,2,0,0,4,30,30,0x00
16,6,4,3,0,0,3,65,0,0x00
16,6,4,4,0,0,3,94,0,0x00
16,6,4,5,0,0,3,105,0,0x00
16,6,4,6,0,0,3,94,0,0x00
16,6,4,7,0,0,3,65,0,0x00
16,6,4,8,0,0,4,30,30,0x00
16,6,4,9,0,1,5,0,0,0x00
16,6,4,10,0,1,5,0,0,0x00
16,6,5,0,0,1,5,0,0,0x00
16,6,5,1,0,1,5,0,0,0x00
16,6,5,2,0,0,4,32,31,0x00
16,6,5,3,0,0,3,74,0,0x00
16,6,5,4,0,0,3,105,0,0x00
16,6,5,5,0,0,3,116,0,0x00
16,6,5,6,0,0,3,105,0,0x00
16,6,5,7,0,0,3,74,0,0x00
16,6,5,8,0,0,4,32,31,0x00
16,6,5,9,0,1,5,0,0,0x00
16,6,5,10,0,1,5,0,0,0x00
16,6,6,0,0,1,5,0,0,0x00
16,6,6,1,0,1,5,0,0,0x00
16,6,6,2,0,0,4,30,30,0x00
16,6,6,3,0,0,3,65,0,0x00
16,6,6,4,0,0,3,94,0,0x00
16,6,6,5,0,0,3,105,0,0x00
16,6,6,6,0,0,3,94,0,0x00
16,6,6,7,0,0,3,65,0,0x00
16,6,6,8,0,0,4,30,30,0x00
16,6,6,9,0,1,5,0,0,0x00
16,6,6,10,0,1,5,0,0,0x00
16,6,7,1,0,1,5,0,0,0x00
16,6,7,2,0,0,4,19,19,0x00
16,6,7,3,0,0,4,42,41,0x00
16,6,7,4,0,0,3,65,0,0x00
16,6,7,5,0,0,3,74,0,0x00
16,6,7,6,0,0,3,65,0,0x00
16,6,7,7,0,0,4,42,41,0x00
16,6,7,8,0,0,4,19,19,0x00
16,6,7,9,0,1,5,0,0,0x00
16,6,8,1,0,1,5,0,0,0x00
16,6,8,2,0,1,5,0,0,0x00
16,6,8,3,0,0,4,19,19,0x00
16,6,8,4,0,0,4,30,30,0x00
16,6,8,5,0,0,4,32,31,0x00
16,6,8,6,0,0,4,30,30,0x00
16,6,8,7,0,0,4,19,19,0x00
16,6,8,8,0,1,5,0,0,0x00
16,6,8,9,0,1,5,0,0,0x00
16,6,9,2,0,1,5,0,0,0x00
16,6,9,3,0,1,5,0,0,0x00
16,6,9,4,0,1,5,0,0,0x00
16,6,9,5,0,1,5,0,0,0x00
16,6,9,6,0,1,5,0,0,0x00
16,6,9,7,0,1,5,0,0,0x00
16,6,9,8,0,1,5,0,0,0x00
16,6,10,4,0,1,5,0,0,0x00
16,6,10,5,0,1,5,0,0,0x00
16,6,10,6,0,1,5,0,0,0x00
16,7,1,4,0,1,5,0,0,0x00
16,7,1,5,0,1,5,0,0,0x00
16,7,1,6,0,1,5,0,0,0x00
16,7,2,2,0,1,5,0,0,0x00
16,7,2,3,0,1,5,0,0,0x00
16,7,2,4,0,1,5,0,0,0x00
16,7,2,5,0,1,5,0,0,0x00
16,7,2,6,0,1,5,0,0,0x00
16,7,2,7,0,1,5,0,0,0x00
16,7,2,8,0,1,5,0,0,0x00
16,7,3,2,0,1,5,0,0,0x00
16,7,3,3,0,0,4,14,14,0x00
16,7,3,4,0,0,4,23,23,0x00
16,7,3,5,0,0,4,26,26,0x00
16,7,3,6,0,0,4,23,23,0x00
16,7,3,7,0,0,4,14,14,0x00
16,7,3,8,0,1,5,0,0,0x00
16,7,4,1,0,1,5,0,0,0x00
16,7,4,2,0,1,5,0,0,0x00
16,7,4,3,0,0,4,23,23,0x00
16,7,4,4,0,0,4,33,32,0x00
16,7,4,5,0,0,4,37,36,0x00
16,7,4,6,0,0,4,33,32,0x00
16,7,4,7,0,0,4,23,23,0x00
16,7,4,8,0,1,5,0,0,0x00
16,7,4,9,0,1,5,0,0,0x00
16,7,5,1,0,1,5,0,0,0x00
16,7,5,2,0,1,5,0,0,0x00
16,7,5,3,0,0,4,26,26,0x00
16,7,5,4,0,0,4,37,36,0x00
16,7,5,5,0,0,4,41,40,0x00
16,7,5,6,0,0,4,37,36,0x00
16,7,5,7,0,0,4,26,26,0x00
16,7,5,8,0,1,5,0,0,0x00
16,7,5,9,0,1,5,0,0,0x00
16,7,6,1,0,1,5,0,0,0x00
16,7,6,2,0,1,5,0,0,0x00
16,7,6,3,0,0,4,23,23,0x00
16,7,6,4,0,0,4,33,32,0x00
16,7,6,5,0,0,4,37,36,0x00
16,7,6,6,0,0,4,33,32,0x00
16,7,6,7,0,0,4,23,23,0x00
16,7,6,8,0,1,5,0,0,0x00
16,7,6,9,0,1,5,0,0,0x00
16,7,7,2,0,1,5,0,0,0x00
16,7,7,3,0,0,4,14,14,0x00
16,7,7,4,0,0,4,23,23,0x00
16,7,7,5,0,0,4,26,26,0x00
16,7,7,6,0,0,4,23,23,0x00
16,7,7,7,0,0,4,14,14,0x00
16,7,7,8,0,1,5,0,0,0x00
16,7,8,2,0,1,5,0,0,0x00
16,7,8,3,0,1,5,0,0,0x00
16,7,8,4,0,1,5,0,0,0x00
16,7,8,5,0,1,5,0,0,0x00
16,7,8,6,0,1,5,0,0,0x00
16,7,8,7,0,1,5,0,0,0x00
16,7,8,8,0,1,5,0,0,0x00
16,7,9,4,0,1,5,0,0,0x00
16,7,9,5,0,1,5,0,0,0x00
16,7,9,6,0,1,5,0,0,0x00
16,8,2,4,0,1,5,0,0,0x00
16,8,2,5,0,1,5,0,0,0x00
16,8,2,6,0,1,5,0,0,0x00
16,8,3,3,0,1,5,0,0,0x00
16,8,3,4,0,1,5,0,0,0x00
16,8,3,5,0,1,5,0,0,0x00
16,8,3,6,0,1,5,0,0,0x00
16,8,3,7,0,1,5,0,0,0x00
16,8,4,2,0,1,5,0,0,0x00
16,8,4,3,0,1,5,0,0,0x00
16,8,4,4,0,1,5,0,0,0x00
16,8,4,5,0,1,5,0,0,0x00
16,8,4,6,0,1,5,0,0,0x00
16,8,4,7,0,1,5,0,0,0x00
16,8,4,8,0,1,5,0,0,0x00
16,8,5,2,0,1,5,0,0,0x00
16,8,5,3,0,1,5,0,0,0x00
16,8,5,4,0,1,5,0,0,0x00
16,8,5,5,0,1,5,0,0,0x00
16,8,5,6,0,1,5,0,0,0x00
16,8,5,7,0,1,5,0,0,0x00
16,8,5,8,0,1,5,0,0,0x00
16,8,6,2,0,1,5,0,0,0x00
16,8,6,3,0,1,5,0,0,0x00
16,8,6,4,0,1,5,0,0,0x00
16,8,6,5,0,1,5,0,0,0x00
16,8,6,6,0,1,5,0,0,0x00
16,8,6,7,0,1,5,0,0,0x00
16,8,6,8,0,1,5,0,0,0x00
16,8,7,3,0,1,5,0,0,0x00
16,8,7,4,0,1,5,0,0,0x00
16,8,7,5,0,1,5,0,0,0x00
16,8,7,6,0,1,5,0,0,0x00
16,8,7,7,0,1,5,0,0,0x00
16,8,8,4,0,1,5,0,0,0x00
16,8,8,5,0,1,5,0,0,0x00
16,8,8,6,0,1,5,0,0,0x00
16,9,2,3,0,1,5,0,0,0x00
16,9,2,4,0,1,5,0,0,0x00
16,9,2,5,0,1,5,0,0,0x00
16,9,2,6,0,1,5,0,0,0x00
16,9,2,7,0,1,5,0,0,0x00
16,9,3,2,0,1,5,0,0,0x00
16,9,3,3,0,1,5,0,0,0x00
16,9,3,4,0,1,5,0,0,0x00
16,9,3,5,0,1,5,0,0,0x00
16,9,3,6,0,1,5,0,0,0x00
16,9,3,7,0,1,5,0,0,0x00
16,9,3,8,0,1,5,0,0,0x00
16,9,4,2,0,1,5,0,0,0x00
16,9,4,3,0,1,5,0,0,0x00
16,9,4,4,0,0,4,21,21,0x00
16,9,4,5,0,0,4,26,26,0x00
16,9,4,6,0,0,4,21,21,0x00
16,9,4,7,0,1,5,0,0,0x00
16,9,4,8,0,1,5,0,0,0x00
16,9,5,2,0,1,5,0,0,0x00
16,9,5,3,0,1,5,0,0,0x00
16,9,5,4,0,0,4,26,26,0x00
16,9,5,5,0,0,4,31,31,0x00
16,9,5,6,0,0,4,26,26,0x00
16,9,5,7,0,1,5,0,0,0x00
16,9,5,8,0,1,5,0,0,0x00
16,9,6,2,0,1,5,0,0,0x00
16,9,6,3,0,1,5,0,0,0x00
16,9,6,4,0,0,4,21,21,0x00
16,9,6,5,0,0,4,26,26,0x00
16,9,6,6,0,0,4,21,21,0x00
16,9,6,7,0,1,5,0,0,0x00
16,9,6,8,0,1,5,0,0,0x00
16,9,7,2,0,1,5,0,0,0x00
16,9,7,3,0,1,5,0,0,0x00
16,9,7,4,0,1,5,0,0,0x00
16,9,7,5,0,1,5,0,0,0x00
16,9,7,6,0,1,5,0,0,0x00
16,9,7,7,0,1,5,0,0,0x00
16,9,7,8,0,1,5,0,0,0x00
16,9,8,3,0,1,5,0,0,0x00
16,9,8,4,0,1,5,0,0,0x00
16,9,8,5,0,1,5,0,0,0x00
16,9,8,6,0,1,5,0,0,0x00
16,9,8,7,0,1,5,0,0,0x00
16,10,1,3,0,1,5,0,0,0x00
16,10,1,4,0,1,5,0,0,0x00
16,10,1,5,0,1,5,0,0,0x00
16,10,1,6,0,1,5,0,0,0x00
16,10,1,7,0,1,5,0,0,0x00
16,10,2,2,0,1,5,0,0,0x00
16,10,2,3,0,1,5,0,0,0x00
16,10,2,4,0,0,4,20,20,0x00
16,10,2,5,0,0,4,25,25,0x00
16,10,2,6,0,0,4,20,20,0x00
16,10,2,7,0,1,5,0,0,0x00
16,10,2,8,0,1,5,0,0,0x00
16,10,3,1,0,1,5,0,0,0x00
16,10,3,2,0,1,5,0,0,0x00
16,10,3,3,0,0,4,26,26,0x00
16,10,3,4,0,0,4,44,43,0x00
16,10,3,5,0,0,4,50,49,0x00
16,10,3,6,0,0,4,44,43,0x00
16,10,3,7,0,0,4,26,26,0x00
16,10,3,8,0,1,5,0,0,0x00
16,10,3,9,0,1,5,0,0,0x00
16,10,4,1,0,1,5,0,0,0x00
16,10,4,2,0,0,4,20,20,0x00
16,10,4,3,0,0,4,44,43,0x00
16,10,4,4,0,0,3,75,0,0x00
16,10,4,5,0,0,3,86,0,0x00
16,10,4,6,0,0,3,75,0,0x00
16,10,4,7,0,0,4,44,43,0x00
16,10,4,8,0,0,4,20,20,0x00
16,10,4,9,0,1,5,0,0,0x00
16,10,5,1,0,1,5,0,0,0x00
16,10,5,2,0,0,4,25,25,0x00
16,10,5,3,0,0,4,50,49,0x00
16,10,5,4,0,0,3,86,0,0x00
16,10,5,5,0,0,3,98,0,0x00
16,10,5,6,0,0,3,86,0,0x00
16,10,5,7,0,0,4,50,49,0x00
16,10,5,8,0,0,4,25,25,0x00
16,10,5,9,0,1,5,0,0,0x00
16,10,6,1,0,1,5,0,0,0x00
16,10,6,2,0,0,4,20,20,0x00
16,10,6,3,0,0,4,44,43,0x00
16,10,6,4,0,0,3,75,0,0x00
16,10,6,5,0,0,3,86,0,0x00
16,10,6,6,0,0,3,75,0,0x00
16,10,6,7,0,0,4,44,43,0x00
16,10,6,8,0,0,4,20,20,0x00
16,10,6,9,0,1,5,0,0,0x00
16,10,7,1,0,1,5,0,0,0x00
16,10,7,2,0,1,5,0,0,0x00
16,10,7,3,0,0,4,26,26,0x00
16,10,7,4,0,0,4,44,43,0x00
16,10,7,5,0,0,4,50,49,0x00
16,10,7,6,0,0,4,44,43,0x00
16,10,7,7,0,0,4,26,26,0x00
16,10,7,8,0,1,5,0,0,0x00
16,10,7,9,0,1,5,0,0,0x00
16,10,8,2,0,1,5,0,0,0x00
16,10,8,3,0,1,5,0,0,0x00
16,10,8,4,0,0,4,20,20,0x00
16,10,8,5,0,0,4,25,25,0x00
16,10,8,6,0,0,4,20,20,0x00
16,10,8,7,0,1,5,0,0,0x00
16,10,8,8,0,1,5,0,0,0x00
16,10,9,3,0,1,5,0,0,0x00
16,10,9,4,0,1,5,0,0,0x00
16,10,9,5,0,1,5,0,0,0x00
16,10,9,6,0,1,5,0,0,0x00
16,10,9,7,0,1,5,0,0,0x00
16,0,1,3,1,1,5,0,0,0x19
16,0,1,4,1,1,5,0,0,0x19
16,0,1,5,1,1,5,0,0,0x19
16,0,1,6,1,1,5,0,0,0x19
16,0,1,7,1,1,5,0,0,0x19
16,0,2,2,1,1,5,0,0,0x19
16,0,2,3,1,1,5,0,0,0x19
16,0,2,4,1,0,4,20,20,0x19
16,0,2,5,1,0,4,25,25,0x19
16,0,2,6,1,0,4,20,20,0x19
16,0,2,7,1,1,5,0,0,0x19
16,0,2,8,1,1,5,0,0,0x19
16,0,3,1,1,1,5,0,0,0x19
16,0,3,2,1,1,5,0,0,0x19
16,0,3,3,1,0,4,26,26,0x19
16,0,3,4,1,0,4,44,43,0x19
16,0,3,5,1,0,4,50,49,0x19
16,0,3,6,1,0,4,44,43,0x19
16,0,3,7,1,0,4,26,26,0x19
16,0,3,8,1,1,5,0,0,0x19
16,0,3,9,1,1,5,0,0,0x19
16,0,4,1,1,1,5,0,0,0x19
16,0,4,2,1,0,4,20,20,0x19
16,0,4,3,1,0,4,44,43,0x19
16,0,4,4,1,0,3,75,0,0x19
16,0,4,5,1,0,3,86,0,0x19
16,0,4,6,1,0,3,75,0,0x19
16,0,4,7,1,0,4,44,43,0x19
16,0,4,8,1,0,4,20,20,0x19
16,0,4,9,1,1,5,0,0,0x19
16,0,5,1,1,1,5,0,0,0x19
16,0,5,2,1,0,4,25,25,0x19
16,0,5,3,1,0,4,50,49,0x19
16,0,5,4,1,0,3,86,0,0x19
16,0,5,5,1,0,3,98,0,0x19
16,0,5,6,1,0,3,86,0,0x19
16,0,5,7,1,0,4,50,49,0x19
16,0,5,8,1,0,4,25,25,0x19
16,0,5,9,1,1,5,0,0,0x19
16,0,6,1,1,1,5,0,0,0x19
16,0,6,2,1,0,4,20,20,0x19
16,0,6,3,1,0,4,44,43,0x19
16,0,6,4,1,0,3,75,0,0x19
16,0,6,5,1,0,3,86,0,0x19
16,0,6,6,1,0,3,75,0,0x19
16,0,6,7,1,0,4,44,43,0x19
16,0,6,8,1,0,4,20,20,0x19
16,0,6,9,1,1,5,0,0,0x19
16,0,7,1,1,1,5,0,0,0x19
16,0,7,2,1,1,5,0,0,0x19
16,0,7,3,1,0,4,26,26,0x19
16,0,7,4,1,0,4,44,43,0x19
16,0,7,5,1,0,4,50,49,0x19
16,0,7,6,1,0,4,44,43,0x19
16,0,7,7,1,0,4,26,26,0x19
16,0,7,8,1,1,5,0,0,0x19
16,0,7,9,1,1,5,0,0,0x19
16,0,8,2,1,1,5,0,0,0x19
16,0,8,3,1,1,5,0,0,0x19
16,0,8,4,1,0,4,20,20,0x19
16,0,8,5,1,0,4,25,25,0x19
16,0,8,6,1,0,4,20,20,0x19
16,0,8,7,1,1,5,0,0,0x19
16,0,8,8,1,1,5,0,0,0x19
16,0,9,3,1,1,5,0,0,0x19
16,0,9,4,1,1,5,0,0,0x19
16,0,9,5,1,1,5,0,0,0x19
16,0,9,6,1,1,5,0,0,0x19
16,0,9,7,1,1,5,0,0,0x19
16,1,2,3,1,1,5,0,0,0x19
16,1,2,4,1,1,5,0,0,0x19
16,1,2,5,1,1,5,0,0,0x19
16,1,2,6,1,1,5,0,0,0x19
16,1,2,7,1,1,5,0,0,0x19
16,1,3,2,1,1,5,0,0,0x19
16,1,3,3,1,1,5,0,0,0x19
16,1,3,4,1,1,5,0,0,0x19
16,1,3,5,1,1,5,0,0,0x19
16,1,3,6,1,1,5,0,0,0x19
16,1,3,7,1,1,5,0,0,0x19
16,1,3,8,1,1,5,0,0,0x19
16,1,4,2,1,1,5,0,0,0x19
16,1,4,3,1,1,5,0,0,0x19
16,1,4,4,1,0,4,21,21,0x19
16,1,4,5,1,0,4,26,26,0x19
16,1,4,6,1,0,4,21,21,0x19
16,1,4,7,1,1,5,0,0,0x19
16,1,4,8,1,1,5,0,0,0x19
16,1,5,2,1,1,5,0,0,0x19
16,1,5,3,1,1,5,0,0,0x19
16,1,5,4,1,0,4,26,26,0x19
16,1,5,5,1,0,4,31,31,0x19
16,1,5,6,1,0,4,26,26,0x19
16,1,5,7,1,1,5,0,0,0x19
16,1,5,8,1,1,5,0,0,0x19
16,1,6,2,1,1,5,0,0,0x19
16,1,6,3,1,1,5,0,0,0x19
16,1,6,4,1,0,4,21,21,0x19
16,1,6,5,1,0,4,26,26,0x19
16,1,6,6,1,0,4,21,21,0x19
16,1,6,7,1,1,5,0,0,0x19
16,1,6,8,1,1,5,0,0,0x19
16,1,7,2,1,1,5,0,0,0x19
16,1,7,3,1,1,5,0,0,0x19
16,1,7,4,1,1,5,0,0,0x19
16,1,7,5,1,1,5,0,0,0x19
16,1,7,6,1,1,5,0,0,0x19
16,1,7,7,1,1,5,0,0,0x19
16,1,7,8,1,1,5,0,0,0x19
16,1,8,3,1,1,5,0,0,0x19
16,1,8,4,1,1,5,0,0,0x19
16,1,8,5,1,1,5,0,0,0x19
16,1,8,6,1,1,5,0,0,0x19
16,1,8,7,1,1,5,0,0,0x19
16,2,2,4,1,1,5,0,0,0x19
16,2,2,5,1,1,5,0,0,0x19
16,2,2,6,1,1,5,0,0,0x19
16,2,3,3,1,1,5,0,0,0x19
16,2,3,4,1,1,5,0,0,0x19
16,2,3,5,1,1,5,0,0,0x19
16,2,3,6,1,1,5,0,0,0x19
16,2,3,7,1,1,5,0,0,0x19
16,2,4,2,1,1,5,0,0,0x19
16,2,4,3,1,1,5,0,0,0x19
16,2,4,4,1,1,5,0,0,0x19
16,2,4,5,1,1,5,0,0,0x19
16,2,4,6,1,1,5,0,0,0x19
16,2,4,7,1,1,5,0,0,0x19
16,2,4,8,1,1,5,0,0,0x19
16,2,5,2,1,1,5,0,0,0x19
16,2,5,3,1,1,5,0,0,0x19
16,2,5,4,1,1,5,0,0,0x19
16,2,5,5,1,1,5,0,0,0x19
16,2,5,6,1,1,5,0,0,0x19
16,2,5,7,1,1,5,0,0,0x19
16,2,5,8,1,1,5,0,0,0x19
16,2,6,2,1,1,5,0,0,0x19
16,2,6,3,1,1,5,0,0,0x19
16,2,6,4,1,1,5,0,0,0x19
16,2,6,5,1,1,5,0,0,0x19
16,2,6,6,1,1,5,0,0,0x19
16,2,6,7,1,1,5,0,0,0x19
16,2,6,8,1,1,5,0,0,0x19
16,2,7,3,1,1,5,0,0,0x19
16,2,7,4,1,1,5,0,0,0x19
16,2,7,5,1,1,5,0,0,0x19
16,2,7,6,1,1,5,0,0,0x19
16,2,7,7,1,1,5,0,0,0x19
16,2,8,4,1,1,5,0,0,0x19
16,2,8,5,1,1,5,0,0,0x19
16,2,8,6,1,1,5,0,0,0x19
16,3,1,4,1,1,5,0,0,0x19
16,3,1,5,1,1,5,0,0,0x19
16,3,1,6,1,1,5,0,0,0x19
16,3,2,2,1,1,5,0,0,0x19
16,3,2,3,1,1,5,0,0,0x19
16,3,2,4,1,1,5,0,0,0x19
16,3,2,5,1,1,5,0,0,0x19
16,3,2,6,1,1,5,0,0,0x19
16,3,2,7,1,1,5,0,0,0x19
16,3,2,8,1,1,5,0,0,0x19
16,3,3,2,1,1,5,0,0,0x19
16,3,3,3,1,0,4,14,14,0x19
16,3,3,4,1,0,4,23,23,0x19
16,3,3,5,1,0,4,26,26,0x19
16,3,3,6,1,0,4,23,23,0x19
16,3,3,7,1,0,4,14,14,0x19
16,3,3,8,1,1,5,0,0,0x19
16,3,4,1,1,1,5,0,0,0x19
16,3,4,2,1,1,5,0,0,0x19
16,3,4,3,1,0,4,23,23,0x19
16,3,4,4,1,0,4,33,32,0x19
16,3,4,5,1,0,4,37,36,0x19
16,3,4,6,1,0,4,33,32,0x19
16,3,4,7,1,0,4,23,23,0x19
16,3,4,8,1,1,5,0,0,0x19
16,3,4,9,1,1,5,0,0,0x19
16,3,5,1,1,1,5,0,0,0x19
16,3,5,2,1,1,5,0,0,0x19
16,3,5,3,1,0,4,26,26,0x19
16,3,5,4,1,0,4,37,36,0x19
16,3,5,5,1,0,4,41,40,0x19
16,3,5,6,1,0,4,37,36,0x19
16,3,5,7,1,0,4,26,26,0x19
16,3,5,8,1,1,5,0,0,0x19
16,3,5,9,1,1,5,0,0,0x19
16,3,6,1,1,1,5,0,0,0x19
16,3,6,2,1,1,5,0,0,0x19
16,3,6,3,1,0,4,23,23,0x19
16,3,6,4,1,0,4,33,32,0x19
16,3,6,5,1,0,4,37,36,0x19
16,3,6,6,1,0,4,33,32,0x19
16,3,6,7,1,0,4,23,23,0x19
16,3,6,8,1,1,5,0,0,0x19
16,3,6,9,1,1,5,0,0,0x19
16,3,7,2,1,1,5,0,0,0x19
16,3,7,3,1,0,4,14,14,0x19
16,3,7,4,1,0,4,23,23,0x19
16,3,7,5,1,0,4,26,26,0x19
16,3,7,6,1,0,4,23,23,0x19
16,3,7,7,1,0,4,14,14,0x19
16,3,7,8,1,1,5,0,0,0x19
16,3,8,2,1,1,5,0,0,0x19
16,3,8,3,1,1,5,0,0,0x19
16,3,8,4,1,1,5,0,0,0x19
16,3,8,5,1,1,5,0,0,0x19
16,3,8,6,1,1,5,0,0,0x19
16,3,8,7,1,1,5,0,0,0x19
16,3,8,8,1,1,5,0,0,0x19
16,3,9,4,1,1,5,0,0,0x19
16,3,9,5,1,1,5,0,0,0x19
16,3,9,6,1,1,5,0,0,0x19
16,4,0,4,1,1,5,0,0,0x19
16,4,0,5,1,1,5,0,0,0x19
16,4,0,6,1,1,5,0,0,0x19
16,4,1,2,1,1,5,0,0,0x19
16,4,1,3,1,1,5,0,0,0x19
16,4,1,4,1,1,5,0,0,0x19
16,4,1,5,1,1,5,0,0,0x19
16,4,1,6,1,1,5,0,0,0x19
16,4,1,7,1,1,5,0,0,0x19
16,4,1,8,1,1,5,0,0,0x19
16,4,2,1,1,1,5,0,0,0x19
16,4,2,2,1,1,5,0,0,0x19
16,4,2,3,1,0,4,19,19,0x19
16,4,2,4,1,0,4,30,30,0x19
16,4,2,5,1,0,4,32,31,0x19
16,4,2,6,1,0,4,30,30,0x19
16,4,2,7,1,0,4,19,19,0x19
16,4,2,8,1,1,5,0,0,0x19
16,4,2,9,1,1,5,0,0,0x19
16,4,3,1,1,1,5,0,0,0x19
16,4,3,2,1,0,4,19,19,0x19
16,4,3,3,1,0,4,42,41,0x19
16,4,3,4,1,0,3,65,0,0x19
16,4,3,5,1,0,3,74,0,0x19
16,4,3,6,1,0,3,65,0,0x19
16,4,3,7,1,0,4,42,41,0x19
16,4,3,8,1,0,4,19,19,0x19
16,4,3,9,1,1,5,0,0,0x19
16,4,4,0,1,1,5,0,0,0x19
16,4,4,1,1,1,5,0,0,0x19
16,4,4,2,1,0,4,30,30,0x19
16,4,4,3,1,0,3,65,0,0x19
16,4,4,4,1,0,3,94,0,0x19
16,4,4,5,1,0,3,105,0,0x19
16,4,4,6,1,0,3,94,0,0x19
16,4,4,7,1,0,3,65,0,0x19
16,4,4,8,1,0,4,30,30,0x19
16,4,4,9,1,1,5,0,0,0x19
16,4,4,10,1,1,5,0,0,0x19
16,4,5,0,1,1,5,0,0,0x19
16,4,5,1,1,1,5,0,0,0x19
16,4,5,2,1,0,4,32,31,0x19
16,4,5,3,1,0,3,74,0,0x19
16,4,5,4,1,0,3,105,0,0x19
16,4,5,5,1,0,3,116,0,0x19
16,4,5,6,1,0,3,105,0,0x19
16,4,5,7,1,0,3,74,0,0x19
16,4,5,8,1,0,4,32,31,0x19
16,4,5,9,1,1,5,0,0,0x19
16,4,5,10,1,1,5,0,0,0x19
16,4,6,0,1,1,5,0,0,0x19
16,4,6,1,1,1,5,0,0,0x19
16,4,6,2,1,0,4,30,30,0x19
16,4,6,3,1,0,3,65,0,0x19
16,4,6,4,1,0,3,94,0,0x19
16,4,6,5,1,0,3,105,0,0x19
16,4,6,6,1,0,3,94,0,0x19
16,4,6,7,1,0,3,65,0,0x19
16,4,6,8,1,0,4,30,30,0x19
16,4,6,9,1,1,5,0,0,0x19
16,4,6,10,1,1,5,0,0,0x19
16,4,7,1,1,1,5,0,0,0x19
16,4,7,2,1,0,4,19,19,0x19
16,4,7,3,1,0,4,42,41,0x19
16,4,7,4,1,0,3,65,0,0x19
16,4,7,5,1,0,3,74,0,0x19
16,4,7,6,1,0,3,65,0,0x19
16,4,7,7,1,0,4,42,41,0x19
16,4,7,8,1,0,4,19,19,0x19
16,4,7,9,1,1,5,0,0,0x19
16,4,8,1,1,1,5,0,0,0x19
16,4,8,2,1,1,5,0,0,0x19
16,4,8,3,1,0,4,19,19,0x19
16,4,8,4,1,0,4,30,30,0x19
16,4,8,5,1,0,4,32,31,0x19
16,4,8,6,1,0,4,30,30,0x19
16,4,8,7,1,0,4,19,19,0x19
16,4,8,8,1,1,5,0,0,0x19
16,4,8,9,1,1,5,0,0,0x19
16,4,9,2,1,1,5,0,0,0x19
16,4,9,3,1,1,5,0,0,0x19
16,4,9,4,1,1,5,0,0,0x19
16,4,9,5,1,1,5,0,0,0x19
16,4,9,6,1,1,5,0,0,0x19
16,4,9,7,1,1,5,0,0,0x19
16,4,9,8,1,1,5,0,0,0x19
16,4,10,4,1,1,5,0,0,0x19
16,4,10,5,1,1,5,0,0,0x19
16,4,10,6,1,1,5,0,0,0x19
16,5,0,3,1,1,5,0,0,0x19
16,5,0,4,1,1,5,0,0,0x19
16,5,0,5,1,1,5,0,0,0x19
16,5,0,6,1,1,5,0,0,0x19
16,5,0,7,1,1,5,0,0,0x19
16,5,1,2,1,1,5,0,0,0x19
16,5,1,3,1,0,4,15,15,0x19
16,5,1,4,1,0,4,23,23,0x19
16,5,1,5,1,0,4,26,26,0x19
16,5,1,6,1,0,4,23,23,0x19
16,5,1,7,1,0,4,15,15,0x19
16,5,1,8,1,1,5,0,0,0x19
16,5,2,1,1,1,5,0,0,0x19
16,5,2,2,1,0,4,19,19,0x19
16,5,2,3,1,0,4,43,42,0x19
16,5,2,4,1,0,3,66,0,0x19
16,5,2,5,1,0,3,76,0,0x19
16,5,2,6,1,0,3,66,0,0x19
16,5,2,7,1,0,4,43,42,0x19
16,5,2,8,1,0,4,19,19,0x19
16,5,2,9,1,1,5,0,0,0x19
16,5,3,0,1,1,5,0,0,0x19
16,5,3,1,1,0,4,15,15,0x19
16,5,3,2,1,0,4,43,42,0x19
16,5,3,3,1,0,3,86,0,0x19
16,5,3,4,1,0,3,129,0,0x19
16,5,3,5,1,0,2,164,12,0x19
16,5,3,6,1,0,3,129,0,0x19
16,5,3,7,1,0,3,86,0,0x19
16,5,3,8,1,0,4,43,42,0x19
16,5,3,9,1,0,4,15,15,0x19
16,5,3,10,1,1,5,0,0,0x19
16,5,4,0,1,1,5,0,0,0x19
16,5,4,1,1,0,4,23,23,0x19
16,5,4,2,1,0,3,66,0,0x19
16,5,4,3,1,0,3,129,0,0x19
16,5,4,4,1,0,2,193,12,0x19
16,5,4,5,1,0,2,219,12,0x19
16,5,4,6,1,0,2,193,12,0x19
16,5,4,7,1,0,3,129,0,0x19
16,5,4,8,1,0,3,66,0,0x19
16,5,4,9,1,0,4,23,23,0x19
16,5,4,10,1,1,5,0,0,0x19
16,5,5,0,1,1,5,0,0,0x19
16,5,5,1,1,0,4,26,26,0x19
16,5,5,2,1,0,3,76,0,0x19
16,5,5,3,1,0,2,164,12,0x19
16,5,5,4,1,0,2,219,12,0x19
16,5,5,5,1,0,2,235,11,0x19
16,5,5,6,1,0,2,219,12,0x19
16,5,5,7,1,0,2,164,12,0x19
16,5,5,8,1,0,3,76,0,0x19
16,5,5,9,1,0,4,26,26,0x19
16,5,5,10,1,1,5,0,0,0x19
16,5,6,0,1,1,5,0,0,0x19
16,5,6,1,1,0,4,23,23,0x19
16,5,6,2,1,0,3,66,0,0x19
16,5,6,3,1,0,3,129,0,0x19
16,5,6,4,1,0,2,193,12,0x19
16,5,6,5,1,0,2,219,12,0x19
16,5,6,6,1,0,2,193,12,0x19
16,5,6,7,1,0,3,129,0,0x19
16,5,6,8,1,0,3,66,0,0x19
16,5,6,9,1,0,4,23,23,0x19
16,5,6,10,1,1,5,0,0,0x19
16,5,7,0,1,1,5,0,0,0x19
16,5,7,1,1,0,4,15,15,0x19
16,5,7,2,1,0,4,43,42,0x19
16,5,7,3,1,0,3,86,0,0x19
16,5,7,4,1,0,3,129,0,0x19
16,5,7,5,1,0,2,164,12,0x19
16,5,7,6,1,0,3,129,0,0x19
16,5,7,7,1,0,3,86,0,0x19
16,5,7,8,1,0,4,43,42,0x19
16,5,7,9,1,0,4,15,15,0x19
16,5,7,10,1,1,5,0,0,0x19
16,5,8,1,1,1,5,0,0,0x19
16,5,8,2,1,0,4,19,19,0x19
16,5,8,3,1,0,4,43,42,0x19
16,5,8,4,1,0,3,66,0,0x19
16,5,8,5,1,0,3,76,0,0x19
16,5,8,6,1,0,3,66,0,0x19
16,5,8,7,1,0,4,43,42,0x19
16,5,8,8,1,0,4,19,19,0x19
16,5,8,9,1,1,5,0,0,0x19
16,5,9,2,1,1,5,0,0,0x19
16,5,9,3,1,0,4,15,15,0x19
16,5,9,4,1,0,4,23,23,0x19
16,5,9,5,1,0,4,26,26,0x19
16,5,9,6,1,0,4,23,23,0x19
16,5,9,7,1,0,4,15,15,0x19
16,5,9,8,1,1,5,0,0,0x19
16,5,10,3,1,1,5,0,0,0x19
16,5,10,4,1,1,5,0,0,0x19
16,5,10,5,1,1,5,0,0,0x19
16,5,10,6,1,1,5,0,0,0x19
16,5,10,7,1,1,5,0,0,0x19
16,6,0,2,1,1,5,0,0,0x19
16,6,0,3,1,1,5,0,0,0x19
16,6,0,4,1,1,5,0,0,0x19
16,6,0,5,1,1,5,0,0,0x19
16,6,0,6,1,1,5,0,0,0x19
16,6,0,7,1,1,5,0,0,0x19
16,6,0,8,1,1,5,0,0,0x19
16,6,1,1,1,1,5,0,0,0x19
16,6,1,2,1,1,5,0,0,0x19
16,6,1,3,1,0,4,24,24,0x19
16,6,1,4,1,0,4,35,34,0x19
16,6,1,5,1,0,4,39,38,0x19
16,6,1,6,1,0,4,35,34,0x19
16,6,1,7,1,0,4,24,24,0x19
16,6,1,8,1,1,5,0,0,0x19
16,6,1,9,1,1,5,0,0,0x19
16,6,2,0,1,1,5,0,0,0x19
16,6,2,1,1,1,5,0,0,0x19
16,6,2,2,1,0,4,31,31,0x19
16,6,2,3,1,0,3,69,0,0x19
16,6,2,4,1,0,3,99,0,0x19
16,6,2,5,1,0,3,110,0,0x19
16,6,2,6,1,0,3,99,0,0x19
16,6,2,7,1,0,3,69,0,0x19
16,6,2,8,1,0,4,31,31,0x19
16,6,2,9,1,1,5,0,0,0x19
16,6,2,10,1,1,5,0,0,0x19
16,6,3,0,1,1,5,0,0,0x19
16,6,3,1,1,0,4,24,24,0x19
16,6,3,2,1,0,3,69,0,0x19
16,6,3,3,1,0,3,137,0,0x19
16,6,3,4,1,0,2,207,11,0x19
16,6,3,5,1,0,2,234,11,0x19
16,6,3,6,1,0,2,207,11,0x19
16,6,3,7,1,0,3,137,0,0x19
16,6,3,8,1,0,3,69,0,0x19
16,6,3,9,1,0,4,24,24,0x19
16,6,3,10,1,1,5,0,0,0x19
16,6,4,0,1,1,5,0,0,0x19
16,6,4,1,1,0,4,35,34,0x19
16,6,4,2,1,0,3,99,0,0x19
16,6,4,3,1,0,2,207,11,0x19
16,6,4,4,1,0,1,277,11,0x19
16,6,4,5,1,0,1,303,12,0x19
16,6,4,6,1,0,1,277,11,0x19
16,6,4,7,1,0,2,207,11,0x19
16,6,4,8,1,0,3,99,0,0x19
16,6,4,9,1,0,4,35,34,0x19
16,6,4,10,1,1,5,0,0,0x19
16,6,5,0,1,1,5,0,0,0x19
16,6,5,1,1,0,4,39,38,0x19
16,6,5,2,1,0,3,110,0,0x19
16,6,5,3,1,0,2,234,11,0x19
16,6,5,4,1,0,1,303,12,0x19
16,6,5,5,1,0,1,317,12,0x19
16,6,5,6,1,0,1,303,12,0x19
16,6,5,7,1,0,2,234,11,0x19
16,6,5,8,1,0,3,110,0,0x19
16,6,5,9,1,0,4,39,38,0x19
16,6,5,10,1,1,5,0,0,0x19
16,6,6,0,1,1,5,0,0,0x19
16,6,6,1,1,0,4,35,34,0x19
16,6,6,2,1,0,3,99,0,0x19
16,6,6,3,1,0,2,207,11,0x19
16,6,6,4,1,0,1,277,11,0x19
16,6,6,5,1,0,1,303,12,0x19
16,6,6,6,1,0,1,277,11,0x19
16,6,6,7,1,0,2,207,11,0x19
16,6,6,8,1,0,3,99,0,0x19
16,6,6,9,1,0,4,35,34,0x19
16,6,6,10,1,1,5,0,0,0x19
16,6,7,0,1,1,5,0,0,0x19
16,6,7,1,1,0,4,24,24,0x19
16,6,7,2,1,0,3,69,0,0x19
16,6,7,3,1,0,3,137,0,0x19
16,6,7,4,1,0,2,207,11,0x19
16,6,7,5,1,0,2,234,11,0x19
16,6,7,6,1,0,2,207,11,0x19
16,6,7,7,1,0,3,137,0,0x19
16,6,7,8,1,0,3,69,0,0x19
16,6,7,9,1,0,4,24,24,0x19
16,6,7,10,1,1,5,0,0,0x19
16,6,8,0,1,1,5,0,0,0x19
16,6,8,1,1,1,5,0,0,0x19
16,6,8,2,1,0,4,31,31,0x19
16,6,8,3,1,0,3,69,0,0x19
16,6,8,4,1,0,3,99,0,0x19
16,6,8,5,1,0,3,110,0,0x19
16,6,8,6,1,0,3,99,0,0x19
16,6,8,7,1,0,3,69,0,0x19
16,6,8,8,1,0,4,31,31,0x19
16,6,8,9,1,1,5,0,0,0x19
16,6,8,10,1,1,5,0,0,0x19
16,6,9,1,1,1,5,0,0,0x19
16,6,9,2,1,1,5,0,0,0x19
16,6,9,3,1,0,4,24,24,0x19
16,6,9,4,1,0,4,35,34,0x19
16,6,9,5,1,0,4,39,38,0x19
16,6,9,6,1,0,4,35,34,0x19
16,6,9,7,1,0,4,24,24,0x19
16,6,9,8,1,1,5,0,0,0x19
16,6,9,9,1,1,5,0,0,0x19
16,6,10,2,1,1,5,0,0,0x19
16,6,10,3,1,1,5,0,0,0x19
16,6,10,4,1,1,5,0,0,0x19
16,6,10,5,1,1,5,0,0,0x19
16,6,10,6,1,1,5,0,0,0x19
16,6,10,7,1,1,5,0,0,0x19
16,6,10,8,1,1,5,0,0,0x19
16,7,0,2,1,1,5,0,0,0x19
16,7,0,3,1,1,5,0,0,0x19
16,7,0,4,1,1,5,0,0,0x19
16,7,0,5,1,1,5,0,0,0x19
16,7,0,6,1,1,5,0,0,0x19
16,7,0,7,1,1,5,0,0,0x19
16,7,0,8,1,1,5,0,0,0x19
16,7,1,1,1,1,5,0,0,0x19
16,7,1,2,1,1,5,0,0,0x19
16,7,1,3,1,0,4,29,29,0x19
16,7,1,4,1,0,4,41,40,0x19
16,7,1,5,1,0,4,46,45,0x19
16,7,1,6,1,0,4,41,40,0x19
16,7,1,7,1,0,4,29,29,0x19
16,7,1,8,1,1,5,0,0,0x19
16,7,1,9,1,1,5,0,0,0x19
16,7,2,0,1,1,5,0,0,0x19
16,7,2,1,1,1,5,0,0,0x19
16,7,2,2,1,0,4,36,35,0x19
16,7,2,3,1,0,3,84,0,0x19
16,7,2,4,1,0,3,116,0,0x19
16,7,2,5,1,0,3,127,0,0x19
16,7,2,6,1,0,3,116,0,0x19
16,7,2,7,1,0,3,84,0,0x19
16,7,2,8,1,0,4,36,35,0x19
16,7,2,9,1,1,5,0,0,0x19
16,7,2,10,1,1,5,0,0,0x19
16,7,3,0,1,1,5,0,0,0x19
16,7,3,1,1,0,4,29,29,0x19
16,7,3,2,1,0,3,84,0,0x19
16,7,3,3,1,0,2,177,11,0x19
16,7,3,4,1,0,2,244,12,0x19
16,7,3,5,1,0,2,259,12,0x19
16,7,3,6,1,0,2,244,12,0x19
16,7,3,7,1,0,2,177,11,0x19
16,7,3,8,1,0,3,84,0,0x19
16,7,3,9,1,0,4,29,29,0x19
16,7,3,10,1,1,5,0,0,0x19
16,7,4,0,1,1,5,0,0,0x19
16,7,4,1,1,0,4,41,40,0x19
16,7,4,2,1,0,3,116,0,0x19
16,7,4,3,1,0,2,244,12,0x19
16,7,4,4,1,0,1,313,12,0x19
16,7,4,5,1,0,1,336,11,0x19
16,7,4,6,1,0,1,313,12,0x19
16,7,4,7,1,0,2,244,12,0x19
16,7,4,8,1,0,3,116,0,0x19
16,7,4,9,1,0,4,41,40,0x19
16,7,4,10,1,1,5,0,0,0x19
16,7,5,0,1,1,5,0,0,0x19
16,7,5,1,1,0,4,46,45,0x19
16,7,5,2,1,0,3,127,0,0x19
16,7,5,3,1,0,2,259,12,0x19
16,7,5,4,1,0,1,336,11,0x19
16,7,5,5,1,0,0,353,13,0x19
16,7,5,6,1,0,1,336,11,0x19
16,7,5,7,1,0,2,259,12,0x19
16,7,5,8,1,0,3,127,0,0x19
16,7,5,9,1,0,4,46,45,0x19
16,7,5,10,1,1,5,0,0,0x19
16,7,6,0,1,1,5,0,0,0x19
16,7,6,1,1,0,4,41,40,0x19
16,7,6,2,1,0,3,116,0,0x19
16,7,6,3,1,0,2,244,12,0x19
16,7,6,4,1,0,1,313,12,0x19
16,7,6,5,1,0,1,336,11,0x19
16,7,6,6,1,0,1,313,12,0x19
16,7,6,7,1,0,2,244,12,0x19
16,7,6,8,1,0,3,116,0,0x19
16,7,6,9,1,0,4,41,40,0x19
16,7,6,10,1,1,5,0,0,0x19
16,7,7,0,1,1,5,0,0,0x19
16,7,7,1,1,0,4,29,29,0x19
16,7,7,2,1,0,3,84,0,0x19
16,7,7,3,1,0,2,177,11,0x19
16,7,7,4,1,0,2,244,12,0x19
16,7,7,5,1,0,2,259,12,0x19
16,7,7,6,1,0,2,244,12,0x19
16,7,7,7,1,0,2,177,11,0x19
16,7,7,8,1,0,3,84,0,0x19
16,7,7,9,1,0,4,29,29,0x19
16,7,7,10,1,1,5,0,0,0x19
16,7,8,0,1,1,5,0,0,0x19
16,7,8,1,1,1,5,0,0,0x19
16,7,8,2,1,0,4,36,35,0x19
16,7,8,3,1,0,3,84,0,0x19
16,7,8,4,1,0,3,116,0,0x19
16,7,8,5,1,0,3,127,0,0x19
16,7,8,6,1,0,3,116,0,0x19
16,7,8,7,1,0,3,84,0,0x19
16,7,8,8,1,0,4,36,35,0x19
16,7,8,9,1,1,5,0,0,0x19
16,7,8,10,1,1,5,0,0,0x19
16,7,9,1,1,1,5,0,0,0x19
16,7,9,2,1,1,5,0,0,0x19
16,7,9,3,1,0,4,29,29,0x19
16,7,9,4,1,0,4,41,40,0x19
16,7,9,5,1,0,4,46,45,0x19
16,7,9,6,1,0,4,41,40,0x19
16,7,9,7,1,0,4,29,29,0x19
16,7,9,8,1,1,5,0,0,0x19
16,7,9,9,1,1,5,0,0,0x19
16,7,10,2,1,1,5,0,0,0x19
16,7,10,3,1,1,5,0,0,0x19
16,7,10,4,1,1,5,0,0,0x19
16,7,10,5,1,1,5,0,0,0x19
16,7,10,6,1,1,5,0,0,0x19
16,7,10,7,1,1,5,0,0,0x19
16,7,10,8,1,1,5,0,0,0x19
16,8,0,2,1,1,5,0,0,0x19
16,8,0,3,1,1,5,0,0,0x19
16,8,0,4,1,1,5,0,0,0x19
16,8,0,5,1,1,5,0,0,0x19
16,8,0,6,1,1,5,0,0,0x19
16,8,0,7,1,1,5,0,0,0x19
16,8,0,8,1,1,5,0,0,0x19
16,8,1,1,1,1,5,0,0,0x19
16,8,1,2,1,1,5,0,0,0x19
16,8,1,3,1,0,4,28,28,0x19
16,8,1,4,1,0,4,40,39,0x19
16,8,1,5,1,0,4,44,43,0x19
16,8,1,6,1,0,4,40,39,0x19
16,8,1,7,1,0,4,28,28,0x19
16,8,1,8,1,1,5,0,0,0x19
16,8,1,9,1,1,5,0,0,0x19
16,8,2,0,1,1,5,0,0,0x19
16,8,2,1,1,1,5,0,0,0x19
16,8,2,2,1,0,4,35,34,0x19
16,8,2,3,1,0,3,82,0,0x19
16,8,2,4,1,0,3,113,0,0x19
16,8,2,5,1,0,3,124,0,0x19
16,8,2,6,1,0,3,113,0,0x19
16,8,2,7,1,0,3,82,0,0x19
16,8,2,8,1,0,4,35,34,0x19
16,8,2,9,1,1,5,0,0,0x19
16,8,2,10,1,1,5,0,0,0x19
16,8,3,0,1,1,5,0,0,0x19
16,8,3,1,1,0,4,28,28,0x19
16,8,3,2,1,0,3,82,0,0x19
16,8,3,3,1,0,2,177,11,0x19
16,8,3,4,1,0,2,240,11,0x19
16,8,3,5,1,0,2,255,12,0x19
16,8,3,6,1,0,2,240,11,0x19
16,8,3,7,1,0,2,177,11,0x19
16,8,3,8,1,0,3,82,0,0x19
16,8,3,9,1,0,4,28,28,0x19
16,8,3,10,1,1,5,0,0,0x19
16,8,4,0,1,1,5,0,0,0x19
16,8,4,1,1,0,4,40,39,0x19
16,8,4,2,1,0,3,113,0,0x19
16,8,4,3,1,0,2,240,11,0x19
16,8,4,4,1,0,1,315,12,0x19
16,8,4,5,1,0,1,335,11,0x19
16,8,4,6,1,0,1,315,12,0x19
16,8,4,7,1,0,2,240,11,0x19
16,8,4,8,1,0,3,113,0,0x19
16,8,4,9,1,0,4,40,39,0x19
16,8,4,10,1,1,5,0,0,0x19
16,8,5,0,1,1,5,0,0,0x19
16,8,5,1,1,0,4,44,43,0x19
16,8,5,2,1,0,3,124,0,0x19
16,8,5,3,1,0,2,255,12,0x19
16,8,5,4,1,0,1,335,11,0x19
16,8,5,5,1,0,0,362,11,0x3F
16,8,5,6,1,0,1,335,11,0x19
16,8,5,7,1,0,2,255,12,0x19
16,8,5,8,1,0,3,124,0,0x19
16,8,5,9,1,0,4,44,43,0x19
16,8,5,10,1,1,5,0,0,0x19
16,8,6,0,1,1,5,0,0,0x19
16,8,6,1,1,0,4,40,39,0x19
16,8,6,2,1,0,3,113,0,0x19
16,8,6,3,1,0,2,240,11,0x19
16,8,6,4,1,0,1,315,12,0x19
16,8,6,5,1,0,1,335,11,0x19
16,8,6,6,1,0,1,315,12,0x19
16,8,6,7,1,0,2,240,11,0x19
16,8,6,8,1,0,3,113,0,0x19
16,8,6,9,1,0,4,40,39,0x19
16,8,6,10,1,1,5,0,0,0x19
16,8,7,0,1,1,5,0,0,0x19
16,8,7,1,1,0,4,28,28,0x19
16,8,7,2,1,0,3,82,0,0x19
16,8,7,3,1,0,2,177,11,0x19
16,8,7,4,1,0,2,240,11,0x19
16,8,7,5,1,0,2,255,12,0x19
16,8,7,6,1,0,2,240,11,0x19
16,8,7,7,1,0,2,177,11,0x19
16,8,7,8,1,0,3,82,0,0x19
16,8,7,9,1,0,4,28,28,0x19
16,8,7,10,1,1,5,0,0,0x19
16,8,8,0,1,1,5,0,0,0x19
16,8,8,1,1,1,5,0,0,0x19
16,8,8,2,1,0,4,35,34,0x19
16,8,8,3,1,0,3,82,0,0x19
16,8,8,4,1,0,3,113,0,0x19
16,8,8,5,1,0,3,124,0,0x19
16,8,8,6,1,0,3,113,0,0x19
16,8,8,7,1,0,3,82,0,0x19
16,8,8,8,1,0,4,35,34,0x19
16,8,8,9,1,1,5,0,0,0x19
16,8,8,10,1,1,5,0,0,0x19
16,8,9,1,1,1,5,0,0,0x19
16,8,9,2,1,1,5,0,0,0x19
16,8,9,3,1,0,4,28,28,0x19
16,8,9,4,1,0,4,40,39,0x19
16,8,9,5,1,0,4,44,43,0x19
16,8,9,6,1,0,4,40,39,0x19
16,8,9,7,1,0,4,28,28,0x19
16,8,9,8,1,1,5,0,0,0x19
16,8,9,9,1,1,5,0,0,0x19
16,8,10,2,1,1,5,0,0,0x19
16,8,10,3,1,1,5,0,0,0x19
16,8,10,4,1,1,5,0,0,0x19
16,8,10,5,1,1,5,0,0,0x19
16,8,10,6,1,1,5,0,0,0x19
16,8,10,7,1,1,5,0,0,0x19
16,8,10,8,1,1,5,0,0,0x19
16,9,0,2,1,1,5,0,0,0x19
16,9,0,3,1,1,5,0,0,0x19
16,9,0,4,1,1,5,0,0,0x19
16,9,0,5,1,1,5,0,0,0x19
16,9,0,6,1,1,5,0,0,0x19
16,9,0,7,1,1,5,0,0,0x19
16,9,0,8,1,1,5,0,0,0x19
16,9,1,1,1,1,5,0,0,0x19
16,9,1,2,1,1,5,0,0,0x19
16,9,1,3,1,0,4,20,20,0x19
16,9,1,4,1,0,4,31,31,0x19
16,9,1,5,1,0,4,35,34,0x19
16,9,1,6,1,0,4,31,31,0x19
16,9,1,7,1,0,4,20,20,0x19
16,9,1,8,1,1,5,0,0,0x19
16,9,1,9,1,1,5,0,0,0x19
16,9,2,0,1,1,5,0,0,0x19
16,9,2,1,1,1,5,0,0,0x19
16,9,2,2,1,0,4,29,29,0x19
16,9,2,3,1,0,3,63,0,0x19
16,9,2,4,1,0,3,91,0,0x19
16,9,2,5,1,0,3,101,0,0x19
16,9,2,6,1,0,3,91,0,0x19
16,9,2,7,1,0,3,63,0,0x19
16,9,2,8,1,0,4,29,29,0x19
16,9,2,9,1,1,5,0,0,0x19
16,9,2,10,1,1,5,0,0,0x19
16,9,3,0,1,1,5,0,0,0x19
16,9,3,1,1,0,4,20,20,0x19
16,9,3,2,1,0,3,63,0,0x19
16,9,3,3,1,0,3,127,0,0x19
16,9,3,4,1,0,2,197,12,0x19
16,9,3,5,1,0,2,214,12,0x19
16,9,3,6,1,0,2,197,12,0x19
16,9,3,7,1,0,3,127,0,0x19
16,9,3,8,1,0,3,63,0,0x19
16,9,3,9,1,0,4,20,20,0x19
16,9,3,10,1,1,5,0,0,0x19
16,9,4,0,1,1,5,0,0,0x19
16,9,4,1,1,0,4,31,31,0x19
16,9,4,2,1,0,3,91,0,0x19
16,9,4,3,1,0,2,197,12,0x19
16,9,4,4,1,0,1,265,11,0x19
16,9,4,5,1,0,1,286,10,0x19
16,9,4,6,1,0,1,265,11,0x19
16,9,4,7,1,0,2,197,12,0x19
16,9,4,8,1,0,3,91,0,0x19
16,9,4,9,1,0,4,31,31,0x19
16,9,4,10,1,1,5,0,0,0x19
16,9,5,0,1,1,5,0,0,0x19
16,9,5,1,1,0,4,35,34,0x19
16,9,5,2,1,0,3,101,0,0x19
16,9,5,3,1,0,2,214,12,0x19
16,9,5,4,1,0,1,286,10,0x19
16,9,5,5,1,0,1,313,12,0x19
16,9,5,6,1,0,1,286,10,0x19
16,9,5,7,1,0,2,214,12,0x19
16,9,5,8,1,0,3,101,0,0x19
16,9,5,9,1,0,4,35,34,0x19
16,9,5,10,1,1,5,0,0,0x19
16,9,6,0,1,1,5,0,0,0x19
16,9,6,1,1,0,4,31,31,0x19
16,9,6,2,1,0,3,91,0,0x19
16,9,6,3,1,0,2,197,12,0x19
16,9,6,4,1,0,1,265,11,0x19
16,9,6,5,1,0,1,286,10,0x19
16,9,6,6,1,0,1,265,11,0x19
16,9,6,7,1,0,2,197,12,0x19
16,9,6,8,1,0,3,91,0,0x19
16,9,6,9,1,0,4,31,31,0x19
16,9,6,10,1,1,5,0,0,0x19
16,9,7,0,1,1,5,0,0,0x19
16,9,7,1,1,0,4,20,20,0x19
16,9,7,2,1,0,3,63,0,0x19
16,9,7,3,1,0,3,127,0,0x19
16,9,7,4,1,0,2,197,12,0x19
16,9,7,5,1,0,2,214,12,0x19
16,9,7,6,1,0,2,197,12,0x19
16,9,7,7,1,0,3,127,0,0x19
16,9,7,8,1,0,3,63,0,0x19
16,9,7,9,1,0,4,20,20,0x19
16,9,7,10,1,1,5,0,0,0x19
16,9,8,0,1,1,5,0,0,0x19
16,9,8,1,1,1,5,0,0,0x19
16,9,8,2,1,0,4,29,29,0x19
16,9,8,3,1,0,3,63,0,0x19
16,9,8,4,1,0,3,91,0,0x19
16,9,8,5,1,0,3,101,0,0x19
16,9,8,6,1,0,3,91,0,0x19
16,9,8,7,1,0,3,63,0,0x19
16,9,8,8,1,0,4,29,29,0x19
16,9,8,9,1,1,5,0,0,0x19
16,9,8,10,1,1,5,0,0,0x19
16,9,9,1,1,1,5,0,0,0x19
16,9,9,2,1,1,5,0,0,0x19
16,9,9,3,1,0,4,20,20,0x19
16,9,9,4,1,0,4,31,31,0x19
16,9,9,5,1,0,4,35,34,0x19
16,9,9,6,1,0,4,31,31,0x19
16,9,9,7,1,0,4,20,20,0x19
16,9,9,8,1,1,5,0,0,0x19
16,9,9,9,1,1,5,0,0,0x19
16,9,10,2,1,1,5,0,0,0x19
16,9,10,3,1,1,5,0,0,0x19
16,9,10,4,1,1,5,0,0,0x19
16,9,10,5,1,1,5,0,0,0x19
16,9,10,6,1,1,5,0,0,0x19
16,9,10,7,1,1,5,0,0,0x19
16,9,10,8,1,1,5,0,0,0x19
16,10,0,3,1,1,5,0,0,0x19
16,10,0,4,1,1,5,0,0,0x19
16,10,0,5,1,1,5,0,0,0x19
16,10,0,6,1,1,5,0,0,0x19
16,10,0,7,1,1,5,0,0,0x19
16,10,1,2,1,1,5,0,0,0x19
16,10,1,3,1,1,5,0,0,0x19
16,10,1,4,1,0,4,17,17,0x19
16,10,1,5,1,0,4,21,21,0x19
16,10,1,6,1,0,4,17,17,0x19
16,10,1,7,1,1,5,0,0,0x19
16,10,1,8,1,1,5,0,0,0x19
16,10,2,1,1,1,5,0,0,0x19
16,10,2,2,1,0,4,15,15,0x19
16,10,2,3,1,0,4,31,31,0x19
16,10,2,4,1,0,4,52,51,0x19
16,10,2,5,1,0,3,62,0,0x19
16,10,2,6,1,0,4,52,51,0x19
16,10,2,7,1,0,4,31,31,0x19
16,10,2,8,1,0,4,15,15,0x19
16,10,2,9,1,1,5,0,0,0x19
16,10,3,0,1,1,5,0,0,0x19
16,10,3,1,1,1,5,0,0,0x19
16,10,3,2,1,0,4,31,31,0x19
16,10,3,3,1,0,3,71,0,0x19
16,10,3,4,1,0,3,110,0,0x19
16,10,3,5,1,0,3,123,0,0x19
16,10,3,6,1,0,3,110,0,0x19
16,10,3,7,1,0,3,71,0,0x19
16,10,3,8,1,0,4,31,31,0x19
16,10,3,9,1,1,5,0,0,0x19
16,10,3,10,1,1,5,0,0,0x19
16,10,4,0,1,1,5,0,0,0x19
16,10,4,1,1,0,4,17,17,0x19
16,10,4,2,1,0,4,52,51,0x19
16,10,4,3,1,0,3,110,0,0x19
16,10,4,4,1,0,2,184,12,0x19
16,10,4,5,1,0,2,199,11,0x19
16,10,4,6,1,0,2,184,12,0x19
16,10,4,7,1,0,3,110,0,0x19
16,10,4,8,1,0,4,52,51,0x19
16,10,4,9,1,0,4,17,17,0x19
16,10,4,10,1,1,5,0,0,0x19
16,10,5,0,1,1,5,0,0,0x19
16,10,5,1,1,0,4,21,21,0x19
16,10,5,2,1,0,3,62,0,0x19
16,10,5,3,1,0,3,123,0,0x19
16,10,5,4,1,0,2,199,11,0x19
16,10,5,5,1,0,2,228,11,0x19
16,10,5,6,1,0,2,199,11,0x19
16,10,5,7,1,0,3,123,0,0x19
16,10,5,8,1,0,3,62,0,0x19
16,10,5,9,1,0,4,21,21,0x19
16,10,5,10,1,1,5,0,0,0x19
16,10,6,0,1,1,5,0,0,0x19
16,10,6,1,1,0,4,17,17,0x19
16,10,6,2,1,0,4,52,51,0x19
16,10,6,3,1,0,3,110,0,0x19
16,10,6,4,1,0,2,184,12,0x19
16,10,6,5,1,0,2,199,11,0x19
16,10,6,6,1,0,2,184,12,0x19
16,10,6,7,1,0,3,110,0,0x19
16,10,6,8,1,0,4,52,51,0x19
16,10,6,9,1,0,4,17,17,0x19
16,10,6,10,1,1,5,0,0,0x19
16,10,7,0,1,1,5,0,0,0x19
16,10,7,1,1,1,5,0,0,0x19
16,10,7,2,1,0,4,31,31,0x19
16,10,7,3,1,0,3,71,0,0x19
16,10,7,4,1,0,3,110,0,0x19
16,10,7,5,1,0,3,123,0,0x19
16,10,7,6,1,0,3,110,0,0x19
16,10,7,7,1,0,3,71,0,0x19
16,10,7,8,1,0,4,31,31,0x19
16,10,7,9,1,1,5,0,0,0x19
16,10,7,10,1,1,5,0,0,0x19
16,10,8,1,1,1,5,0,0,0x19
16,10,8,2,1,0,4,15,15,0x19
16,10,8,3,1,0,4,31,31,0x19
16,10,8,4,1,0,4,52,51,0x19
16,10,8,5,1,0,3,62,0,0x19
16,10,8,6,1,0,4,52,51,0x19
16,10,8,7,1,0,4,31,31,0x19
16,10,8,8,1,0,4,15,15,0x19
16,10,8,9,1,1,5,0,0,0x19
16,10,9,2,1,1,5,0,0,0x19
16,10,9,3,1,1,5,0,0,0x19
16,10,9,4,1,0,4,17,17,0x19
16,10,9,5,1,0,4,21,21,0x19
16,10,9,6,1,0,4,17,17,0x19
16,10,9,7,1,1,5,0,0,0x19
16,10,9,8,1,1,5,0,0,0x19
16,10,10,3,1,1,5,0,0,0x19
16,10,10,4,1,1,5,0,0,0x19
16,10,10,5,1,1,5,0,0,0x19
16,10,10,6,1,1,5,0,0,0x19
16,10,10,7,1,1,5,0,0,0x19
